,community,province,population,population_type (Census 2016),lat,long,violence_rate,year,nat_avg,community_prov
1,Moncton,NB,71889.0,Census subdivision,46.0878,-64.7782,21,2015,1113.9,"Moncton, NB"
2,Stanley,NB,832.0,Census subdivision,46.2833,-66.73899999999999,33,2015,1113.9,"Stanley, NB"
11,Oak Bay,BC,18094.0,Census subdivision,48.4261,-123.3165,158,2015,1113.9,"Oak Bay, BC"
14,Northumberland (Alnwick/Haldimand),ON,6869.0,Census subdivision,43.9523,-77.9739,166,2015,1113.9,"Northumberland (Alnwick/Haldimand), ON"
20,Ile-d'Orleans Region,QC,93674.0,Federal electoral district,46.916667,-70.9,189,2015,1113.9,"Ile-d'Orleans Region, QC"
21,Grey County (Georgian Bluffs),ON,10479.0,Census subdivision,44.684,-81.0198,195,2015,1113.9,"Grey County (Georgian Bluffs), ON"
24,Qualicum Beach,BC,8943.0,Census subdivision,49.3482,-124.4428,195,2015,1113.9,"Qualicum Beach, BC"
30,Peterborough County (Douro/Dummer),ON,6709.0,Census subdivision,44.4909,-78.1114,211,2015,1113.9,"Peterborough County (Douro/Dummer), ON"
33,New-Wes-Valley,NL,2172.0,Census subdivision,49.1211,-53.5989,217,2015,1113.9,"New-Wes-Valley, NL"
35,Dufferin (Mono),ON,61735.0,Census division,44.0034,-80.0535,222,2015,1113.9,"Dufferin (Mono), ON"
38,Port Moody,BC,33551.0,Census subdivision,49.2849,-122.8678,226,2015,1113.9,"Port Moody, BC"
43,North Saanich,BC,11249.0,Census subdivision,48.6197,-123.4169,239,2015,1113.9,"North Saanich, BC"
60,North Vancouver District,BC,85935.0,Census subdivision,49.348,-123.025,261,2015,1113.9,"North Vancouver District, BC"
61,Perth County (West Perth),ON,8865.0,Census subdivision,43.4908,-81.2078,261,2015,1113.9,"Perth County (West Perth), ON"
64,Coldstream,BC,10648.0,Census subdivision,50.2241,-119.1683,264,2015,1113.9,"Coldstream, BC"
65,Saltspring Island,BC,10557.0,Census subdivision,48.8167,-123.5089,266,2015,1113.9,"Saltspring Island, BC"
69,Essex County (Tecumseh),ON,23229.0,Census subdivision,42.3118,-82.8858,273,2015,1113.9,"Essex County (Tecumseh), ON"
73,Peterborough County (Selwyn),ON,17060.0,Census subdivision,44.4228,-78.3541,278,2015,1113.9,"Peterborough County (Selwyn), ON"
77,Lanark County (Beckwith),ON,7644.0,Census subdivision,45.0869,-76.0686,284,2015,1113.9,"Lanark County (Beckwith), ON"
84,East St. Paul,MB,9372.0,Census subdivision,49.9808,-97.0295,297,2015,1113.9,"East St. Paul, MB"
86,Peterborough County (Otonabee-South Monaghan),ON,6670.0,Census subdivision,44.2716,-78.1564,298,2015,1113.9,"Peterborough County (Otonabee-South Monaghan), ON"
93,Amherstburg,ON,21936.0,Census subdivision,42.1014,-83.1087,32,2015,1113.9,"Amherstburg, ON"
97,Etchemins Region,QC,16536.0,Census division,46.2986,-70.4137,37,2015,1113.9,"Etchemins Region, QC"
100,Strathroy-Caradoc,ON,20867.0,Census subdivision,42.9575,-81.61667,39,2015,1113.9,"Strathroy-Caradoc, ON"
104,Sidney,BC,11672.0,Census subdivision,48.6502,-123.399,312,2015,1113.9,"Sidney, BC"
107,Peterborough County (Municipality of Trent Lakes),ON,5397.0,Census subdivision,44.6725,-78.4181,313,2015,1113.9,"Peterborough County (Municipality of Trent Lakes), ON"
116,Summerland,BC,11615.0,Census subdivision,49.6073,-119.6769,318,2015,1113.9,"Summerland, BC"
118,Headingley,MB,3579.0,Census subdivision,49.887,-97.3772,32,2015,1113.9,"Headingley, MB"
122,Essex County (Lakeshore),ON,36611.0,Census subdivision,42.25,-82.6833,321,2015,1113.9,"Essex County (Lakeshore), ON"
125,Halton Region (Oakville/Burlington),ON,548435.0,Census division,43.5325,-79.8745,323,2015,1113.9,"Halton Region (Oakville/Burlington), ON"
127,Carman Area,MB,3164.0,Census subdivision,49.5086,-98.0017,325,2015,1113.9,"Carman Area, MB"
136,Northumberland (Hamilton),ON,10942.0,Census subdivision,44.0563,-78.2476,331,2015,1113.9,"Northumberland (Hamilton), ON"
150,Essex County (Kingsville),ON,21552.0,Census subdivision,42.0363,-82.73899999999999,344,2015,1113.9,"Essex County (Kingsville), ON"
151,Ferryland,NL,414.0,Census subdivision,47.0339,-52.8827,344,2015,1113.9,"Ferryland, NL"
163,Stratford,PEI,,,46.2159,-63.0886,352,2015,1113.9,"Stratford, PEI"
171,Caledon,ON,66502.0,Census subdivision,43.8363,-79.8745,357,2015,1113.9,"Caledon, ON"
183,Baie Verte,NL,1313.0,Census subdivision,49.9393,-56.1907,362,2015,1113.9,"Baie Verte, NL"
190,Nouvelle-Beauce Region,QC,1659.0,Census subdivision,46.5222,-71.0094,366,2015,1113.9,"Nouvelle-Beauce Region, QC"
193,Killarney,MB,3429.0,Census subdivision,49.1817,-99.665,367,2015,1113.9,"Killarney, MB"
201,Wellington County,ON,222726.0,Census division,43.7803,-80.5438,375,2015,1113.9,"Wellington County, ON"
205,Oceanside,BC,,,49.328,-124.397,376,2015,1113.9,"Oceanside, BC"
214,Perth County,ON,76796.0,Census division,43.5187,-81.0755,381,2015,1113.9,"Perth County, ON"
224,Halifax County,NS,403390.0,Census division,44.9,-63.1,386,2015,1113.9,"Halifax County, NS"
228,Lanark County (Lanark Highlands),ON,5338.0,Census subdivision,45.0614,-76.4837,387,2015,1113.9,"Lanark County (Lanark Highlands), ON"
243,Napanee (Stone Mills),ON,7702.0,Census subdivision,44.4402,-76.9746,39,2015,1113.9,"Napanee (Stone Mills), ON"
250,Frontenac,ON,150475.0,Census division,44.5797,-76.5654,394,2015,1113.9,"Frontenac, ON"
251,Perth County (North Perth),ON,13130.0,Census subdivision,43.7749,-80.9429,395,2015,1113.9,"Perth County (North Perth), ON"
263,Upper Ottawa Valley (Petawawa),ON,17187.0,Census subdivision,45.755,-77.206,399,2015,1113.9,"Upper Ottawa Valley (Petawawa), ON"
274,West Vancouver,BC,42473.0,Census subdivision,49.3349,-123.1668,43,2015,1113.9,"West Vancouver, BC"
275,Grenville County (Prescott/Augusta),ON,11575.0,Census subdivision,44.7093,-75.51899999999999,44,2015,1113.9,"Grenville County (Prescott/Augusta), ON"
278,Elgin County,ON,88907.0,Census division,42.6646,-80.9871,47,2015,1113.9,"Elgin County, ON"
279,Nackawic,NB,941.0,Census subdivision,45.9891,-67.2412,47,2015,1113.9,"Nackawic, NB"
282,Kennebecasis Region,NB,,,45.401,-65.942,48,2015,1113.9,"Kennebecasis Region, NB"
285,Central Saanich,BC,16814.0,Census subdivision,48.5704,-123.3998,49,2015,1113.9,"Central Saanich, BC"
297,Jacques-Cartier Region,QC,43485.0,Census division,47.033333,-71.58333,413,2015,1113.9,"Jacques-Cartier Region, QC"
299,Aylmer,ON,7492.0,Census subdivision,42.7729,-80.9829,414,2015,1113.9,"Aylmer, ON"
300,Oxford,ON,110862.0,Census division,43.184,-80.7214,414,2015,1113.9,"Oxford, ON"
301,Richmond,BC,3232.0,Census subdivision,49.1666,-123.1336,414,2015,1113.9,"Richmond, BC"
302,Montague,PEI,1961.0,Census subdivision,46.1651,-62.648,415,2015,1113.9,"Montague, PEI"
304,Appalaches Region,QC,42346.0,Census division,46.483333,-70.61667,416,2015,1113.9,"Appalaches Region, QC"
315,Magog,QC,26669.0,Census subdivision,45.2665,-72.148,422,2015,1113.9,"Magog, QC"
318,"Beresford, Nigadoo, Petit-Rocher, Pointe-Verte",NB,6248.0,Census subdivision,47.8,-65.7,424,2015,1113.9,"Beresford, Nigadoo, Petit-Rocher, Pointe-Verte, NB"
326,Richelieu Saint-Laurent,QC,,,45.4404,-73.24600000000001,427,2015,1113.9,"Richelieu Saint-Laurent, QC"
331,Souris,PEI,1053.0,Census subdivision,46.355,-62.2518,428,2015,1113.9,"Souris, PEI"
344,Oakbank,MB,,,49.9391,-96.8426,435,2015,1113.9,"Oakbank, MB"
346,Lanark County (Tay Valley Township),ON,5665.0,Census subdivision,44.888999999999996,-76.3172,436,2015,1113.9,"Lanark County (Tay Valley Township), ON"
361,Essex,ON,20427.0,Census subdivision,42.1727,-82.8189,442,2015,1113.9,"Essex, ON"
365,Outlook,SK,2279.0,,51.4874,-107.0578,445,2015,1113.9,"Outlook, SK"
368,Bellechasse Region,QC,37233.0,Census division,46.6919,-70.8339,447,2015,1113.9,"Bellechasse Region, QC"
376,Didsbury,AB,5268.0,Census subdivision,51.6608,-114.1365,449,2015,1113.9,"Didsbury, AB"
379,Peachland,BC,5428.0,Census subdivision,49.7703,-119.7408,45,2015,1113.9,"Peachland, BC"
400,Westman,MB,,,49.875,-100.33333,458,2015,1113.9,"Westman, MB"
403,Iles-de-la-Madeleine,QC,12475.0,Census division,47.3877,-61.9012,459,2015,1113.9,"Iles-de-la-Madeleine, QC"
405,Vaudreuil-Soulanges Region,QC,149309.0,Census division,45.3834,-74.2591,459,2015,1113.9,"Vaudreuil-Soulanges Region, QC"
406,Chatham-Kent,ON,101647.0,Census subdivision,42.4048,-82.191,46,2015,1113.9,"Chatham-Kent, ON"
410,Matapedia Region,QC,17925.0,Census division,48.3,-67.56667,46,2015,1113.9,"Matapedia Region, QC"
418,Mississippi Mills,ON,13163.0,,45.2314,-76.1938,463,2015,1113.9,"Mississippi Mills, ON"
422,Delta,BC,102238.0,Census subdivision,49.0952,-123.0265,464,2015,1113.9,"Delta, BC"
424,Grenville County (North Grenville),ON,16451.0,Census subdivision,44.9552,-75.6282,464,2015,1113.9,"Grenville County (North Grenville), ON"
440,Spallumcheen,BC,5106.0,Census subdivision,50.4279,-119.2469,467,2015,1113.9,"Spallumcheen, BC"
443,Boundary/Grand Forks,BC,3225.0,Census subdivision,49.0301,-118.4451,468,2015,1113.9,"Boundary/Grand Forks, BC"
469,Durham Region (Oshawa/Whitby/Ajax),ON,645862.0,Census division,43.916667,-78.93333,476,2015,1113.9,"Durham Region (Oshawa/Whitby/Ajax), ON"
471,Chestermere,AB,19887.0,Census subdivision,51.0498,-113.8233,478,2015,1113.9,"Chestermere, AB"
481,South Bruce (Kincardine),ON,11389.0,Census subdivision,44.023,-81.2078,481,2015,1113.9,"South Bruce (Kincardine), ON"
482,Hampton,NB,4289.0,Census subdivision,45.533,-65.8322,483,2015,1113.9,"Hampton, NB"
492,Peel Region (Mississauga/Brampton),ON,1381739.0,Census division,43.616667,-79.61667,486,2015,1113.9,"Peel Region (Mississauga/Brampton), ON"
493,Brant County,ON,36707.0,Census subdivision,43.1527,-80.1716,487,2015,1113.9,"Brant County, ON"
497,York Region (Markham/Vaughan),ON,328966.0,Census subdivision,51.2174,-102.4739,488,2015,1113.9,"York Region (Markham/Vaughan), ON"
498,Comox Valley,BC,66527.0,Census division,49.7064,-125.0219,489,2015,1113.9,"Comox Valley, BC"
504,Lewisporte,NL,3409.0,Census subdivision,49.245,-55.0592,49,2015,1113.9,"Lewisporte, NL"
509,Picture Butte,AB,1810.0,Census subdivision,49.873000000000005,-112.7802,492,2015,1113.9,"Picture Butte, AB"
512,Lévis,QC,143414.0,Census subdivision,46.7382,-71.2465,493,2015,1113.9,"Lévis, QC"
513,Memphremagog Region,QC,50415.0,Census division,45.266667,-72.08333,493,2015,1113.9,"Memphremagog Region, QC"
524,Coquitlam,BC,139284.0,Census subdivision,49.2838,-122.7932,499,2015,1113.9,"Coquitlam, BC"
531,White Butte,SK,,,50.466667,-104.41667,5,2015,1113.9,"White Butte, SK"
554,West Shore,BC,,,48.418,-123.50399999999999,57,2015,1113.9,"West Shore, BC"
559,Russell,ON,16520.0,Census subdivision,45.2593,-75.3576,58,2015,1113.9,"Russell, ON"
560,City of Kawartha Lakes,ON,75423.0,Census subdivision,44.5337,-78.9006,59,2015,1113.9,"City of Kawartha Lakes, ON"
564,Coaldale,AB,8215.0,Census subdivision,49.7275,-112.6179,51,2015,1113.9,"Coaldale, AB"
567,Comox,BC,14028.0,Census subdivision,49.6735,-124.9283,511,2015,1113.9,"Comox, BC"
570,Northumberland (Cramahe),ON,6355.0,Census subdivision,44.0928,-77.8825,511,2015,1113.9,"Northumberland (Cramahe), ON"
579,Haldimand County,ON,45608.0,Census subdivision,42.9277,-79.8762,514,2015,1113.9,"Haldimand County, ON"
592,Rogersville,NB,1166.0,Census subdivision,46.7329,-65.4272,518,2015,1113.9,"Rogersville, NB"
595,Grenville County (Edwardsburgh/Cardinal),ON,7093.0,Census subdivision,44.8447,-75.5073,519,2015,1113.9,"Grenville County (Edwardsburgh/Cardinal), ON"
599,Middlesex (Strathroy),ON,20867.0,Census subdivision,42.9554,-81.6232,52,2015,1113.9,"Middlesex (Strathroy), ON"
648,Middlesex,ON,455526.0,Census division,42.931000000000004,-81.4279,535,2015,1113.9,"Middlesex, ON"
651,Vallee-du-Richelieu Region,QC,124420.0,Census division,45.5963,-73.2001,535,2015,1113.9,"Vallee-du-Richelieu Region, QC"
657,White Rock,BC,19952.0,Census subdivision,54.1424,-115.685,536,2015,1113.9,"White Rock, BC"
664,Repentigny,QC,84285.0,Census subdivision,45.7533,-73.4401,537,2015,1113.9,"Repentigny, QC"
675,Morris,MB,1885.0,Census subdivision,49.3545,-97.3647,54,2015,1113.9,"Morris, MB"
676,View Royal,BC,10408.0,Census subdivision,48.4528,-123.4348,54,2015,1113.9,"View Royal, BC"
678,Niagara Region (St. Catharines),ON,406074.0,CMA,43.0582,-79.2902,541,2015,1113.9,"Niagara Region (St. Catharines), ON"
684,Northumberland (Trent Hills),ON,12900.0,Census subdivision,44.3082,-77.7963,544,2015,1113.9,"Northumberland (Trent Hills), ON"
692,Keswick,NB,1652.0,Designated place,45.9948,-66.8274,546,2015,1113.9,"Keswick, NB"
695,Blue Hills,MB,,,49.7538,-99.87100000000001,547,2015,1113.9,"Blue Hills, MB"
703,Revelstoke,BC,7547.0,Census subdivision,50.9981,-118.1957,549,2015,1113.9,"Revelstoke, BC"
707,Rideau Lakes (Westport),ON,10326.0,Census subdivision,44.6582,-76.2796,55,2015,1113.9,"Rideau Lakes (Westport), ON"
709,St. Albert,AB,65589.0,Census subdivision,53.6305,-113.6256,55,2015,1113.9,"St. Albert, AB"
717,Exeter (South Huron),ON,10096.0,Census subdivision,43.3473,-81.4806,552,2015,1113.9,"Exeter (South Huron), ON"
727,L'Assomption,QC,22429.0,Census subdivision,45.852,-73.4124,554,2015,1113.9,"L'Assomption, QC"
739,Chase,BC,2286.0,Census subdivision,50.8188,-119.6845,557,2015,1113.9,"Chase, BC"
759,Raymond/Magrath,AB,,,49.4635,-112.6622,562,2015,1113.9,"Raymond/Magrath, AB"
760,L'Islet Region,QC,17798.0,Census division,47.1031,-70.35,563,2015,1113.9,"L'Islet Region, QC"
764,Colwood,BC,16859.0,Census subdivision,48.4288,-123.4889,564,2015,1113.9,"Colwood, BC"
765,East Algoma (Blind River/Thessalon),ON,4758.0,Census subdivision,48.0,-84.5,564,2015,1113.9,"East Algoma (Blind River/Thessalon), ON"
766,Kamouraska Region,QC,616.0,Census subdivision,47.5661,-69.866,564,2015,1113.9,"Kamouraska Region, QC"
776,Ottawa,ON,934243.0,Census subdivision,45.4215,-75.6972,567,2015,1113.9,"Ottawa, ON"
803,Shediac,NB,4789.0,Census subdivision,46.2202,-64.5347,574,2015,1113.9,"Shediac, NB"
806,St. Thomas,ON,38909.0,Census subdivision,42.7777,-81.1827,575,2015,1113.9,"St. Thomas, ON"
826,Stirling,ON,4882.0,Census subdivision,44.3603,-77.5921,582,2015,1113.9,"Stirling, ON"
830,Mekinac Region,QC,12358.0,Census division,46.816666999999995,-72.51666999999999,583,2015,1113.9,"Mekinac Region, QC"
835,Kativik Region,QC,,,58.602778,-70.96547,584,2015,1113.9,"Kativik Region, QC"
839,Roussillon Region,QC,171443.0,Census division,45.3701,-73.6303,584,2015,1113.9,"Roussillon Region, QC"
849,North Vancouver City,BC,52898.0,Census subdivision,49.32,-123.0724,586,2015,1113.9,"North Vancouver City, BC"
854,Lac-Saint-Jean-Est Region,QC,52741.0,Census division,48.474,-71.7488,587,2015,1113.9,"Lac-Saint-Jean-Est Region, QC"
860,Oxford (Ingersoll),ON,12757.0,Census subdivision,43.0382,-80.884,588,2015,1113.9,"Oxford (Ingersoll), ON"
865,Two Hills,AB,1352.0,Census subdivision,53.7116,-111.7449,59,2015,1113.9,"Two Hills, AB"
878,Burnaby,BC,232755.0,Census subdivision,49.2488,-122.9805,594,2015,1113.9,"Burnaby, BC"
883,Basques Region,QC,8694.0,Census division,48.1,-69.06667,595,2015,1113.9,"Basques Region, QC"
884,Fernie,BC,5249.0,Census subdivision,49.504,-115.0631,595,2015,1113.9,"Fernie, BC"
891,Saugeen Shores,ON,13715.0,Census subdivision,44.4225,-81.4035,598,2015,1113.9,"Saugeen Shores, ON"
895,Lotbiniere Region,QC,31741.0,Census division,46.6166,-71.9307,599,2015,1113.9,"Lotbiniere Region, QC"
902,Martensville,SK,9645.0,Census subdivision,52.2931,-106.6578,62,2015,1113.9,"Martensville, SK"
915,Stormont/Dundas/Glengarry,ON,,,45.1228,-74.8733,67,2015,1113.9,"Stormont/Dundas/Glengarry, ON"
921,Val-Saint-Francois Region,QC,30686.0,Census division,45.5258,-72.125,68,2015,1113.9,"Val-Saint-Francois Region, QC"
930,Bracebridge/Bala,ON,,,45.038999999999994,-79.3079,612,2015,1113.9,"Bracebridge/Bala, ON"
931,Huron/Wingham,ON,59297.0,,43.8879,-81.3117,612,2015,1113.9,"Huron/Wingham, ON"
935,Montmagny Region,QC,22698.0,Census division,46.9801,-70.5566,613,2015,1113.9,"Montmagny Region, QC"
937,Caraquet,NB,4248.0,Town,47.7897,-64.9628,614,2015,1113.9,"Caraquet, NB"
944,Portneuf Region,QC,53008.0,Census division,46.6985,-71.891,615,2015,1113.9,"Portneuf Region, QC"
956,Collingwood (The Blue Mountains),ON,7025.0,Census subdivision,44.483333,-80.38333,62,2015,1113.9,"Collingwood (The Blue Mountains), ON"
958,Lanark County (Drummond-North Elmsley),ON,7773.0,Census subdivision,44.9702,-76.2018,621,2015,1113.9,"Lanark County (Drummond-North Elmsley), ON"
960,St-Pierre-Jolys,MB,1170.0,Census subdivision,49.4403,-96.9851,621,2015,1113.9,"St-Pierre-Jolys, MB"
963,Woodstock,ON,40902.0,Census subdivision,43.1315,-80.7472,6219,2015,1113.9,"Woodstock, ON"
972,Huronia West/Springwater,ON,19059.0,Census division,44.513000000000005,-79.8745,624,2015,1113.9,"Huronia West/Springwater, ON"
983,Three Hills,AB,3212.0,Census subdivision,51.7071,-113.2649,625,2015,1113.9,"Three Hills, AB"
986,Blainville,QC,56863.0,Census subdivision,45.6689,-73.8729,626,2015,1113.9,"Blainville, QC"
991,Sherbrooke,QC,161323.0,,45.401,-71.8824,627,2015,1113.9,"Sherbrooke, QC"
997,Lambton (St. Clair/Lambton Shores),ON,24717.0,Census subdivision,43.0527,-82.0407,628,2015,1113.9,"Lambton (St. Clair/Lambton Shores), ON"
999,Port Coquitlam,BC,123576.0,Federal electoral district,49.2628,-122.7811,629,2015,1113.9,"Port Coquitlam, BC"
1000,Rainy River District (Emo/Rainy River),ON,20110.0,Census division,48.8499,-92.637,629,2015,1113.9,"Rainy River District (Emo/Rainy River), ON"
1002,Leeds County (Brockville),ON,21346.0,Census subdivision,44.5895,-75.6843,63,2015,1113.9,"Leeds County (Brockville), ON"
1004,Mount Forest (Southgate),ON,7354.0,Census subdivision,43.9811,-80.7359,63,2015,1113.9,"Mount Forest (Southgate), ON"
1009,Stratford,ON,31465.0,Census subdivision,43.37,-80.9822,632,2015,1113.9,"Stratford, ON"
1012,Robert-Cliche Region,QC,19125.0,Census division,46.2556,-70.8483,633,2015,1113.9,"Robert-Cliche Region, QC"
1016,Nottawasaga (New Tecumseth/Essa/Adjala Tosorontio),ON,66300.0,Census subdivision,44.133333,-79.93333,634,2015,1113.9,"Nottawasaga (New Tecumseth/Essa/Adjala Tosorontio), ON"
1017,Cote-de-Beaupre Region,QC,28199.0,Census division,47.4123,-71.274,635,2015,1113.9,"Cote-de-Beaupre Region, QC"
1024,Chenaux Region,QC,,,46.5,-72.41667,638,2015,1113.9,"Chenaux Region, QC"
1026,Haliburton Highlands,ON,18062.0,Census division,45.0467,-78.5085,639,2015,1113.9,"Haliburton Highlands, ON"
1035,Northumberland (Brighton),ON,5861.0,Census subdivision,44.0423,-77.7369,641,2015,1113.9,"Northumberland (Brighton), ON"
1036,Saanich,BC,114148.0,Census subdivision,48.4593,-123.3767,641,2015,1113.9,"Saanich, BC"
1055,Clarenville,NL,6291.0,Census subdivision,48.1682,-53.9646,647,2015,1113.9,"Clarenville, NL"
1056,West Kelowna,BC,32655.0,Census subdivision,49.8636,-119.5645,647,2015,1113.9,"West Kelowna, BC"
1071,Temiscouata Region,QC,19574.0,Census division,47.683333000000005,-68.88333,653,2015,1113.9,"Temiscouata Region, QC"
1073,Haute-Yamaska Region,QC,88306.0,Census division,45.4478,-72.6128,654,2015,1113.9,"Haute-Yamaska Region, QC"
1074,Huron (Central Huron),ON,7576.0,Census subdivision,43.6636,-81.4718,655,2015,1113.9,"Huron (Central Huron), ON"
1077,Prairie Mountain,MB,1420.0,Census subdivision,49.8478,-99.949,655,2015,1113.9,"Prairie Mountain, MB"
1083,Haut-Saint-François Region,QC,22335.0,Census division,45.5241,-71.4053,657,2015,1113.9,"Haut-Saint-François Region, QC"
1088,Beiseker,AB,819.0,Census subdivision,51.385,-113.5353,659,2015,1113.9,"Beiseker, AB"
1095,Erable Region,QC,,,46.1908,-71.6338,661,2015,1113.9,"Erable Region, QC"
1097,Port Hope,ON,16753.0,Census subdivision,43.9492,-78.2934,661,2015,1113.9,"Port Hope, ON"
1105,Edmundston,NB,16580.0,Census subdivision,47.369,-68.3267,664,2015,1113.9,"Edmundston, NB"
1116,Clair,NB,781.0,,47.2534,-68.6053,668,2015,1113.9,"Clair, NB"
1117,Colchester County,NS,50585.0,Census division,45.4255,-63.3275,668,2015,1113.9,"Colchester County, NS"
1125,Okotoks,AB,28881.0,Census subdivision,50.7255,-113.9749,671,2015,1113.9,"Okotoks, AB"
1130,Barrie,ON,141434.0,Census subdivision,44.3894,-79.6903,673,2015,1113.9,"Barrie, ON"
1131,Guelph,ON,131794.0,Census subdivision,43.5448,-80.2482,673,2015,1113.9,"Guelph, ON"
1136,Minto,NB,2305.0,Census subdivision,46.0762,-66.0749,675,2015,1113.9,"Minto, NB"
1144,Sturgeon Falls,ON,,,46.3666,-79.9313,678,2015,1113.9,"Sturgeon Falls, ON"
1161,Maskinonge Region,QC,2319.0,Census subdivision,46.316666999999995,-72.93333,683,2015,1113.9,"Maskinonge Region, QC"
1166,Kimberley,BC,7425.0,Census subdivision,49.6652,-115.9967,685,2015,1113.9,"Kimberley, BC"
1173,Sooke,BC,13001.0,Census subdivision,48.373999999999995,-123.7356,686,2015,1113.9,"Sooke, BC"
1183,Alberton,PEI,1145.0,Census subdivision,46.8131,-64.0648,689,2015,1113.9,"Alberton, PEI"
1197,Canmore,AB,13992.0,Census subdivision,51.0892,-115.3597,693,2015,1113.9,"Canmore, AB"
1205,University,BC,,,45.8267,-77.1109,694,2015,1113.9,"University, BC"
1220,Spirit River,AB,995.0,Census subdivision,55.7803,-118.8421,697,2015,1113.9,"Spirit River, AB"
1222,Cornwall PEI,PEI,5348.0,Census subdivision,46.2295,-63.217,698,2015,1113.9,"Cornwall PEI, PEI"
1223,Guysborough County,NS,7625.0,Census division,44.878,-59.8066,698,2015,1113.9,"Guysborough County, NS"
1262,Rimouski-Neigette Region,QC,56650.0,Census division,48.4071,-68.59,78,2015,1113.9,"Rimouski-Neigette Region, QC"
1268,Granby,QC,66222.0,Census subdivision,45.4032,-72.7341,71,2015,1113.9,"Granby, QC"
1283,Cochrane,AB,65589.0,Census subdivision,51.191,-114.4679,715,2015,1113.9,"Cochrane, AB"
1284,Nicolet-Yamaska Region,QC,23159.0,Census division,46.1511,-72.6121,715,2015,1113.9,"Nicolet-Yamaska Region, QC"
1285,Parksville,BC,12514.0,,49.3193,-124.3136,715,2015,1113.9,"Parksville, BC"
1300,Charlottetown,PEI,36094.0,Census subdivision,46.2382,-63.1311,72,2015,1113.9,"Charlottetown, PEI"
1304,Calgary,AB,1239220.0,Census subdivision,51.0486,-114.0708,721,2015,1113.9,"Calgary, AB"
1317,Meteghan (Clare),NS,8018.0,Census subdivision,44.1875,-66.1623,724,2015,1113.9,"Meteghan (Clare), NS"
1336,West Grey,ON,12518.0,Census subdivision,44.2214,-80.8544,728,2015,1113.9,"West Grey, ON"
1338,Becancour Region,QC,20404.0,Census division,46.3506,-72.4351,73,2015,1113.9,"Becancour Region, QC"
1351,Mirabel,QC,50513.0,Census subdivision,45.6519,-74.0902,733,2015,1113.9,"Mirabel, QC"
1355,Grand Bay Westfield,NB,4964.0,Census subdivision,45.3615,-66.2417,734,2015,1113.9,"Grand Bay Westfield, NB"
1356,Lumsden,SK,1824.0,,50.6463,-104.8676,734,2015,1113.9,"Lumsden, SK"
1363,Norfolk County,ON,64044.0,Census subdivision,42.7967,-80.4136,735,2015,1113.9,"Norfolk County, ON"
1390,Beauce-Sartigan Region,QC,52406.0,Census division,46.0551,-70.2328,744,2015,1113.9,"Beauce-Sartigan Region, QC"
1407,Granit Region,QC,21462.0,Census division,45.5955,-70.9075,749,2015,1113.9,"Granit Region, QC"
1413,South Okanagan/Osoyoos,BC,5085.0,Census subdivision,49.0323,-119.4682,75,2015,1113.9,"South Okanagan/Osoyoos, BC"
1416,Olds,AB,9184.0,Census subdivision,51.792,-114.1053,751,2015,1113.9,"Olds, AB"
1425,Coaticook Region,QC,18497.0,Census division,45.1337,-71.8039,755,2015,1113.9,"Coaticook Region, QC"
1442,Langford,BC,35342.0,Census subdivision,48.4475,-123.4956,759,2015,1113.9,"Langford, BC"
1448,Antigonish County,NS,19301.0,Census division,45.6,-61.9,76,2015,1113.9,"Antigonish County, NS"
1450,Cape Breton Region,NS,94285.0,Census subdivision,46.0242,-60.3,76,2015,1113.9,"Cape Breton Region, NS"
1452,Hamilton,ON,536917.0,Census subdivision,43.2557,-79.8711,76,2015,1113.9,"Hamilton, ON"
1473,Windsor,NS,3648.0,Census subdivision,44.9903,-64.131,7641,2015,1113.9,"Windsor, NS"
1475,Manitou,MB,840.0,Designated place,49.2404,-98.5385,765,2015,1113.9,"Manitou, MB"
1481,High River,AB,13584.0,Census subdivision,50.5801,-113.8707,766,2015,1113.9,"High River, AB"
1493,Kamloops,BC,90280.0,Census subdivision,50.6745,-120.3273,77,2015,1113.9,"Kamloops, BC"
1494,Riviere-du-Nord Region,QC,112156.0,Federal electoral district,45.816666999999995,-74.01666999999999,77,2015,1113.9,"Riviere-du-Nord Region, QC"
1495,Bouctouche,NB,2361.0,Census subdivision,46.4723,-64.7243,771,2015,1113.9,"Bouctouche, NB"
1521,Wiarton (South Bruce Peninsula),ON,,,44.742,-81.1408,776,2015,1113.9,"Wiarton (South Bruce Peninsula), ON"
1522,Grey County (Chatsworth),ON,6630.0,Census subdivision,44.4562,-80.8975,777,2015,1113.9,"Grey County (Chatsworth), ON"
1525,Bromont,QC,9041.0,Census subdivision,45.2852,-72.6872,778,2015,1113.9,"Bromont, QC"
1529,Twillingate,NL,2196.0,Census subdivision,49.6487,-54.7623,778,2015,1113.9,"Twillingate, NL"
1530,Westlock,AB,5101.0,Census subdivision,54.1522,-113.8514,778,2015,1113.9,"Westlock, AB"
1549,Cumberland County,NS,30005.0,Census division,45.8006,-63.8594,783,2015,1113.9,"Cumberland County, NS"
1553,Perth County (St. Marys),ON,7265.0,Census subdivision,43.2596,-81.1407,783,2015,1113.9,"Perth County (St. Marys), ON"
1555,Bonavista,NL,3448.0,Census subdivision,48.6533,-53.1118,784,2015,1113.9,"Bonavista, NL"
1557,London,ON,383822.0,Census subdivision,42.9849,-81.2453,784,2015,1113.9,"London, ON"
1560,Napanee (Loyalist),ON,16971.0,Census subdivision,44.277,-76.7183,785,2015,1113.9,"Napanee (Loyalist), ON"
1564,Shelburne,ON,8126.0,Census subdivision,44.0791,-80.2012,786,2015,1113.9,"Shelburne, ON"
1565,Waterloo Region (Kitchener),ON,233222.0,Census subdivision,43.4758,-80.5438,786,2015,1113.9,"Waterloo Region (Kitchener), ON"
1570,Greater Sudbury,ON,161531.0,Census subdivision,46.5221,-80.953,788,2015,1113.9,"Greater Sudbury, ON"
1575,Vulcan,AB,1917.0,Census subdivision,50.4032,-113.2612,788,2015,1113.9,"Vulcan, AB"
1580,Markdale (Grey Highlands),ON,9804.0,Census subdivision,44.3187,-80.6479,789,2015,1113.9,"Markdale (Grey Highlands), ON"
1584,Huntsville,ON,19816.0,,45.3269,-79.2168,79,2015,1113.9,"Huntsville, ON"
1585,Joliette Region,QC,66550.0,Census division,46.016667,-73.45,79,2015,1113.9,"Joliette Region, QC"
1588,Carnduff,SK,1099.0,Census subdivision,49.1739,-101.7958,791,2015,1113.9,"Carnduff, SK"
1591,Brome-Missisquoi Region,QC,58314.0,Census division,45.1232,-72.7611,792,2015,1113.9,"Brome-Missisquoi Region, QC"
1592,Creston,BC,5351.0,Census subdivision,49.0955,-116.5135,792,2015,1113.9,"Creston, BC"
1601,100 Mile House,BC,1980.0,Census subdivision,51.644,-121.295,794,2015,1113.9,"100 Mile House, BC"
1608,Enfield (East Hants),NS,22453.0,Census subdivision,45.0389,-63.7126,795,2015,1113.9,"Enfield (East Hants), NS"
1624,Quinte West,ON,43577.0,Census subdivision,44.178999999999995,-77.5861,798,2015,1113.9,"Quinte West, ON"
1636,South Okanagan/Oliver,BC,4928.0,Census subdivision,49.1823,-119.5504,82,2015,1113.9,"South Okanagan/Oliver, BC"
1643,Abbotsford,BC,141397.0,Census subdivision,49.0504,-122.3045,85,2015,1113.9,"Abbotsford, BC"
1645,Kingston,ON,123798.0,Census subdivision,44.2312,-76.486,86,2015,1113.9,"Kingston, ON"
1672,Holyrood,NL,2463.0,Census subdivision,47.385,-53.1247,813,2015,1113.9,"Holyrood, NL"
1676,St George,NB,1517.0,Census subdivision,45.1307,-66.8262,814,2015,1113.9,"St George, NB"
1685,Warman,SK,11020.0,Census subdivision,52.3184,-106.5751,816,2015,1113.9,"Warman, SK"
1687,Jardins de Napierville Region,QC,27870.0,Census division,45.1287,-73.5596,817,2015,1113.9,"Jardins de Napierville Region, QC"
1694,Lac des Deux-Montagnes,QC,17496.0,Census subdivision,45.452,-73.9952,819,2015,1113.9,"Lac des Deux-Montagnes, QC"
1712,Collines-de-l'Outaouais Region,QC,49094.0,Census division,45.55,-75.86667,825,2015,1113.9,"Collines-de-l'Outaouais Region, QC"
1716,Shawnigan Lake,BC,3945.0,Designated place,48.6512,-123.645,826,2015,1113.9,"Shawnigan Lake, BC"
1731,Huron (Goderich),ON,7628.0,Census subdivision,43.7428,-81.7139,832,2015,1113.9,"Huron (Goderich), ON"
1735,Longueuil,QC,239700.0,Census subdivision,45.5369,-73.5107,833,2015,1113.9,"Longueuil, QC"
1740,Southern Georgian Bay (Penetanguishene),ON,8962.0,Census subdivision,44.7688,-79.9337,835,2015,1113.9,"Southern Georgian Bay (Penetanguishene), ON"
1743,Springdale,NL,2971.0,Census subdivision,49.4975,-56.073,836,2015,1113.9,"Springdale, NL"
1747,Bathurst,NB,4797.0,Census subdivision,47.6184,-65.6513,838,2015,1113.9,"Bathurst, NB"
1752,Pierre-De Saurel Region,QC,51025.0,Census division,45.966667,-73.0,838,2015,1113.9,"Pierre-De Saurel Region, QC"
1754,Chateauguay,QC,47906.0,Census subdivision,45.3602,-73.7494,839,2015,1113.9,"Chateauguay, QC"
1760,Matane Region,QC,17926.0,Census agglomeration,48.8445,-67.5306,84,2015,1113.9,"Matane Region, QC"
1769,Kent,BC,6067.0,Census subdivision,49.2516,-121.8553,843,2015,1113.9,"Kent, BC"
1778,Oromocto,NB,9223.0,Census subdivision,45.8487,-66.4813,846,2015,1113.9,"Oromocto, NB"
1781,Gander,NL,11688.0,Census subdivision,48.9544,-54.6103,847,2015,1113.9,"Gander, NL"
1790,Collingwood,ON,21793.0,Census subdivision,44.5008,-80.2169,849,2015,1113.9,"Collingwood, ON"
1795,Sussex,NB,2517.0,Census subdivision,45.7236,-65.5109,849,2015,1113.9,"Sussex, NB"
1803,Tofield,AB,2081.0,Census subdivision,53.3714,-112.6632,851,2015,1113.9,"Tofield, AB"
1811,East Interlake,MB,91743.0,Economic region,50.833333,-97.66667,855,2015,1113.9,"East Interlake, MB"
1816,Killaloe,ON,2420.0,Census subdivision,45.555,-77.4164,857,2015,1113.9,"Killaloe, ON"
1821,McLennan,AB,701.0,Census subdivision,55.7118,-116.91,859,2015,1113.9,"McLennan, AB"
1831,Nelson,BC,10572.0,Census subdivision,49.4928,-117.2948,861,2015,1113.9,"Nelson, BC"
1837,Marystown,NL,5316.0,Census subdivision,47.1651,-55.1555,862,2015,1113.9,"Marystown, NL"
1838,Airdrie,AB,61581.0,Census subdivision,51.2917,-114.0144,863,2015,1113.9,"Airdrie, AB"
1852,Montcalm Region,QC,52596.0,Census division,45.9683,-74.5015,867,2015,1113.9,"Montcalm Region, QC"
1854,St. John's,NL,205955.0,CMA,47.5615,-52.7126,867,2015,1113.9,"St. John's, NL"
1863,Athabaska Region,QC,,,45.9394,-72.0236,869,2015,1113.9,"Athabaska Region, QC"
1924,Strathcona,AB,98044.0,Census subdivision,53.522,-113.4916,888,2015,1113.9,"Strathcona, AB"
1930,Almaguin Highlands,ON,,,45.8,-79.6,89,2015,1113.9,"Almaguin Highlands, ON"
1934,Matawinie Region,QC,50435.0,Census division,46.8005,-74.0465,891,2015,1113.9,"Matawinie Region, QC"
1935,Toronto,ON,5928040.0,CMA,43.6532,-79.3832,891,2015,1113.9,"Toronto, ON"
1937,Peterborough-Lakefield,ON,,,44.3091,-78.3197,892,2015,1113.9,"Peterborough-Lakefield, ON"
1944,Powell River,BC,16783.0,Census agglomeration,49.8352,-124.5247,893,2015,1113.9,"Powell River, BC"
1952,Laval,QC,589400.0,Census subdivision,45.6066,-73.7124,896,2015,1113.9,"Laval, QC"
1954,Chilliwack,BC,83788.0,Census subdivision,49.1579,-121.9515,898,2015,1113.9,"Chilliwack, BC"
1971,Salmon Arm,BC,17706.0,Census subdivision,50.7001,-119.2838,92,2015,1113.9,"Salmon Arm, BC"
1989,Pictou County,NS,43748.0,Census division,45.5776,-62.6511,98,2015,1113.9,"Pictou County, NS"
2005,Castlegar,BC,8039.0,Census subdivision,49.3237,-117.6593,912,2015,1113.9,"Castlegar, BC"
2006,Haut-Saint-Laurent Region,QC,,,45.0577,-74.1281,912,2015,1113.9,"Haut-Saint-Laurent Region, QC"
2009,Lunenburg County,NS,47126.0,Census division,44.4262,-64.6186,912,2015,1113.9,"Lunenburg County, NS"
2026,Charlevoix Region,QC,12997.0,Census division,47.6304,-70.6482,917,2015,1113.9,"Charlevoix Region, QC"
2036,Langley City,BC,25888.0,Census subdivision,49.1042,-122.6604,92,2015,1113.9,"Langley City, BC"
2037,Spruce Grove,AB,34066.0,Census subdivision,53.5428,-113.9034,92,2015,1113.9,"Spruce Grove, AB"
2043,Central Hastings,ON,136445.0,Census division,44.3096,-77.9568,923,2015,1113.9,"Central Hastings, ON"
2060,Trois-Rivieres,QC,134413.0,Census subdivision,46.3547,-72.5838,927,2015,1113.9,"Trois-Rivieres, QC"
2067,Oxford (Tillsonburg),ON,15872.0,Census subdivision,42.8659,-80.7333,929,2015,1113.9,"Oxford (Tillsonburg), ON"
2077,Lacombe,AB,13057.0,Census subdivision,52.4631,-113.7286,933,2015,1113.9,"Lacombe, AB"
2090,Orangeville,ON,28900.0,Census subdivision,43.92,-80.0943,935,2015,1113.9,"Orangeville, ON"
2115,Montreal,QC,1704694.0,Census subdivision,45.5017,-73.5673,943,2015,1113.9,"Montreal, QC"
2138,Haut-Richelieu Region,QC,117443.0,Census division,45.2261,-73.1815,952,2015,1113.9,"Haut-Richelieu Region, QC"
2146,Nanaimo,BC,90504.0,Census subdivision,49.1659,-123.9401,956,2015,1113.9,"Nanaimo, BC"
2158,Fjord-du-Saguenay Region,QC,161635.0,Census division,48.45,-70.9,961,2015,1113.9,"Fjord-du-Saguenay Region, QC"
2165,Rimbey,AB,2567.0,Census subdivision,52.6409,-114.2357,962,2015,1113.9,"Rimbey, AB"
2175,Rouville Region,QC,36536.0,Census division,45.4168,-73.0388,964,2015,1113.9,"Rouville Region, QC"
2178,Cobourg,ON,19440.0,Census subdivision,43.9593,-78.1677,966,2015,1113.9,"Cobourg, ON"
2183,Penticton,BC,33761.0,Census subdivision,49.4991,-119.5937,967,2015,1113.9,"Penticton, BC"
2190,Vernon,BC,40116.0,Census subdivision,50.266999999999996,-119.272,97,2015,1113.9,"Vernon, BC"
2198,Quebec,QC,531902.0,Census subdivision,46.8139,-71.208,972,2015,1113.9,"Quebec, QC"
2208,Maskoutains Region,QC,,,45.6081,-72.8945,976,2015,1113.9,"Maskoutains Region, QC"
2227,Lameque,NB,1285.0,Census subdivision,47.7934,-64.6479,981,2015,1113.9,"Lameque, NB"
2236,Therese-de-Blainville,QC,157103.0,Census division,45.666667,-73.88333,982,2015,1113.9,"Therese-de-Blainville, QC"
2239,Hanover,ON,7688.0,Census subdivision,44.1526,-81.0254,983,2015,1113.9,"Hanover, ON"
2245,Sunshine Coast,BC,25599.0,Census subdivision,49.7604,-123.7644,985,2015,1113.9,"Sunshine Coast, BC"
2247,Fairview,AB,2998.0,Census subdivision,56.0696,-118.3917,987,2015,1113.9,"Fairview, AB"
2259,Devon,AB,6578.0,Census subdivision,53.3614,-113.7264,991,2015,1113.9,"Devon, AB"
2260,Labrador,NL,7220.0,Census subdivision,52.93899999999999,-66.9142,991,2015,1113.9,"Labrador, NL"
2265,Inverness County,NS,17235.0,Census division,46.2762,-61.0542,992,2015,1113.9,"Inverness County, NS"
2266,Lanark County (Perth),ON,5930.0,Census subdivision,44.8988,-76.2486,992,2015,1113.9,"Lanark County (Perth), ON"
2275,Humboldt,SK,5869.0,Census subdivision,52.202,-105.1229,994,2015,1113.9,"Humboldt, SK"
2283,Kelowna,BC,127380.0,Census subdivision,49.888000000000005,-119.49600000000001,996,2015,1113.9,"Kelowna, BC"
2286,Moose Jaw,SK,33890.0,Census subdivision,50.3916,-105.5349,996,2015,1113.9,"Moose Jaw, SK"
2292,Riverview,NB,19667.0,Census subdivision,46.0613,-64.8052,997,2015,1113.9,"Riverview, NB"
2293,Papineau Region,QC,22832.0,Census division,45.7755,-75.1489,998,2015,1113.9,"Papineau Region, QC"
2299,Drumheller,AB,7982.0,Census subdivision,51.4652,-112.7105,11,2015,1113.9,"Drumheller, AB"
2304,Sault Ste. Marie,ON,73368.0,Census subdivision,46.5219,-84.3461,11,2015,1113.9,"Sault Ste. Marie, ON"
2309,Haute-Cote-Nord Region,QC,10846.0,Census division,48.566666999999995,-69.23333000000001,13,2015,1113.9,"Haute-Cote-Nord Region, QC"
2317,Avignon/Bonaventure Region,QC,14461.0,Census division,48.2172,-65.9045,15,2015,1113.9,"Avignon/Bonaventure Region, QC"
2320,Terrebonne,QC,111575.0,Census subdivision,45.693000000000005,-73.6331,15,2015,1113.9,"Terrebonne, QC"
2325,Taber,AB,8428.0,Census subdivision,49.786,-112.1497,16,2015,1113.9,"Taber, AB"
2332,Claresholm,AB,3780.0,Census subdivision,50.0192,-113.5838,19,2015,1113.9,"Claresholm, AB"
2333,New Westminster,BC,70996.0,Census subdivision,49.2057,-122.911,19,2015,1113.9,"New Westminster, BC"
2344,Sarnia,ON,71594.0,Census subdivision,42.9745,-82.4066,112,2015,1113.9,"Sarnia, ON"
2349,Lanark County (Carleton Place),ON,10644.0,Census subdivision,45.1406,-76.1465,113,2015,1113.9,"Lanark County (Carleton Place), ON"
2373,Pitt Meadows,BC,18573.0,Census subdivision,49.2191,-122.6895,121,2015,1113.9,"Pitt Meadows, BC"
2378,Laurentides Region,QC,12710.0,Economic region,46.116667,-74.6,124,2015,1113.9,"Laurentides Region, QC"
2379,Vancouver,BC,2463431.0,CMA,49.2827,-123.1207,124,2015,1113.9,"Vancouver, BC"
2380,Harbour Grace,NL,2995.0,Census subdivision,47.6951,-53.2116,125,2015,1113.9,"Harbour Grace, NL"
2395,Redcliff,AB,5600.0,Census subdivision,50.071999999999996,-110.7819,13,2015,1113.9,"Redcliff, AB"
2396,Russell County/Hawkesbury (The Nation),ON,,,45.4056,-74.9805,13,2015,1113.9,"Russell County/Hawkesbury (The Nation), ON"
2404,Deer Lake,NL,5249.0,Census subdivision,49.1732,-57.4339,132,2015,1113.9,"Deer Lake, NL"
2409,Essex County (Leamington),ON,27595.0,Census subdivision,42.0532,-82.5999,133,2015,1113.9,"Essex County (Leamington), ON"
2412,Maria-Chapdelaine Region,QC,24793.0,Census division,49.614,-72.0911,134,2015,1113.9,"Maria-Chapdelaine Region, QC"
2413,Saguenay,QC,145949.0,Census subdivision,48.416667,-71.06667,134,2015,1113.9,"Saguenay, QC"
2414,Surrey,BC,517887.0,Census subdivision,49.1044,-122.8011,134,2015,1113.9,"Surrey, BC"
2416,Pays-d'en-Haut Region,QC,,,45.9136,-74.172,135,2015,1113.9,"Pays-d'en-Haut Region, QC"
2427,Stony Plain,AB,17189.0,Census subdivision,53.5279,-114.0019,138,2015,1113.9,"Stony Plain, AB"
2437,Prince Edward,ON,,,44.0003,-77.2505,143,2015,1113.9,"Prince Edward, ON"
2438,D'Autray Region,QC,42189.0,Census division,46.1721,-73.2616,144,2015,1113.9,"D'Autray Region, QC"
2440,Placentia,NL,3496.0,,47.2421,-53.9633,144,2015,1113.9,"Placentia, NL"
2442,Sundre,AB,2729.0,Census subdivision,51.7972,-114.6405,144,2015,1113.9,"Sundre, AB"
2449,Esterhazy,SK,2502.0,Census subdivision,50.6569,-102.0758,146,2015,1113.9,"Esterhazy, SK"
2450,Morinville,AB,9848.0,Census subdivision,53.7925,-113.6463,146,2015,1113.9,"Morinville, AB"
2457,Richmond County,NS,8964.0,Census division,45.6936,-60.6488,149,2015,1113.9,"Richmond County, NS"
2474,Victoria County,NS,2567.0,Census subdivision,46.6312,-60.4209,154,2015,1113.9,"Victoria County, NS"
2494,Fredericton,NB,58220.0,Census subdivision,45.9636,-66.6431,163,2015,1113.9,"Fredericton, NB"
2497,Mascouche,QC,46692.0,Census subdivision,45.7773,-73.6324,164,2015,1113.9,"Mascouche, QC"
2504,Whitbourne,NL,890.0,Census subdivision,47.4184,-53.5327,168,2015,1113.9,"Whitbourne, NL"
2508,Saint-Jean-sur-Richelieu,QC,84685.0,,45.3058,-73.2545,17,2015,1113.9,"Saint-Jean-sur-Richelieu, QC"
2518,Mitis Region,QC,18210.0,Census subdivision,48.6536,-68.1375,174,2015,1113.9,"Mitis Region, QC"
2524,Medicine Hat,AB,63260.0,Census subdivision,50.0405,-110.6764,175,2015,1113.9,"Medicine Hat, AB"
2529,Lac du Bonnet,MB,1081.0,Census subdivision,50.2594,-96.0616,179,2015,1113.9,"Lac du Bonnet, MB"
2538,Maple Ridge,BC,82256.0,Census subdivision,49.2193,-122.5984,181,2015,1113.9,"Maple Ridge, BC"
2540,Courtenay,BC,25599.0,Census subdivision,49.6841,-124.9904,182,2015,1113.9,"Courtenay, BC"
2554,Sechelt,BC,10216.0,Census subdivision,49.4742,-123.7546,185,2015,1113.9,"Sechelt, BC"
2560,Beaumont,AB,17396.0,Census subdivision,53.3524,-113.4154,188,2015,1113.9,"Beaumont, AB"
2569,Annapolis County,NS,20591.0,Census division,44.8529,-65.2649,19,2015,1113.9,"Annapolis County, NS"
2574,Owen Sound,ON,21341.0,Census subdivision,44.568999999999996,-80.9406,192,2015,1113.9,"Owen Sound, ON"
2586,Gatineau,QC,276245.0,Census subdivision,45.4765,-75.7013,196,2015,1113.9,"Gatineau, QC"
2591,Noelville (Warren/Killarney),ON,,,46.1293,-80.4254,199,2015,1113.9,"Noelville (Warren/Killarney), ON"
2595,Halifax,NS,403131.0,Census subdivision,44.6488,-63.5752,111,2015,1113.9,"Halifax, NS"
2597,Kindersley,SK,4571.0,Census subdivision,51.4675,-109.1547,111,2015,1113.9,"Kindersley, SK"
2598,Southey,SK,804.0,Census subdivision,50.9404,-104.4989,111,2015,1113.9,"Southey, SK"
2600,Miramichi,NB,17537.0,Census subdivision,47.0296,-65.5059,112,2015,1113.9,"Miramichi, NB"
2612,Corner Brook,NL,19806.0,Census subdivision,48.949,-57.9503,117,2015,1113.9,"Corner Brook, NL"
2623,Channel-Port aux Basques,NL,4067.0,Census subdivision,47.5721,-59.1364,111,2015,1113.9,"Channel-Port aux Basques, NL"
2642,Richibucto,NB,1266.0,Census subdivision,46.6818,-64.866,1116,2015,1113.9,"Richibucto, NB"
2644,Midland,ON,16864.0,Census subdivision,44.7495,-79.8922,1117,2015,1113.9,"Midland, ON"
2651,Manitoulin (Manitowaning),ON,13255.0,Census division,45.7373,-81.8137,1121,2015,1113.9,"Manitoulin (Manitowaning), ON"
2655,Cote-de-Gaspe Region,QC,17117.0,Census division,48.9742,-64.5193,1123,2015,1113.9,"Cote-de-Gaspe Region, QC"
2660,St. Eustache,QC,44008.0,Census subdivision,45.5585,-73.8961,1124,2015,1113.9,"St. Eustache, QC"
2669,Bridgewater,NS,8532.0,Census subdivision,44.3721,-64.5209,1127,2015,1113.9,"Bridgewater, NS"
2674,Parkland,MB,41674.0,Economic region,51.666667,-100.16667,1129,2015,1113.9,"Parkland, MB"
2676,Kings County,NS,60600.0,Census division,45.1072,-64.6553,113,2015,1113.9,"Kings County, NS"
2680,Sackville,NB,5331.0,Census subdivision,45.8979,-64.3683,1131,2015,1113.9,"Sackville, NB"
2690,Brantford,ON,97496.0,Census subdivision,43.1394,-80.2644,1134,2015,1113.9,"Brantford, ON"
2702,Cranbrook,BC,20047.0,Census subdivision,49.513000000000005,-115.7694,114,2015,1113.9,"Cranbrook, BC"
2714,North Cowichan,BC,29676.0,Census subdivision,48.8429,-123.7044,1144,2015,1113.9,"North Cowichan, BC"
2720,Yellowhead,MB,1948.0,Census subdivision,53.603,-115.28299999999999,11477,2015,1113.9,"Yellowhead, MB"
2721,Charlevoix-Est Region,QC,15509.0,Census division,47.8449,-70.0112,1148,2015,1113.9,"Charlevoix-Est Region, QC"
2727,Domaine-du-Roy Region,QC,31285.0,Census division,48.651,-73.4157,1151,2015,1113.9,"Domaine-du-Roy Region, QC"
2740,Ladysmith,BC,8537.0,Census subdivision,48.9953,-123.8161,1154,2015,1113.9,"Ladysmith, BC"
2744,Mission,BC,33261.0,Census subdivision,49.1329,-122.3262,1155,2015,1113.9,"Mission, BC"
2753,Manicouagan Region,QC,31027.0,Census division,49.216667,-68.15,1158,2015,1113.9,"Manicouagan Region, QC"
2754,Campbell River,BC,32588.0,Census subdivision,50.0331,-125.2733,1159,2015,1113.9,"Campbell River, BC"
2759,East Algoma (Elliot Lake),ON,10741.0,Census subdivision,46.3862,-82.6509,116,2015,1113.9,"East Algoma (Elliot Lake), ON"
2764,Beauharnois-Salaberry Region,QC,64320.0,Census division,45.2565,-73.9089,1163,2015,1113.9,"Beauharnois-Salaberry Region, QC"
2769,Edmonton,AB,932546.0,Census subdivision,53.5444,-113.4909,1165,2015,1113.9,"Edmonton, AB"
2793,Acton Region,QC,15594.0,Census division,45.5893,-72.5239,1174,2015,1113.9,"Acton Region, QC"
2801,Innisfail,AB,7847.0,Census subdivision,52.0274,-113.9471,1178,2015,1113.9,"Innisfail, AB"
2816,Sources Region,QC,,,45.733333,-71.8,1184,2015,1113.9,"Sources Region, QC"
2817,Strathmore,AB,13756.0,Census subdivision,51.0379,-113.4003,1184,2015,1113.9,"Strathmore, AB"
2820,Enderby,BC,2964.0,Census subdivision,50.5508,-119.1397,1185,2015,1113.9,"Enderby, BC"
2838,West Parry Sound,ON,,,45.3474,-80.0348,1191,2015,1113.9,"West Parry Sound, ON"
2839,Drummond Region,QC,103397.0,Federal electoral district,45.8615,-72.5174,1192,2015,1113.9,"Drummond Region, QC"
2842,Espanola,ON,4996.0,Census subdivision,46.2657,-81.7711,1193,2015,1113.9,"Espanola, ON"
2845,Columbia Valley,BC,266.0,Designated Place,50.5065,-116.0291,1194,2015,1113.9,"Columbia Valley, BC"
2854,Regina,SK,215106.0,Census subdivision,50.4452,-104.6189,1196,2015,1113.9,"Regina, SK"
2857,Haute-Gaspesie Region,QC,11316.0,Census division,49.2846,-65.8767,1198,2015,1113.9,"Haute-Gaspesie Region, QC"
2859,Pontiac Region,QC,14251.0,Census division,46.05,-76.91667,1198,2015,1113.9,"Pontiac Region, QC"
2877,Steinbach,MB,15829.0,Census subdivision,49.5285,-96.6911,124,2015,1113.9,"Steinbach, MB"
2885,Napanee (Greater Napanee),ON,15892.0,Census subdivision,44.2148,-76.9643,127,2015,1113.9,"Napanee (Greater Napanee), ON"
2894,Argenteuil Region,QC,32389.0,Census division,45.8,-74.46667,1212,2015,1113.9,"Argenteuil Region, QC"
2900,Queens County,NS,10351.0,Census division,44.2372,-64.98,1214,2015,1113.9,"Queens County, NS"
2901,Shawinigan Region,QC,49349.0,Census subdivision,46.5619,-72.7435,1214,2015,1113.9,"Shawinigan Region, QC"
2911,St Stephen,NB,4415.0,Census subdivision,45.1942,-67.2756,1217,2015,1113.9,"St Stephen, NB"
2926,Saskatoon,SK,246376.0,Census subdivision,52.1332,-106.67,122,2015,1113.9,"Saskatoon, SK"
2936,Gananoque,ON,5159.0,Census subdivision,44.3306,-76.1619,1223,2015,1113.9,"Gananoque, ON"
2941,Winnipeg,MB,705244.0,Census subdivision,49.8951,-97.1384,12265,2015,1113.9,"Winnipeg, MB"
2958,Rouyn-Noranda,QC,42334.0,Census subdivision,48.2342,-79.0188,1231,2015,1113.9,"Rouyn-Noranda, QC"
2967,Kawartha Lakes,ON,75423.0,Census subdivision,44.5337,-78.9006,1235,2015,1113.9,"Kawartha Lakes, ON"
2968,Woodstock,NB,5228.0,Census subdivision,43.8375,-67.6034,12355,2015,1113.9,"Woodstock, NB"
2983,Vermillion,AB,,,53.354,-110.8586,1243,2015,1113.9,"Vermillion, AB"
3014,Barrhead,AB,4579.0,Census subdivision,54.1231,-114.4017,1262,2015,1113.9,"Barrhead, AB"
3024,Thorsby,AB,985.0,Census subdivision,53.2276,-114.05,1267,2015,1113.9,"Thorsby, AB"
3026,Rosthern,SK,1688.0,Census subdivision,52.6623,-106.3318,1268,2015,1113.9,"Rosthern, SK"
3029,Wainwright,AB,6270.0,Census subdivision,52.8331,-110.8505,127,2015,1113.9,"Wainwright, AB"
3049,Barrington,NS,6646.0,,43.5643,-65.5644,1285,2015,1113.9,"Barrington, NS"
3063,Windsor,ON,217188.0,Census subdivision,42.3149,-83.0364,12931,2015,1113.9,"Windsor, ON"
3071,Banff,AB,7851.0,Census subdivision,51.1784,-115.5708,1297,2015,1113.9,"Banff, AB"
3072,Amherst,NS,9413.0,Census subdivision,45.8167,-64.2167,1298,2015,1113.9,"Amherst, NS"
3104,Renfrew,ON,8223.0,Census subdivision,45.4749,-76.6877,1316,2015,1113.9,"Renfrew, ON"
3111,Camrose,AB,18742.0,Census subdivision,53.0222,-112.8286,1318,2015,1113.9,"Camrose, AB"
3134,Cornwall ON,ON,46589.0,Census subdivision,45.0213,-74.7303,1331,2015,1113.9,"Cornwall ON, ON"
3140,Blackfalds,AB,9328.0,Census subdivision,52.3808,-113.7946,1335,2015,1113.9,"Blackfalds, AB"
3152,Golden/Field,BC,6011.0,Census subdivision,51.2961,-116.9631,1342,2015,1113.9,"Golden/Field, BC"
3171,Superior East,ON,82651.0,Federal electoral district,47.986000000000004,-84.75,1352,2015,1113.9,"Superior East, ON"
3185,St. Jerome,QC,74346.0,Census subdivision,45.7754,-74.0049,1358,2015,1113.9,"St. Jerome, QC"
3212,Trail,BC,7709.0,Census subdivision,49.0966,-117.7117,1377,2015,1113.9,"Trail, BC"
3217,Beaverlodge,AB,2465.0,Census subdivision,55.214,-119.4233,1382,2015,1113.9,"Beaverlodge, AB"
3219,Rocher-Perce Region,QC,17282.0,Census division,48.4807,-63.8941,1383,2015,1113.9,"Rocher-Perce Region, QC"
3224,Fort Saskatchewan,AB,24149.0,Census subdivision,53.7007,-113.2095,1386,2015,1113.9,"Fort Saskatchewan, AB"
3237,Abitibi Region,QC,24639.0,Census division,48.6955,-77.8985,1394,2015,1113.9,"Abitibi Region, QC"
3238,Bancroft,ON,3881.0,Census subdivision,45.0559,-77.8549,1394,2015,1113.9,"Bancroft, ON"
3247,Truro,NS,12261.0,,45.3658,-63.2869,142,2015,1113.9,"Truro, NS"
3255,North Bay,ON,51553.0,Census subdivision,46.3091,-79.4608,148,2015,1113.9,"North Bay, ON"
3262,Tracadie Sheila,NB,,,47.5121,-64.9121,1412,2015,1113.9,"Tracadie Sheila, NB"
3266,Napanee,ON,7439.0,Census subdivision,44.2148,-76.9643,1416,2015,1113.9,"Napanee, ON"
3268,Squamish,BC,19512.0,Census subdivision,49.7016,-123.1558,1418,2015,1113.9,"Squamish, BC"
3270,Pincher Creek,AB,3642.0,Census subdivision,49.4863,-113.9503,142,2015,1113.9,"Pincher Creek, AB"
3290,Killam,AB,989.0,Census subdivision,52.7911,-111.8606,1431,2015,1113.9,"Killam, AB"
3293,Antoine-Labelle Region,QC,35243.0,Census division,46.9672,-75.264,1433,2015,1113.9,"Antoine-Labelle Region, QC"
3306,Sylvan Lake,AB,14816.0,Census subdivision,52.3076,-114.098,1447,2015,1113.9,"Sylvan Lake, AB"
3309,Abitibi-Ouest Region,QC,20538.0,Census division,48.7686,-79.1244,145,2015,1113.9,"Abitibi-Ouest Region, QC"
3310,Brooks,AB,14451.0,Census subdivision,50.566,-111.8992,1452,2015,1113.9,"Brooks, AB"
3318,Mont-Tremblant,QC,9646.0,Census subdivision,46.1185,-74.5962,1461,2015,1113.9,"Mont-Tremblant, QC"
3320,Timmins,ON,41788.0,Census subdivision,48.4758,-81.3305,1462,2015,1113.9,"Timmins, ON"
3328,Neguac,NB,1684.0,Census subdivision,47.2553,-65.0709,1468,2015,1113.9,"Neguac, NB"
3342,New Glasgow Region,NS,9075.0,Census subdivision,45.5872,-62.6451,1476,2015,1113.9,"New Glasgow Region, NS"
3355,Leduc,AB,29993.0,Census subdivision,53.258,-113.5502,149,2015,1113.9,"Leduc, AB"
3369,Grand Falls,NL,1109.0,Census subdivision,48.9277,-55.6575,1498,2015,1113.9,"Grand Falls, NL"
3372,Digby,NS,2060.0,Census subdivision,44.6215,-65.7576,15,2015,1113.9,"Digby, NS"
3401,Summerside,PEI,14829.0,Census subdivision,46.3934,-63.7902,1522,2015,1113.9,"Summerside, PEI"
3408,Victoria,BC,85792.0,CMA,48.4284,-123.3656,1531,2015,1113.9,"Victoria, BC"
3417,Lloydminster,AB,19645.0,Census subdivision,53.278,-110.0061,1536,2015,1113.9,"Lloydminster, AB"
3433,Canora,SK,2024.0,Census subdivision,51.6339,-102.43700000000001,1544,2015,1113.9,"Canora, SK"
3434,Redwater,AB,2053.0,Census subdivision,53.9506,-113.1089,1544,2015,1113.9,"Redwater, AB"
3440,Orillia,ON,31166.0,Census subdivision,44.6082,-79.4197,1551,2015,1113.9,"Orillia, ON"
3441,Cold Lake,AB,14961.0,Census subdivision,54.4643,-110.1731,1552,2015,1113.9,"Cold Lake, AB"
3452,Melfort,SK,5992.0,Census subdivision,52.8608,-104.6143,1558,2015,1113.9,"Melfort, SK"
3461,Lethbridge,AB,92729.0,Census subdivision,49.6935,-112.8418,1566,2015,1113.9,"Lethbridge, AB"
3465,Thunder Bay,ON,107909.0,Census subdivision,48.3809,-89.2477,1567,2015,1113.9,"Thunder Bay, ON"
3478,Stephenville,NL,1719.0,Census subdivision,48.548,-58.5815,1581,2015,1113.9,"Stephenville, NL"
3501,Whistler,BC,11854.0,Census subdivision,50.1163,-122.9574,1597,2015,1113.9,"Whistler, BC"
3503,South Porcupine,ON,,,48.4854,-81.2102,161,2015,1113.9,"South Porcupine, ON"
3505,Codiac Regional,NB,,,46.0898,-64.7724,163,2015,1113.9,"Codiac Regional, NB"
3526,Brandon,MB,48859.0,Census subdivision,49.8485,-99.9501,1619,2015,1113.9,"Brandon, MB"
3542,Central Plains,MB,,,50.085833,-98.27806,1632,2015,1113.9,"Central Plains, MB"
3543,Thetford Mines,QC,25403.0,Census subdivision,46.1028,-71.3056,1634,2015,1113.9,"Thetford Mines, QC"
3545,Campbellton,NB,6883.0,Census subdivision,48.0074,-66.6722,1637,2015,1113.9,"Campbellton, NB"
3546,Kirkland Lake,ON,7981.0,Census subdivision,48.1497,-80.0315,1638,2015,1113.9,"Kirkland Lake, ON"
3559,Grand Falls,NB,5326.0,Census subdivision,47.048,-67.7399,164,2015,1113.9,"Grand Falls, NB"
3566,Perth Andover,NB,1590.0,Census subdivision,46.7458,-67.6978,1648,2015,1113.9,"Perth Andover, NB"
3587,Turtleford,SK,496.0,Census subdivision,53.388000000000005,-108.9584,1671,2015,1113.9,"Turtleford, SK"
3606,Stettler,AB,5952.0,Census subdivision,52.3228,-112.7109,1687,2015,1113.9,"Stettler, AB"
3617,Brockville,ON,21346.0,Census subdivision,44.5895,-75.6843,172,2015,1113.9,"Brockville, ON"
3626,Swift Current,SK,16604.0,Census subdivision,50.2851,-107.7972,1714,2015,1113.9,"Swift Current, SK"
3632,Evansburg,AB,795.0,Designated place,53.5998,-115.0177,1719,2015,1113.9,"Evansburg, AB"
3638,Wood Buffalo,AB,71589.0,Census subdivision,56.7264,-111.3803,17245,2015,1113.9,"Wood Buffalo, AB"
3651,James Bay (Hearst),ON,5070.0,Census subdivision,49.688,-83.667,1739,2015,1113.9,"James Bay (Hearst), ON"
3667,Estevan,SK,11483.0,Census subdivision,49.1391,-102.9915,1757,2015,1113.9,"Estevan, SK"
3674,Drayton Valley,AB,7235.0,Census subdivision,53.2214,-114.9767,1762,2015,1113.9,"Drayton Valley, AB"
3686,Vegreville,AB,5708.0,,53.5052,-112.0621,1779,2015,1113.9,"Vegreville, AB"
3716,Hope,BC,6181.0,Census subdivision,49.383,-121.4425,1816,2015,1113.9,"Hope, BC"
3724,Belleville,ON,50716.0,Census subdivision,44.1628,-77.3832,1823,2015,1113.9,"Belleville, ON"
3732,Chetwynd,BC,2503.0,Census subdivision,55.6977,-121.6297,183,2015,1113.9,"Chetwynd, BC"
3734,Lake Cowichan,BC,3226.0,Census subdivision,48.8258,-124.0542,1832,2015,1113.9,"Lake Cowichan, BC"
3739,Dryden,ON,7749.0,Census subdivision,49.7801,-92.837,1837,2015,1113.9,"Dryden, ON"
3748,Cardston,AB,3585.0,Census subdivision,49.1951,-113.3018,1848,2015,1113.9,"Cardston, AB"
3757,Temiscamingue Region,QC,146717.0,,47.55,-79.23333000000001,1856,2015,1113.9,"Temiscamingue Region, QC"
3764,Red Deer,AB,100418.0,Census Agglomeration,52.2681,-113.8112,1865,2015,1113.9,"Red Deer, AB"
3772,James Bay (Kapuskasing),ON,8292.0,Census subdivision,49.3803,-82.4001,187,2015,1113.9,"James Bay (Kapuskasing), ON"
3782,Kentville,NS,6271.0,Census subdivision,45.0769,-64.4945,1878,2015,1113.9,"Kentville, NS"
3803,Wakaw,SK,922.0,Census subdivision,52.6489,-105.7401,19,2015,1113.9,"Wakaw, SK"
3817,Prince George,BC,74003.0,Census subdivision,53.9171,-122.7497,193,2015,1113.9,"Prince George, BC"
3826,Hawkesbury,ON,10263.0,Census subdivision,45.6071,-74.6042,1936,2015,1113.9,"Hawkesbury, ON"
3843,Hinton,AB,9882.0,Census subdivision,53.4037,-117.5718,1963,2015,1113.9,"Hinton, AB"
3847,Smithers,BC,5401.0,Census subdivision,54.7824,-127.1686,1966,2015,1113.9,"Smithers, BC"
3854,Saint John,NB,126202.0,CMA,45.2733,-66.0633,1982,2015,1113.9,"Saint John, NB"
3861,Vallee-de-l'Or Region,QC,43226.0,Census division,48.2539,-76.5736,1993,2015,1113.9,"Vallee-de-l'Or Region, QC"
3870,Duncan,BC,4944.0,Census subdivision,48.7787,-123.7079,25,2015,1113.9,"Duncan, BC"
3896,Rocky Mountain House,AB,6635.0,Census subdivision,52.3793,-114.9183,245,2015,1113.9,"Rocky Mountain House, AB"
3920,Chapais-Chibougamau,QC,,,49.7796,-74.5281,289,2015,1113.9,"Chapais-Chibougamau, QC"
3925,Nipawin,SK,4401.0,Census subdivision,53.3624,-104.01299999999999,211,2015,1113.9,"Nipawin, SK"
3926,Vallee-de-la-Gatineau Region,QC,20182.0,Census division,46.533333,-76.05,211,2015,1113.9,"Vallee-de-la-Gatineau Region, QC"
3935,Bonnyville,AB,5417.0,Census subdivision,54.2682,-110.72,2111,2015,1113.9,"Bonnyville, AB"
3948,Broadview,SK,552.0,,50.3781,-102.5791,2129,2015,1113.9,"Broadview, SK"
3961,Sept-Rivieres Region,QC,39322.0,Census division,50.133333,-66.61667,2151,2015,1113.9,"Sept-Rivieres Region, QC"
3967,Grand Prairie,AB,63166.0,Census subdivision,55.1699,-118.7986,2161,2015,1113.9,"Grand Prairie, AB"
3971,Smiths Falls,ON,8780.0,,44.9037,-76.0216,2167,2015,1113.9,"Smiths Falls, ON"
3978,Port Alberni,BC,17678.0,Census subdivision,49.2339,-124.8055,2182,2015,1113.9,"Port Alberni, BC"
3988,Fort Francis (Rainy River District),ON,20110.0,Census division,48.6099,-93.3955,2211,2015,1113.9,"Fort Francis (Rainy River District), ON"
4023,Fort Qu'Appelle,SK,2027.0,Census subdivision,50.7681,-103.78299999999999,228,2015,1113.9,"Fort Qu'Appelle, SK"
4032,Ponoka,AB,7229.0,Census subdivision,52.6759,-113.5832,23,2015,1113.9,"Ponoka, AB"
4033,La Tuque,QC,11001.0,Census subdivision,47.4383,-72.7839,231,2015,1113.9,"La Tuque, QC"
4035,Dawson Creek,BC,12178.0,Census subdivision,55.7596,-120.2377,234,2015,1113.9,"Dawson Creek, BC"
4043,Yorkton,SK,16343.0,Census subdivision,51.2174,-102.4739,231,2015,1113.9,"Yorkton, SK"
4059,Peace River,AB,6842.0,Census subdivision,56.2342,-117.2894,2342,2015,1113.9,"Peace River, AB"
4074,Greenstone,ON,4636.0,Census subdivision,49.7667,-87.2833,2388,2015,1113.9,"Greenstone, ON"
4080,Minganie Region,QC,11323.0,Census division,50.233333,-63.6,245,2015,1113.9,"Minganie Region, QC"
4091,Kenora,ON,15096.0,Census subdivision,49.766999999999996,-94.4894,244,2015,1113.9,"Kenora, ON"
4092,St. Paul,AB,5827.0,Census subdivision,53.9911,-111.2953,2443,2015,1113.9,"St. Paul, AB"
4093,Quesnel,BC,23146.0,Census Agglomeration,52.9817,-122.4949,2444,2015,1113.9,"Quesnel, BC"
4095,James Bay,ON,83257.0,Federal electoral district,53.083332999999996,-80.58333,2451,2015,1113.9,"James Bay, ON"
4103,Carlyle,SK,1508.0,Census subdivision,49.63399999999999,-102.2671,2469,2015,1113.9,"Carlyle, SK"
4120,Whitecourt,AB,10204.0,Census subdivision,54.1424,-115.685,2515,2015,1113.9,"Whitecourt, AB"
4130,Vanderhoof,BC,4439.0,Census subdivision,54.013999999999996,-124.01299999999999,2533,2015,1113.9,"Vanderhoof, BC"
4131,Fort St. John,BC,20155.0,Census subdivision,56.2524,-120.8464,2534,2015,1113.9,"Fort St. John, BC"
4142,Merritt,BC,7139.0,Census subdivision,50.1113,-120.7862,258,2015,1113.9,"Merritt, BC"
4157,Selkirk,MB,10278.0,Census subdivision,50.1435,-96.8754,2631,2015,1113.9,"Selkirk, MB"
4163,Terrace,BC,11643.0,Census subdivision,54.5182,-128.6032,2642,2015,1113.9,"Terrace, BC"
4177,Northern Rockies Regional Municipality,BC,4831.0,Census subdivision,58.8232,-123.4128,2684,2015,1113.9,"Northern Rockies Regional Municipality, BC"
4178,Edson,AB,8414.0,Census subdivision,53.5855,-116.4429,2686,2015,1113.9,"Edson, AB"
4187,Sioux Lookout,ON,5272.0,Census subdivision,50.0978,-91.92200000000001,2737,2015,1113.9,"Sioux Lookout, ON"
4198,Whitehorse,YT,25085.0,Census subdivision,60.7212,-135.0568,2766,2015,1113.9,"Whitehorse, YT"
4202,Prince Albert,SK,35926.0,Census subdivision,53.2033,-105.7531,2774,2015,1113.9,"Prince Albert, SK"
4206,Lundar,MB,462.0,Census subdivision,50.698,-98.0414,2787,2015,1113.9,"Lundar, MB"
4217,Wetaskiwin,AB,12655.0,Census subdivision,52.9695,-113.3772,2814,2015,1113.9,"Wetaskiwin, AB"
4222,Williams Lake,BC,10753.0,Census subdivision,52.1417,-122.1417,28354,2015,1113.9,"Williams Lake, BC"
4226,Burns Lake,BC,1779.0,Census subdivision,54.2334,-125.7636,2848,2015,1113.9,"Burns Lake, BC"
4237,Dauphin,MB,8457.0,Census subdivision,51.15,-100.0497,2881,2015,1113.9,"Dauphin, MB"
4243,Port Hardy,BC,4132.0,Census subdivision,50.7124,-127.4604,2934,2015,1113.9,"Port Hardy, BC"
4274,Athabasca,AB,2965.0,Census subdivision,54.7214,-113.2862,312,2015,1113.9,"Athabasca, AB"
4282,Prince Rupert,BC,12220.0,Census subdivision,54.315,-130.3208,3163,2015,1113.9,"Prince Rupert, BC"
4295,Slave Lake,AB,6651.0,Census subdivision,55.2867,-114.7711,3218,2015,1113.9,"Slave Lake, AB"
4304,Happy Valley-Goose Bay,NL,8109.0,Census subdivision,53.3017,-60.3261,327,2015,1113.9,"Happy Valley-Goose Bay, NL"
4305,Swan River,MB,4014.0,Census subdivision,52.1051,-101.2706,3273,2015,1113.9,"Swan River, MB"
4321,Yellowknife,NWT,19569.0,Census subdivision,62.45399999999999,-114.3718,3332,2015,1113.9,"Yellowknife, NWT"
4335,Yarmouth,NS,6518.0,Census subdivision,43.8375,-66.1174,3455,2015,1113.9,"Yarmouth, NS"
4355,New Hazelton,BC,580.0,Census subdivision,55.2476,-127.5916,3639,2015,1113.9,"New Hazelton, BC"
4361,Portage la Prairie,MB,13304.0,Census agglomeration,49.9723,-98.2903,3676,2015,1113.9,"Portage la Prairie, MB"
4365,Shellbrook,SK,1444.0,Census subdivision,53.2231,-106.3884,3756,2015,1113.9,"Shellbrook, SK"
4372,High Prairie,AB,2564.0,Census subdivision,55.4339,-116.4877,396,2015,1113.9,"High Prairie, AB"
4393,Flin Flon,MB,4982.0,Census subdivision,54.7658,-101.8762,4186,2015,1113.9,"Flin Flon, MB"
4403,Island Lake,MB,228.0,Census subdivision,53.8024,-94.4133,4265,2015,1113.9,"Island Lake, MB"
4405,Mayerthorpe,AB,1320.0,Census subdivision,53.9525,-115.1397,4296,2015,1113.9,"Mayerthorpe, AB"
4406,Ste. Rose du Lac,MB,1021.0,Designated place,51.0611,-99.5234,431,2015,1113.9,"Ste. Rose du Lac, MB"
4440,North Battleford,SK,14315.0,Census subdivision,52.7765,-108.2975,5115,2015,1113.9,"North Battleford, SK"
4452,Lac La Biche,AB,8330.0,Census subdivision,54.7696,-111.9725,558,2015,1113.9,"Lac La Biche, AB"
4462,The Pas,MB,5369.0,Census subdivision,53.8255,-101.2476,631,2015,1113.9,"The Pas, MB"
4470,Thompson,MB,1422.0,Census subdivision,55.7449,-97.8509,6458,2015,1113.9,"Thompson, MB"
4475,Powerview,MB,684.0,Designated place,50.5648,-96.1972,685,2015,1113.9,"Powerview, MB"
4499,Iqaluit,NU,7740.0,Census subdivision,63.7467,-68.517,932,2015,1113.9,"Iqaluit, NU"
4501,High Level,AB,3159.0,Census subdivision,58.5164,-117.1352,945,2015,1113.9,"High Level, AB"
4503,La Ronge,SK,2688.0,Census subdivision,55.1082,-105.286,9942,2015,1113.9,"La Ronge, SK"
4504,Treaty Three Communities,ON,,,49.766999999999996,-94.4894,182,2015,1113.9,"Treaty Three Communities, ON"
4532,T'Kumlups,BC,,,50.680275,-120.29456,0,2015,1113.9,"T'Kumlups, BC"
4535,Acadian Peninsula District,NB,,,47.5237,-65.2143,0,2015,1113.9,"Acadian Peninsula District, NB"
4543,Arnprior,ON,8795.0,Census subdivision,45.4347,-76.3518,0,2015,1113.9,"Arnprior, ON"
4545,Avalon East District,NL,86494.0,Federal Electoral District,47.29,-53.35,0,2015,1113.9,"Avalon East District, NL"
4553,Bay St. George District,NL,1103.0,Designated Place,48.4275,-58.47778,0,2015,1113.9,"Bay St. George District, NL"
4561,Blairmore,AB,,,49.63399999999999,-114.5183,0,2015,1113.9,"Blairmore, AB"
4563,Caledonia District,NB,,,46.133218,-64.74835,0,2015,1113.9,"Caledonia District, NB"
4565,Carleton District,NB,102918.0,Federal electoral district,46.378,-67.49,0,2015,1113.9,"Carleton District, NB"
4567,Charlotte/The Isles District,NB,,,44.933333000000005,-66.98333000000001,0,2015,1113.9,"Charlotte/The Isles District, NB"
4569,Clarenville-Bonavista District,NL,9739.0,Census subdivision,48.1464,-53.9628,0,2015,1113.9,"Clarenville-Bonavista District, NL"
4571,Deer Lake District,NL,5249.0,Census subdivision,49.107,-57.513000000000005,0,2015,1113.9,"Deer Lake District, NL"
4577,Drummond-North Elmsley,ON,7773.0,Census subdivision,44.9702,-76.2018,0,2015,1113.9,"Drummond-North Elmsley, ON"
4579,Grand Falls-Windsor District,NL,14171.0,Census subdivision,48.9277,-55.6575,0,2015,1113.9,"Grand Falls-Windsor District, NL"
4582,Grey County (Meaford),ON,10991.0,Census subdivision,44.6059,-80.5937,0,2015,1113.9,"Grey County (Meaford), ON"
4587,Grimshaw,AB,2718.0,Census subdivision,56.1894,-117.6105,0,2015,1113.9,"Grimshaw, AB"
4595,Joliette,QC,20484.0,Census subdivision,46.013999999999996,-73.4178,0,2015,1113.9,"Joliette, QC"
4597,Kent District,NB,,,46.4652,-65.2842,0,2015,1113.9,"Kent District, NB"
4605,Kipling,SK,1074.0,Census subdivision,50.1023,-102.6323,0,2015,1113.9,"Kipling, SK"
4613,Lloydminster,SK,11765.0,Census subdivision,53.278,-110.005,0,2015,1113.9,"Lloydminster, SK"
4615,Madawaska/Victoria District,NB,32741.0,Census division,47.421417,-68.36061,0,2015,1113.9,"Madawaska/Victoria District, NB"
4617,Northern Peninsula District,NL,,,50.4635,-56.768640000000005,0,2015,1113.9,"Northern Peninsula District, NL"
4618,Peterborough County (Cavan-Millbrook-North Monaghan),ON,138236.0,Census division,44.2087,-78.4525,0,2015,1113.9,"Peterborough County (Cavan-Millbrook-North Monaghan), ON"
4620,Placentia-Whitbourne District,NL,,,47.4184,-53.5327,0,2015,1113.9,"Placentia-Whitbourne District, NL"
4627,Prevost,QC,13002.0,Census subdivision,45.8657,-74.0721,0,2015,1113.9,"Prevost, QC"
4629,Restigouche/Chaleur District,NB,,,47.77,-65.8,0,2015,1113.9,"Restigouche/Chaleur District, NB"
4633,Riviere-du-Loup,QC,28902.0,Census division,47.836000000000006,-69.536,0,2015,1113.9,"Riviere-du-Loup, QC"
4637,Saint-Georges,QC,32513.0,Census subdivision,46.1229,-70.6704,0,2015,1113.9,"Saint-Georges, QC"
4639,South East District,NB,,,46.0431,-64.5263,0,2015,1113.9,"South East District, NB"
4643,Ste. Adele,QC,,,45.9521,-74.13600000000001,0,2015,1113.9,"Ste. Adele, QC"
4644,Ste. Marie,QC,,,46.43899999999999,-71.0213,0,2015,1113.9,"Ste. Marie, QC"
4647,Temiskaming,ON,9920.0,Census subdivision,47.833333,-80.5,0,2015,1113.9,"Temiskaming, ON"
4763,Lake Country,BC,12922.0,Census subdivision,50.0549,-119.4148,0,2015,1113.9,"Lake Country, BC"
4764,Lameque,NB,1285.0,Census subdivision,47.7934,-64.6479,0,2015,1113.9,"Lameque, NB"
