,Characters,Gender,Movie,Word_count
0,Rey,Female,The Force Awakens,1058
1,Maz Kanata,Female,The Force Awakens,256
2,Leia,Female,The Force Awakens,238
3,Phasma,Female,The Force Awakens,72
4,Jess,Female,The Force Awakens,18
5,Rey / Han,Female,The Force Awakens,16
6,Woman,Female,The Force Awakens,9
7,Girl Officer,Female,The Force Awakens,8
8,Some Guy,Female,The Force Awakens,8
9,Rey / Finn,Female,The Force Awakens,4
10,Unknown Lady,Female,The Force Awakens,2
11,Villager,Female,The Force Awakens,2
12,Han Solo,Male,The Force Awakens,1234
13,Kylo Ren,Male,The Force Awakens,604
14,General Hux,Male,The Force Awakens,315
15,Snoke,Male,The Force Awakens,143
16,Bala-Tik,Male,The Force Awakens,104
17,Lor San Tekka,Male,The Force Awakens,94
18,Unkar,Male,The Force Awakens,46
19,Statura,Male,The Force Awakens,42
20,Captain,Male,The Force Awakens,31
21,Pilot,Male,The Force Awakens,24
22,Rey / Han,Male,The Force Awakens,16
23,Obi Wan,Male,The Force Awakens,10
24,Medic,Male,The Force Awakens,8
25,Yoda,Male,The Force Awakens,7
26,Emmat,Male,The Force Awakens,4
27,Rey / Finn,Male,The Force Awakens,4
28,Unknown Man,Male,The Force Awakens,4
29,Threepio,Robots,The Force Awakens,132
0,Leia,Female,Return of the Jedi,364
1,Mon Mothma,Female,Return of the Jedi,92
2,Luke,Male,Return of the Jedi,936
3,Han,Male,Return of the Jedi,830
4,Emperor,Male,Return of the Jedi,511
5,Ben,Male,Return of the Jedi,453
6,Vader,Male,Return of the Jedi,383
7,Lando,Male,Return of the Jedi,378
8,Ackbar,Male,Return of the Jedi,179
9,Yoda,Male,Return of the Jedi,161
10,Wedge,Male,Return of the Jedi,64
11,Commander,Male,Return of the Jedi,59
12,Piett,Male,Return of the Jedi,58
13,Jerjerrod,Male,Return of the Jedi,51
14,General Madine,Male,Return of the Jedi,37
15,Boushh,Male,Return of the Jedi,24
16,Stormtrooper,Male,Return of the Jedi,21
17,Bib,Male,Return of the Jedi,18
18,Controller,Male,Return of the Jedi,15
19,Rebel Pilot,Male,Return of the Jedi,13
20,Control Room Commander,Male,Return of the Jedi,9
21,Jabba,Male,Return of the Jedi,6
22,Oola,Male,Return of the Jedi,6
23,Bunker Commander,Male,Return of the Jedi,5
24,Scout,Male,Return of the Jedi,5
25,Pilot,Male,Return of the Jedi,3
26,Han And Luke,Male,Return of the Jedi,1
27,Threepio,Robots,Return of the Jedi,866
28,Ninedenine,Robots,Return of the Jedi,71
0,Leia,Female,The Empire Strikes Back,775
1,Woman Controller,Female,The Empire Strikes Back,5
2,Han,Male,The Empire Strikes Back,1580
3,Luke,Male,The Empire Strikes Back,989
4,Yoda,Male,The Empire Strikes Back,762
5,Vader,Male,The Empire Strikes Back,667
6,Lando,Male,The Empire Strikes Back,618
7,Piett,Male,The Empire Strikes Back,185
8,Ben,Male,The Empire Strikes Back,143
9,Rieekan,Male,The Empire Strikes Back,128
10,Veers,Male,The Empire Strikes Back,87
11,Needa,Male,The Empire Strikes Back,82
12,Zev,Male,The Empire Strikes Back,70
13,Deck Officer,Male,The Empire Strikes Back,62
14,Ozzel,Male,The Empire Strikes Back,57
15,Emperor,Male,The Empire Strikes Back,51
16,Dack,Male,The Empire Strikes Back,42
17,Wedge,Male,The Empire Strikes Back,31
18,Boba Fett,Male,The Empire Strikes Back,28
19,Controller,Male,The Empire Strikes Back,28
20,Derlin,Male,The Empire Strikes Back,27
21,Rebel Captain,Male,The Empire Strikes Back,27
22,Lieutenant,Male,The Empire Strikes Back,17
23,Tracking Officer,Male,The Empire Strikes Back,17
24,Communications Officer,Male,The Empire Strikes Back,12
25,Senior Controller,Male,The Empire Strikes Back,12
26,Second Controller,Male,The Empire Strikes Back,11
27,Trench Officer,Male,The Empire Strikes Back,11
28,Janson,Male,The Empire Strikes Back,9
29,Hobbie,Male,The Empire Strikes Back,6
30,Man'S Voice,Male,The Empire Strikes Back,3
31,Rebel Fighter,Male,The Empire Strikes Back,2
32,Threepio,Robots,The Empire Strikes Back,1201
33,Medical Droid,Robots,The Empire Strikes Back,15
34,Second Threepio,Robots,The Empire Strikes Back,3
0,Leia,Female,A New Hope,797
1,Aunt Beru,Female,A New Hope,18
2,Camie,Female,A New Hope,14
3,Woman,Female,A New Hope,8
4,Luke,Male,A New Hope,3224
5,Han,Male,A New Hope,2236
6,Ben,Male,A New Hope,1204
7,Biggs,Male,A New Hope,643
8,Vader,Male,A New Hope,613
9,Tarkin,Male,A New Hope,477
10,Red Leader,Male,A New Hope,406
11,Owen,Male,A New Hope,385
12,Jabba,Male,A New Hope,264
13,Dodonna,Male,A New Hope,219
14,Officer,Male,A New Hope,154
15,Trooper,Male,A New Hope,149
16,Wedge,Male,A New Hope,140
17,Gold Leader,Male,A New Hope,119
18,Motti,Male,A New Hope,119
19,Greedo,Male,A New Hope,113
20,Tagge,Male,A New Hope,107
21,Red Ten,Male,A New Hope,62
22,Gold Five,Male,A New Hope,60
23,First Trooper,Male,A New Hope,53
24,Fixer,Male,A New Hope,46
25,Officer Cass,Male,A New Hope,37
26,Commander,Male,A New Hope,34
27,Human,Male,A New Hope,34
28,Gantry Officer,Male,A New Hope,33
29,Willard,Male,A New Hope,32
30,Man'S Voice,Male,A New Hope,31
31,Chief,Male,A New Hope,30
32,Imperial Officer,Male,A New Hope,29
33,Bartender,Male,A New Hope,25
34,Rebel Officer,Male,A New Hope,19
35,Astro-Officer,Male,A New Hope,18
36,Red Nine,Male,A New Hope,15
37,Second Trooper,Male,A New Hope,14
38,Gold Two,Male,A New Hope,11
39,Technician,Male,A New Hope,9
40,Chief Pilot,Male,A New Hope,5
41,Deak,Male,A New Hope,5
42,Porkins,Male,A New Hope,5
43,Threepio,Robots,A New Hope,1841
0,Anakin,Male,Revenge of the Sith,9573
1,Obi-Wan,Male,Revenge of the Sith,8124
2,Palpatine,Male,Revenge of the Sith,7266
3,Padme,Female,Revenge of the Sith,3897
4,Yoda,Male,Revenge of the Sith,2406
5,Mace Windu,Male,Revenge of the Sith,1617
6,Bail Organa,Male,Revenge of the Sith,1227
7,Threepio,Robots,Revenge of the Sith,813
8,General Grievous,Robots,Revenge of the Sith,789
9,Mon Mothma,Female,Revenge of the Sith,345
10,Qui-Gon,Male,Revenge of the Sith,306
11,Kl-Adi-Mundi,Male,Revenge of the Sith,273
12,Clone Commander Cody,Male,Revenge of the Sith,246
13,Count Dooku,Male,Revenge of the Sith,195
15,Medical Droid,Robots,Revenge of the Sith,168
16,Nute Gunray,Male,Revenge of the Sith,165
17,Clone Sergeant,Male,Revenge of the Sith,129
19,Mas Amedda,Male,Revenge of the Sith,102
20,Giddean Danu,Male,Revenge of the Sith,93
22,Odd Ball,Male,Revenge of the Sith,78
23,Captain Typho,Male,Revenge of the Sith,69
24,Fang Zar,Male,Revenge of the Sith,69
26,Clone Commander Gree,Male,Revenge of the Sith,60
27,Bana Breemu,Female,Revenge of the Sith,57
29,Creature,Male,Revenge of the Sith,54
30,Jar Jar,Male,Revenge of the Sith,54
31,Glddean Danu,Male,Revenge of the Sith,48
33,Super Battle Droid G21,Robots,Revenge of the Sith,42
35,Aayla,Female,Revenge of the Sith,42
36,Younglings,Male,Revenge of the Sith,42
38,Bodyguard,Male,Revenge of the Sith,39
39,Super Battle Droid 1,Robots,Revenge of the Sith,39
42,Bodyguard I,Male,Revenge of the Sith,27
43,Plo Koon,Male,Revenge of the Sith,24
44,Clone Commander Bacara,Male,Revenge of the Sith,24
45,Battle Droid,Robots,Revenge of the Sith,21
46,Super Battle Droid R77,Robots,Revenge of the Sith,21
47,Rune Haako,Male,Revenge of the Sith,18
49,Super Battle Droid 2,Robots,Revenge of the Sith,18
50,Super Battle Droid,Robots,Revenge of the Sith,18
51,Droid 1,Robots,Revenge of the Sith,15
53,Terr Taneel,Female,Revenge of the Sith,12
54,Anakin/Obi-Wan,Male,Revenge of the Sith,12
55,At-St Clone Sergeant,Male,Revenge of the Sith,12
58,Motee,Female,Revenge of the Sith,9
59,Chi Eekway,Female,Revenge of the Sith,6
60,Droid 2,Robots,Revenge of the Sith,6
0,K-2SO,Droid,Rogue One,2340
1,Cassian,Male,Rogue One,2270
2,Jyn Erso,Female,Rogue One,1928
3,Bodhi,Male,Rogue One,1180
4,Galen Erso,Male,Rogue One,1008
5,Krennic,Male,Rogue One,924
6,Chirrut,Male,Rogue One,808
7,Tarkin,Male,Rogue One,458
8,Saw Gerrera,Male,Rogue One,448
9,Stormtrooper,Male,Rogue One,378
10,Baze,Male,Rogue One,258
11,Raddus,Male,Rogue One,250
12,Tivik,Male,Rogue One,210
13,Darth Vader,Male,Rogue One,192
14,Mon Mothma,Female,Rogue One,178
15,Rebel,Male,Rogue One,168
16,Melshi,Male,Rogue One,150
17,Imperial,Male,Rogue One,124
18,Senator Senator Organa,Male,Rogue One,122
19,Blue Leader,Male,Rogue One,110
20,Pamlo,Female,Rogue One,92
21,Threepio,Droid,Rogue One,76
22,Lieutenant,Male,Rogue One,74
23,Gold Leader,Male,Rogue One,64
24,Lyra,Female,Rogue One,60
25,Soldier,Male,Rogue One,58
26,Jebel,Male,Rogue One,56
27,Tonc,Male,Rogue One,52
28,Romodi,Male,Rogue One,50
29,Captain Antilles,Male,Rogue One,48
30,Vaspar,Male,Rogue One,48
31,Officer,Male,Rogue One,26
32,Red Leader,Male,Rogue One,24
33,Vanee,Male,Rogue One,12
34,Dr. Evazan,Male,Rogue One,10
35,Engineer,Male,Rogue One,10
36,Dodonna,Male,Rogue One,8
37,Mother,Female,Rogue One,4
38,Leia,Female,Rogue One,2
0,Padme,Female,Attack of the Clones,2343
1,Anakin,Male,Attack of the Clones,2061
2,Obi-Wan,Male,Attack of the Clones,1482
3,Palpatine,Male,Attack of the Clones,590
4,Count Dooku,Male,Attack of the Clones,584
5,Yoda,Male,Attack of the Clones,355
6,Lama Su,Male,Attack of the Clones,350
7,Jocasta Nu,Female,Attack of the Clones,331
8,Threepio,Droid,Attack of the Clones,318
9,Jar Jar,Male,Attack of the Clones,254
10,Cliegg,Male,Attack of the Clones,152
11,Dexter Jettster,Male,Attack of the Clones,151
12,Watto,Male,Attack of the Clones,140
13,Taun We,Female,Attack of the Clones,139
14,Queen Jamillia,Female,Attack of the Clones,135
15,Jango Fett,Male,Attack of the Clones,98
16,Mas Amedda,Male,Attack of the Clones,95
17,Sio Bibble,Male,Attack of the Clones,91
18,Bail Organa,Male,Attack of the Clones,89
19,Sola,Female,Attack of the Clones,86
20,Captain Typho,Male,Attack of the Clones,81
21,Jobal,Female,Attack of the Clones,78
22,Ruwee,Male,Attack of the Clones,75
23,Pk-4,Droid,Attack of the Clones,69
24,Senator Ask Aak,Male,Attack of the Clones,66
25,Owen,Male,Attack of the Clones,56
26,Mace Windu,Male,Attack of the Clones,53
27,Poggle,Male,Attack of the Clones,42
28,Shmi,Female,Attack of the Clones,39
29,Sun Rit,Male,Attack of the Clones,38
30,Nute Gunray,Male,Attack of the Clones,34
31,Orn Free Taa,Male,Attack of the Clones,33
32,Amidala,Female,Attack of the Clones,26
33,Hermione Bagwa,Female,Attack of the Clones,26
34,Zam Wessel,Female,Attack of the Clones,26
35,Ki-Adi-Mundi,Male,Attack of the Clones,26
36,Dorme,Female,Attack of the Clones,20
37,Ambassador Darsana,Male,Attack of the Clones,17
38,Elan,Male,Attack of the Clones,17
39,Boba Fett,Male,Attack of the Clones,14
40,Clone Captain,Male,Attack of the Clones,11
41,Cord√©,Female,Attack of the Clones,8
42,Plo Koon,Male,Attack of the Clones,8
43,Beru,Female,Attack of the Clones,7
44,Dar Wac,Male,Attack of the Clones,7
45,Ryoo & Pooja,Female,Attack of the Clones,5
46,Droid Captain,Droid,Attack of the Clones,2
0,Qui-Gon,Male,The Phantom Menace,2118
1,Anakin,Male,The Phantom Menace,1565
2,Padme,Female,The Phantom Menace,659
3,Obi-Wan,Male,The Phantom Menace,630
4,Amidala,Female,The Phantom Menace,611
5,Nute,Male,The Phantom Menace,598
6,Jar Jar,Male,The Phantom Menace,583
7,Watto,Male,The Phantom Menace,482
8,Fode/Beed,Male,The Phantom Menace,373
9,Capt. Panaka,Male,The Phantom Menace,364
10,Palpatine,Male,The Phantom Menace,274
11,Mace Windu,Male,The Phantom Menace,228
12,Boss Nass,Male,The Phantom Menace,192
13,Ric Olie,Male,The Phantom Menace,118
14,Yoda,Male,The Phantom Menace,74
15,Threepio,Droid,The Phantom Menace,66
16,Darth Maul,Male,The Phantom Menace,65
17,Tc-14,Droid,The Phantom Menace,50
18,Sebulba,Male,The Phantom Menace,39
19,Jabba,Male,The Phantom Menace,35
20,Captain,Male,The Phantom Menace,20
21,Battle Droid Captain,Droid,The Phantom Menace,20
22,Pk-4,Droid,The Phantom Menace,17
23,Eg-9,Droid,The Phantom Menace,7
24,General Ceel,Male,The Phantom Menace,5
25,P-59,Droid,The Phantom Menace,5
26,Owo-1,Droid,The Phantom Menace,4
27,Guard Droid,Droid,The Phantom Menace,4
