Age,Athlete,Country,Medal,NOC,Rank,Time,Years
27,Edy Reinalter,Switzerland,Gold,SUI,1,2:10.3,1948
26,James Couttet,France,Silver,FRA,2,2:10.8,1948
22,Henri Oreiller,France,Bronze,FRA,3,2:12.8,1948
26,Silvio AlverÃ,Italy,,ITA,4,2:13.2,1948
25,Olle Dalman,Sweden,,SWE,5,2:13.6,1948
22,Egon SchÃ¶pf,Austria,,AUT,6,2:14.2,1948
21,Jack Reddish,United States,,USA,7,2:15.5,1948
27,Karl Molitor,Switzerland,,SUI,8,2:16.2,1948
27,LuboÅ¡ Brchel,Czechoslovakia,,TCH,9,2:16.6,1948
26,Sixten Isberg,Sweden,,SWE,10,2:17.2,1948
28,Hans Hansson,Sweden,,SWE,11,2:18.3,1948
23,Edi Mall,Austria,,AUT,11,2:18.3,1948
22,Georges Schneider,Switzerland,,SUI,13,2:18.4,1948
27,Zeno ColÃ²,Italy,,ITA,14,2:19.0,1948
20,DÃ©sirÃ© Lacroix,France,,FRA,15,2:19.9,1948
25,Steve Knowlton,United States,,USA,16,2:20.5,1948
25,Engelbert Haider,Austria,,AUT,17,2:22.8,1948
,SaÅ¡a Molnar,Yugoslavia,,YUG,18,2:23.4,1948
21,Harvey Clifford,Canada,,CAN,19,2:23.7,1948
20,Colin Stewart,United States,,USA,20,2:24.1,1948
20,Aimo Vartiainen,Finland,,FIN,21,2:25.0,1948
27,AntonÃ­n Å ponar,Czechoslovakia,,TCH,22,2:26.7,1948
19,Bjarne Arentz,Norway,,NOR,23,2:27.7,1948
30,Barney McLean,United States,,USA,24,2:28.1,1948
24,PÃ©ter Szikla,Hungary,,HUN,25,2:29.2,1948
24,"Jack Nielsen, Jr.",Norway,,NOR,26,2:29.8,1948
21,MatevÅ¾ Lukanc,Yugoslavia,,YUG,27,2:30.9,1948
20,Hector Sutherland,Canada,,CAN,28,2:31.2,1948
20,Stein Eriksen,Norway,,NOR,29,2:32.4,1948
30,Vittorio Chierroni,Italy,,ITA,30,2:32.5,1948
22,JÃ³zef Marusarz,Poland,,POL,31,2:33.2,1948
22,Pentti Alonen,Finland,,FIN,32,2:35.8,1948
24,Daniel Å lachta,Czechoslovakia,,TCH,33,2:38.7,1948
23,Claude Penz,France,,FRA,34,2:40.1,1948
24,TamÃ¡s SzÃ©kely,Hungary,,HUN,35,2:42.7,1948
33,Franci Äop,Yugoslavia,,YUG,36,2:43.7,1948
30,Bert Irwin,Canada,,CAN,37,2:46.0,1948
26,Dumitru SulicÄ,Romania,,ROU,38,2:47.9,1948
22,Ion Coliban,Romania,,ROU,39,2:48.9,1948
27,Tine Mulej,Yugoslavia,,YUG,40,2:51.0,1948
27,Alf Opheim,Norway,,NOR,41,2:51.4,1948
19,Luis de Ridder,Argentina,,ARG,42,2:52.4,1948
21,Gino de PellegrÃ­n,Argentina,,ARG,43,2:53.3,1948
23,Dimitar Drazhev,Bulgaria,,BUL,44,2:54.0,1948
25,JosÃ© Arias,Spain,,ESP,45,2:55.9,1948
20,Juan Poll,Spain,,ESP,45,2:55.9,1948
27,David Madzhar,Bulgaria,,BUL,47,2:58.3,1948
19,Lajos MÃ¡tÃ©,Hungary,,HUN,48,3:00.6,1948
30,Donald Garrow,Great Britain,,GBR,49,3:01.3,1948
27,Bill Irwin,Canada,,CAN,50,3:01.6,1948
25,Thomas de Morawitz,Spain,,ESP,51,3:07.8,1948
22,HernÃ¡n Oelckers,Chile,,CHI,52,3:09.0,1948
17,Otto Jung,Argentina,,ARG,53,3:15.7,1948
25,Arturo Hammersley,Chile,,CHI,54,3:16.1,1948
24,Ian Appleyard,Great Britain,,GBR,55,3:20.1,1948
17,Pablo Rosenkjer,Argentina,,ARG,56,3:27.9,1948
28,Bela Imre,Romania,,ROU,57,3:37.7,1948
27,RaÅit Tolun,Turkey,,TUR,58,3:42.0,1948
27,GuÃ°mundur GuÃ°mundsson,Iceland,,ISL,59,3:54.6,1948
18,Osman YÃ¼ce,Turkey,,TUR,60,4:08.6,1948
23,Harry Taylor,Great Britain,,GBR,61,4:09.9,1948
22,Dursun Bozkurt,Turkey,,TUR,62,4:11.2,1948
20,John Boyagis,Great Britain,,GBR,63,4:14.1,1948
15,Muzaffer Demirhan,Turkey,,TUR,64,4:25.7,1948
21,RamÃ³n Blanco,Spain,,ESP,65,4:27.5,1948
23,Ibrahim Geagea,Lebanon,,LIB,66,4:34.1,1948
22,ZdenÄk Parma,Czechoslovakia,,TCH,,,1948
20,Karl Gamma,Switzerland,,SUI,,,1948
28,Roberto Lacedelli,Italy,,ITA,,,1948
20,Ãke Nilsson,Sweden,,SWE,,,1948
35,Jan Lipowski,Poland,,POL,,,1948
25,Jan GÄsienica Ciaptak,Poland,,POL,,,1948
24,Jaime ErrÃ¡zuriz,Chile,,CHI,,,1948
24,Hans Hinterholzer,Austria,,AUT,,,1948
20,Christian Pravda,Austria,,AUT,,,1948
28,GyÃ¶rgy Libik,Hungary,,HUN,,,1948
21,Radu ScÃ®rneci,Romania,,ROU,,,1948
23,Othmar Schneider,Austria,Gold,AUT,1,2:00.0,1952
24,Stein Eriksen,Norway,Silver,NOR,2,2:01.2,1952
22,Guttorm Berge,Norway,Bronze,NOR,3,2:01.7,1952
31,Zeno ColÃ²,Italy,,ITA,4,2:01.8,1952
25,Stig Sollander,Sweden,,SWE,5,2:02.6,1952
30,James Couttet,France,,FRA,6,2:02.8,1952
25,Fred Rubi,Switzerland,,SUI,7,2:03.3,1952
23,Per Rollum,Norway,,NOR,8,2:04.5,1952
22,"Brooks Dodge, Jr.",United States,,USA,9,2:04.7,1952
27,Franz Bumann,Switzerland,,SUI,10,2:04.8,1952
20,Chiharu Igaya,Japan,,JPN,11,2:05.7,1952
22,Firmin Mattis,France,,FRA,12,2:06.0,1952
21,Beni ObermÃ¼ller,Germany,,GER,13,2:07.5,1952
23,Pekka Alonen,Finland,,FIN,14,2:08.7,1952
29,Olle Dalman,Sweden,,SWE,15,2:08.8,1952
24,Willi Klein,Germany,,GER,16,2:08.9,1952
25,Jack Reddish,United States,,USA,17,2:09.0,1952
24,Ãke Nilsson,Sweden,,SWE,18,2:09.5,1952
30,Silvio AlverÃ,Italy,,ITA,19,2:09.8,1952
24,Maurice Sanglard,France,,FRA,20,2:10.0,1952
23,Bernhard Perren,Switzerland,,SUI,21,2:10.1,1952
20,Don Robison,United States,,USA,22,2:10.2,1952
28,Albino AlverÃ,Italy,,ITA,23,2:10.4,1952
28,John Fredriksson,Sweden,,SWE,24,2:11.9,1952
20,AndrÃ© Bertrand,Canada,,CAN,25,2:13.2,1952
24,Robert Richardson,Canada,,CAN,26,2:13.8,1952
22,Ãsgeir EyjÃ³lfsson,Iceland,,ISL,27,2:16.1,1952
21,Andrzej GÄsienica Roj,Poland,,POL,28,2:29.6,1952
24,Christian Pravda,Austria,,AUT,29,2:54.7,1952
26,Hans Senger,Austria,,AUT,r2/2,,1952
29,Janko Å tefe,Yugoslavia,,YUG,r2/2,,1952
29,Jan GÄsienica Ciaptak,Poland,,POL,r2/2,,1952
21,Georgi Dimitrov,Bulgaria,,BUL,r2/2,,1952
22,Jack Griffin,Canada,,CAN,34 r1/2,,1952
26,Jack Nagel,United States,,USA,35 r1/2,,1952
31,Tine Mulej,Yugoslavia,,YUG,36 r1/2,,1952
24,John Boyagis,Great Britain,,GBR,37 r1/2,,1952
26,Guy de Huertas,France,,FRA,38 r1/2,,1952
25,Eino Kalpala,Finland,,FIN,39 r1/2,,1952
19,JÃ³n Karl SigurÃ°sson,Iceland,,ISL,40 r1/2,,1952
22,George Merry,Canada,,CAN,41 r1/2,,1952
30,Ermanno Nogler,Italy,,ITA,42  r1/2,,1952
22,"Mihai BÃ®rÄ, Sr.",Romania,,ROU,42  r1/2,,1952
21,Heini Bierling,Germany,,GER,44 r1/2,,1952
27,Dimitar Drazhev,Bulgaria,,BUL,45 r1/2,,1952
27,StefÃ¡n KristjÃ¡nsson,Iceland,,ISL,46 r1/2,,1952
21,Luis Arias,Spain,,ESP,47 r1/2,,1952
26,Georges Schneider,Switzerland,,SUI,48 r1/2,,1952
29,Gunnar Hjeltnes,Norway,,NOR,49 r1/2,,1952
24,Juan Poll,Spain,,ESP,50 r1/2,,1952
26,Pentti Alonen,Finland,,FIN,51 r1/2,,1952
26,Hisashi Mizugami,Japan,,JPN,52 r1/2,,1952
21,Peppi Schwaiger,Germany,,GER,53 r1/2,,1952
18,Bill Day,Australia,,AUS,54 r1/2,,1952
22,Francisco de Ridder,Argentina,,ARG,55 r1/2,,1952
23,Eduardo Silva,Chile,,CHI,56 r1/2,,1952
26,Ion Coliban,Romania,,ROU,57  r1/2,,1952
31,Jan PÅonka,Poland,,POL,57  r1/2,,1952
25,Ètefan GhiÈÄ,Romania,,ROU,59 r1/2,,1952
24,Dimitri Atanasov,Bulgaria,,BUL,60 r1/2,,1952
20,Francisco Viladomat,Spain,,ESP,61 r1/2,,1952
28,Jaime ErrÃ¡zuriz,Chile,,CHI,62 r1/2,,1952
26,Sergio Navarrete,Chile,,CHI,63 r1/2,,1952
23,Luis de Ridder,Argentina,,ARG,64 r1/2,,1952
23,Denis Feron,Belgium,,BEL,65  r1/2,,1952
29,Bob Arnott,Australia,,AUS,65  r1/2,,1952
21,Otto Jung,Argentina,,ARG,67 r1/2,,1952
25,Peter Pappenheim,Netherlands,,NED,68 r1/2,,1952
19,Georgi Mitrov,Bulgaria,,BUL,69 r1/2,,1952
21,Pablo Rosenkjer,Argentina,,ARG,70 r1/2,,1952
24,Stefan Dziedzic,Poland,,POL,71 r1/2,,1952
25,Luis MolnÃ©,Spain,,ESP,72 r1/2,,1952
28,Michel Feron,Belgium,,BEL,73 r1/2,,1952
22,Dick Pappenheim,Netherlands,,NED,74 r1/2,,1952
22,Bill Hunt,New Zealand,,NZL,75 r1/2,,1952
24,Barry Patten,Australia,,AUS,76 r1/2,,1952
30,Andrei Kovacs,Romania,,ROU,77 r1/2,,1952
21,JÃ³zsef Piroska,Hungary,,HUN,78 r1/2,,1952
27,Antonios Myliordos,Greece,,GRE,79 r1/2,,1952
21,Toni SpiÃ,Austria,,AUT,r1/2,,1952
23,Niilo Juvonen,Finland,,FIN,r1/2,,1952
21,Haukur SigurÃ°sson,Iceland,,ISL,r1/2,,1952
18,Noel Harrison,Great Britain,,GBR,r1/2,,1952
27,Ibrahim Geagea,Lebanon,,LIB,r1/2,,1952
32,Alexandros Vouxinos,Greece,,GRE,r1/2,,1952
34,Angelos Lembesi,Greece,,GRE,r1/2,,1952
20,Toni Sailer,Austria,Gold,AUT,1,3:14.7,1956
24,Chiharu Igaya,Japan,Silver,JPN,2,3:18.7,1956
29,Stig Sollander,Sweden,Bronze,SWE,3,3:20.2,1956
26,"Brooks Dodge, Jr.",United States,,USA,4,3:21.8,1956
30,Georges Schneider,Switzerland,,SUI,5,3:22.6,1956
26,GÃ©rard Pasquier,France,,FRA,6,3:24.6,1956
23,Charles Bozon,France,,FRA,7,3:26.2,1956
22,Bernard Perret,France,,FRA,8,3:26.3,1956
25,Beni ObermÃ¼ller,Germany,,GER,9,3:27.5,1956
27,RenÃ© Rey,Switzerland,,SUI,10,3:27.7,1956
24,Raymond Fellay,Switzerland,,SUI,11,3:32.1,1956
27,Othmar Schneider,Austria,,AUT,12,3:35.8,1956
25,Georgi Dimitrov,Bulgaria,,BUL,13,3:35.9,1956
28,Ãke Nilsson,Sweden,,SWE,14,3:37.3,1956
33,Olle Dalman,Sweden,,SWE,15,3:37.6,1956
33,Jan GÄsienica Ciaptak,Poland,,POL,16,3:40.0,1956
25,Guido Ghedina,Italy,,ITA,17,3:40.7,1956
26,Asle SjÃ¥stad,Norway,,NOR,18,3:40.9,1956
24,Tom Corcoran,United States,,USA,19,3:41.3,1956
26,Hans Magnus Andresen,Norway,,NOR,20,3:41.8,1956
23,EvÅ¾en ÄermÃ¡k,Czechoslovakia,,TCH,21,3:42.8,1956
22,"Ralph Miller, Jr.",United States,,USA,22,3:47.8,1956
25,Andrzej GÄsienica Roj,Poland,,POL,23,3:55.8,1956
21,Viktor Talyanov,Soviet Union,,URS,24,3:56.1,1956
22,Karl Zillibiller,Germany,,GER,25,4:00.2,1956
21,Eysteinn ÃÃ³rÃ°arson,Iceland,,ISL,26,4:00.3,1956
24,Bruno Burrini,Italy,,ITA,27,4:00.4,1956
25,Ludvig Dornig,Yugoslavia,,YUG,28,4:02.7,1956
26,Jaroslav BogdÃ¡lek,Czechoslovakia,,TCH,29,4:07.3,1956
27,Aleksandr Filatov,Soviet Union,,URS,30,4:09.5,1956
25,Luis Arias,Spain,,ESP,31,4:12.8,1956
23,Petar Ivanov Angelov,Bulgaria,,BUL,32,4:16.2,1956
23,Susumu Sugiyama,Japan,,JPN,33,4:17.0,1956
23,Rochus Wagner,Germany,,GER,34,4:17.4,1956
25,Franz Beck,Liechtenstein,,LIE,35,4:17.8,1956
24,Kurt Hennrich,Czechoslovakia,,TCH,36,4:18.5,1956
21,Einar KristjÃ¡nsson,Iceland,,ISL,37,4:18.6,1956
21,Adrien Duvillard,France,,FRA,38,4:18.9,1956
22,Nicolae Pandrea,Romania,,ROU,39,4:19.1,1956
27,Kalevi HÃ¤kkinen,Finland,,FIN,40,4:19.2,1956
24,Gheorghe Cristoloveanu,Romania,,ROU,41,4:21.0,1956
30,Franc Cvenkelj,Yugoslavia,,YUG,42,4:26.9,1956
27,JoÅ¾e Ilija,Yugoslavia,,YUG,43,4:39.8,1956
19,Vicente Vera,Chile,,CHI,44,4:47.7,1956
24,Theodor Sele,Liechtenstein,,LIE,45,4:47.8,1956
27,Denis Feron,Belgium,,BEL,46,4:49.5,1956
21,Noel Harrison,Great Britain,,GBR,47,4:50.7,1956
19,Peter Seilern,Great Britain,,GBR,48,4:54.7,1956
22,Ewald Eberle,Liechtenstein,,LIE,49,5:01.8,1956
24,AndrÃ© Bertrand,Canada,,CAN,50,5:02.8,1956
33,Arturo Hammersley,Chile,,CHI,51,5:02.9,1956
22,Jaime Talens,Spain,,ESP,52,5:04.2,1956
29,Leopold SchÃ¤dler,Liechtenstein,,LIE,53,5:09.9,1956
34,Frank Prihoda,Australia,,AUS,54,5:37.5,1956
,Mahmoud Beiglou,Iran,,IRI,55,5:51.3,1956
29,Luis MolnÃ©,Spain,,ESP,56,5:53.0,1956
31,Ibrahim Geagea,Lebanon,,LIB,57,6:08.6,1956
23,Josl Rieder,Austria,,AUT,,,1956
26,Guttorm Berge,Norway,,NOR,,,1956
24,Sepp Behr,Germany,,GER,,,1956
20,Italo Pedroncelli,Italy,,ITA,,,1956
28,VladimÃ­r KrajÅÃ¡k,Czechoslovakia,,TCH,,,1956
23,Georgi Varoshkin,Bulgaria,,BUL,,,1956
,Vyacheslav Melnikov,Soviet Union,,URS,,,1956
22,Jan Thorstensen,Norway,,NOR,,,1956
30,Sergio Navarrete,Chile,,CHI,,,1956
27,Martin Julen,Switzerland,,SUI,,,1956
24,Anderl Molterer,Austria,,AUT,,,1956
19,Buddy Werner,United States,,USA,,,1956
21,Paride Milianti,Italy,,ITA,,,1956
25,Sandy Whitelaw,Great Britain,,GBR,,,1956
27,Hans Olofsson,Sweden,,SWE,,,1956
22,Jan Zarycki,Poland,,POL,,,1956
30,Pentti Alonen,Finland,,FIN,,,1956
31,StefÃ¡n KristjÃ¡nsson,Iceland,,ISL,,,1956
26,Osman YÃ¼ce,Turkey,,TUR,,,1956
,Yury Sharkov,Soviet Union,,URS,,,1956
23,Muzaffer Demirhan,Turkey,,TUR,,,1956
22,Bill Day,Australia,,AUS,,,1956
25,Mahmut EroÄlu,Turkey,,TUR,,,1956
24,Francisco Viladomat,Spain,,ESP,,,1956
20,RenÃ© Farwig,Bolivia,,BOL,,,1956
39,Aris Vatimbellas,Greece,,GRE,,,1956
,Reza Bazargan,Iran,,IRI,,,1956
,Jean Keyrouz,Lebanon,,LIB,,,1956
,Benik Amirian,Iran,,IRI,,,1956
21,Peter Torrens,Great Britain,,GBR,,,1956
32,Tony Aslangul,Australia,,AUS,,,1956
18,Zeki ÅamiloÄlu,Turkey,,TUR,,,1956
27,Ernst Hinterseer,Austria,Gold,AUT,1,2:08.9,1960
24,Hias Leitner,Austria,Silver,AUT,2,2:10.3,1960
27,Charles Bozon,France,Bronze,FRA,3,2:10.4,1960
19,Luggi Leitner,Germany,,GER,4,2:10.5,1960
22,Pepi Stiegler,Austria,,AUT,5,2:11.1,1960
19,Guy PÃ©rillat,France,,FRA,6,2:11.8,1960
24,Hans Peter Lanig,Germany,,GER,7,2:14.3,1960
25,Paride Milianti,Italy,,ITA,8,2:14.4,1960
28,Tom Corcoran,United States,,USA,9,2:14.7,1960
28,Sepp Behr,Germany,,GER,10,2:16.0,1960
24,Italo Pedroncelli,Italy,,ITA,11,2:19.7,1960
28,Chiharu Igaya,Japan,,JPN,12,2:20.2,1960
16,Carlo Senoner,Italy,,ITA,13,2:20.7,1960
24,Oddvar RÃ¸nnestad,Norway,,NOR,14,2:23.3,1960
21,Adolf Mathis,Switzerland,,SUI,15,2:23.5,1960
25,Osvaldo Ancinas,Argentina,,ARG,16,2:24.2,1960
25,Eysteinn ÃÃ³rÃ°arson,Iceland,,ISL,17,2:24.9,1960
29,Georgi Dimitrov,Bulgaria,,BUL,18,2:25.1,1960
22,Verne Anderson,Canada,,CAN,19,2:29.3,1960
25,Bruno Alberti,Italy,,ITA,20,2:30.6,1960
23,Silvan Kindle,Liechtenstein,,LIE,21,2:30.7,1960
22,Don Bruneski,Canada,,CAN,22,2:32.9,1960
20,Kristinn Benediktsson,Iceland,,ISL,23,2:37.1,1960
29,Luis Arias,Spain,,ESP,24,2:40.5,1960
18,Frederick Tommy,Canada,,CAN,25,2:43.9,1960
24,Osamu Tada,Japan,,JPN,26,2:44.0,1960
24,Hermann Kindle,Liechtenstein,,LIE,27,2:45.7,1960
19,HernÃ¡n Boher,Chile,,CHI,28,2:47.1,1960
27,Georgi Varoshkin,Bulgaria,,BUL,29,2:47.5,1960
23,Peter Brockhoff,Australia,,AUS,30,2:51.7,1960
34,Georges Schneider,Switzerland,,SUI,31,2:52.7,1960
27,Clemente Tellechea,Argentina,,ARG,32,2:54.7,1960
19,Takashi Takeda,Japan,,JPN,33,2:56.0,1960
20,Jean-Guy Brunet,Canada,,CAN,34,2:58.0,1960
25,Manuel GarcÃ­a-Moran,Spain,,ESP,34,2:58.0,1960
21,Robert Skepper,Great Britain,,GBR,36,3:00.1,1960
22,Frank Brown,United States,,USA,37,3:01.3,1960
21,Diego Schweizer,Argentina,,ARG,38,3:06.8,1960
23,Zeki ÅamiloÄlu,Turkey,,TUR,39,3:34.7,1960
,Im Gyeong-Sun,South Korea,,KOR,40,4:56.1,1960
18,Willy Bogner,Germany,,GER,,,1960
23,Roger Staub,Switzerland,,SUI,,,1960
25,Adrien Duvillard,France,,FRA,,,1960
27,Ernst Oberaigner,Austria,,AUT,,,1960
22,FranÃ§ois Bonlieu,France,,FRA,,,1960
19,Jim Barrier,United States,,USA,,,1960
24,Willi Forrer,Switzerland,,SUI,,,1960
20,Chuck Ferries,United States,,USA,,,1960
23,Geoff Pitchford,Great Britain,,GBR,,,1960
22,Masayoshi Mitani,Japan,,JPN,,,1960
23,Vicente Vera,Chile,,CHI,,,1960
24,JÃ³hann Vilbergsson,Iceland,,ISL,,,1960
18,Aleksandar Shalamanov,Bulgaria,,BUL,,,1960
19,Luis SÃ¡nchez,Spain,,ESP,,,1960
18,Nazih Geagea,Lebanon,,LIB,,,1960
19,Francisco Cortes,Chile,,CHI,,,1960
25,Sam Chaffey,New Zealand,,NZL,,,1960
26,Bill Day,Australia,,AUS,,,1960
30,Bill Hunt,New Zealand,,NZL,,,1960
19,Adolf Fehr,Liechtenstein,,LIE,,,1960
19,Victor Tagle,Chile,,CHI,,,1960
17,Jorge Abelardo Eiras,Argentina,,ARG,,,1960
27,Muzaffer Demirhan,Turkey,,TUR,,,1960
26,Pepi Stiegler,Austria,Gold,AUT,1,,1964
20,Billy Kidd,United States,Silver,USA,2,,1964
20,Jimmy Heuga,United States,Bronze,USA,3,,1964
28,Michel Arpin,France,,FRA,4,,1964
23,Luggi Leitner,Germany,,GER,5,,1964
25,Adolf Mathis,Switzerland,,SUI,6,,1964
23,Gerhard Nenning,Austria,,AUT,7,,1964
27,Buddy Werner,United States,,USA,8,,1964
23,Wolfgang Bartels,Germany,,GER,9,,1964
21,Stefan KÃ¤lin,Switzerland,,SUI,10,,1964
28,Italo Pedroncelli,Italy,,ITA,11,,1964
23,Guy PÃ©rillat,France,,FRA,12,,1964
26,Ernst Scherzer,Germany,,GER,13,,1964
20,Willy Favre,Switzerland,,SUI,14,,1964
24,Ivo Mahlknecht,Italy,,ITA,15,,1964
19,Per Martin Sunde,Norway,,NOR,16,,1964
29,Paride Milianti,Italy,,ITA,17,,1964
25,Eberhard Riedel,Germany,,GER,18,,1964
19,Peter Duncan,Canada,,CAN,19,,1964
24,Martino Fill,Italy,,ITA,20,,1964
28,Hias Leitner,Austria,,AUT,21,,1964
23,Raimo Manninen,Finland,,FIN,22,,1964
21,Yoshiharu Fukuhara,Japan,,JPN,23,,1964
25,Karl Schranz,Austria,,AUT,24,,1964
20,Vasily Melnikov,Soviet Union,,URS,25,,1964
19,Rune LindstrÃ¶m,Sweden,,SWE,26,,1964
22,BronisÅaw Trzebunia,Poland,,POL,27,,1964
19,Olle RolÃ©n,Sweden,,SWE,28,,1964
19,Jon Terje Ãverland,Norway,,NOR,29,,1964
20,Jerzy Woyna Orlewicz,Poland,,POL,30,,1964
23,Hajime Tomii,Japan,,JPN,31,,1964
26,Peter Lakota,Yugoslavia,,YUG,32,,1964
19,Andrzej DereziÅski,Poland,,POL,33,,1964
20,Yoshinari Kida,Japan,,JPN,34,,1964
21,Arild Holm,Norway,,NOR,35,,1964
18,Hans-Walter SchÃ¤dler,Liechtenstein,,LIE,36,,1964
22,Javier Masana,Spain,,ESP,37,,1964
23,Yoshihiro Ohira,Japan,,JPN,38,,1964
22,Ãrni SigurÃ°sson,Iceland,,ISL,39,,1964
19,Lars Olsson,Sweden,,SWE,r2/2,,1964
22,Jos Minsch,Switzerland,,SUI,r2/2,,1964
26,Anton Å oltÃ½s,Czechoslovakia,,TCH,r2/2,,1964
20,Jean-Claude Killy,France,,FRA,r2/2,,1964
24,Chuck Ferries,United States,,USA,r2/2,,1964
26,FranÃ§ois Bonlieu,France,,FRA,r2/2,,1964
22,Bengt-Erik Grahn,Sweden,,SWE,r2/2,,1964
22,Ulf Ekstam,Finland,,FIN,r2/2,,1964
24,Jean-Guy Brunet,Canada,,CAN,r2/2,,1964
21,Rod Hebron,Canada,,CAN,r2/2,,1964
24,Tally Monastyryov,Soviet Union,,URS,r2/2,,1964
23,Luis SÃ¡nchez,Spain,,ESP,26 r1/2,,1964
24,Kristinn Benediktsson,Iceland,,ISL,27 r1/2,,1964
18,"Charles, Count de Westenholz",Great Britain,,GBR,28 r1/2,,1964
20,Jonathan Taylor,Great Britain,,GBR,29 r1/2,,1964
27,"Karim, Prince Aga Khan",Iran,,IRI,30 r1/2,,1964
20,"Piers, Baron de Westenholz",Great Britain,,GBR,31 r1/2,,1964
19,Josef Gassner,Liechtenstein,,LIE,32 r1/2,,1964
23,HernÃ¡n Boher,Chile,,CHI,33 r1/2,,1964
28,JÃ³hann Vilbergsson,Iceland,,ISL,34 r1/2,,1964
21,John Rigby,Great Britain,,GBR,35 r1/2,,1964
20,Luis Viu,Spain,,ESP,36 r1/2,,1964
24,Fayzollah Band Ali,Iran,,IRI,37 r1/2,,1964
20,Juan Holz,Chile,,CHI,38 r1/2,,1964
29,Osvaldo Ancinas,Argentina,,ARG,39 r1/2,,1964
,Ovaness Meguerdonian,Iran,,IRI,40 r1/2,,1964
21,Jorge Abelardo Eiras,Argentina,,ARG,41 r1/2,,1964
27,Peter Brockhoff,Australia,,AUS,42 r1/2,,1964
21,Fric DetiÄek,Yugoslavia,,YUG,43 r1/2,,1964
21,Simon Brown,Australia,,AUS,44 r1/2,,1964
22,Nazih Geagea,Lebanon,,LIB,45 r1/2,,1964
21,Bahattin Topal,Turkey,,TUR,46 r1/2,,1964
14,August Wolfinger,Liechtenstein,,LIE,47 r1/2,,1964
31,Muzaffer Demirhan,Turkey,,TUR,48 r1/2,,1964
20,Peter Wenzel,Australia,,AUS,49 r1/2,,1964
26,Zeki ÅamiloÄlu,Turkey,,TUR,50 r1/2,,1964
17,Manuel Mena,Argentina,,ARG,51 r1/2,,1964
,Jean Keyrouz,Lebanon,,LIB,52 r1/2,,1964
,Michel Rahme,Lebanon,,LIB,53 r1/2,,1964
30,Jo Yeong-Seok,South Korea,,KOR,54 r1/2,,1964
21,Kostas Karydas,Greece,,GRE,55 r1/2,,1964
24,Vasilios Makridis,Greece,,GRE,56 r1/2,,1964
22,Radim KolouÅ¡ek,Czechoslovakia,,TCH,r1/2,,1964
25,Lotfollah Kia Shemshaki,Iran,,IRI,r1/2,,1964
23,Juan Garriga,Spain,,ESP,r1/2,,1964
20,Oto PustoslemÅ¡ek,Yugoslavia,,YUG,r1/2,,1964
34,Osman YÃ¼ce,Turkey,,TUR,r1/2,,1964
,Sami Beyroun,Lebanon,,LIB,r1/2,,1964
24,Dimitrios Pappos,Greece,,GRE,r1/2,,1964
21,Andrej Klinar,Yugoslavia,,YUG,r1/2,,1964
22,Kim Dong-Baek,South Korea,,KOR,r1/2,,1964
23,Francisco Cortes,Chile,,CHI,r1/2,,1964
22,Pedro Klempa,Argentina,,ARG,r1/2,,1964
20,Petar Angelov,Bulgaria,,BUL,r1/2,,1964
20,Robert Swan,Canada,,CAN,r1/2,,1964
18,Valery Shein,Soviet Union,,URS,r1/2,,1964
27,Vicente Vera,Chile,,CHI,r1/2,,1964
24,Jean-Claude Killy,France,Gold,FRA,1,,1968
23,Herbert Huber,Austria,Silver,AUT,2,,1968
19,Alfred Matt,Austria,Bronze,AUT,3,,1968
27,Dumeng Giovanoli,Switzerland,,SUI,4,,1968
23,Spider Sabich,United States,,USA,5,,1968
21,Andrzej Bachleda-CuruÅ,Poland,,POL,6,,1968
24,Jimmy Heuga,United States,,USA,7,,1968
20,Alain Penz,France,,FRA,8,,1968
23,Rick Chaffee,United States,,USA,9,,1968
21,Peter Frei,Switzerland,,SUI,10,,1968
23,Rune LindstrÃ¶m,Sweden,,SWE,11,,1968
27,Luggi Leitner,West Germany,,FRG,12,,1968
29,Eberhard Riedel,East Germany,,GDR,13,,1968
28,Heini Messner,Austria,,AUT,14,,1968
23,Lasse Hamre,Norway,,NOR,14,,1968
19,Alfred Hagn,West Germany,,FRG,16,,1968
23,Jon Terje Ãverland,Norway,,NOR,17,,1968
26,Ulf Ekstam,Finland,,FIN,18,,1968
28,Ivo Mahlknecht,Italy,,ITA,19,,1968
21,Max Rieger,West Germany,,FRG,20,,1968
22,Ryszard ÄwikÅa,Poland,,POL,21,,1968
21,Bjarne Strand,Norway,,NOR,22,,1968
17,Francisco FernÃ¡ndez Ochoa,Spain,,ESP,23,,1968
19,Malcolm Milne,Australia,,AUS,24,,1968
19,Dan Cristea,Romania,,ROU,25,,1968
24,Vasily Melnikov,Soviet Union,,URS,26,,1968
21,Carlos Adsera,Spain,,ESP,27,,1968
22,BlaÅ¾ JakopiÄ,Yugoslavia,,YUG,28,,1968
24,Petar Angelov,Bulgaria,,BUL,29,,1968
24,Jeremy Palmer-Tomkinson,Great Britain,,GBR,30,,1968
21,Andrey Belokrinkin,Soviet Union,,URS,31,,1968
24,Billy Kidd,United States,,USA,r3/3,,1968
25,Rod Hebron,Canada,,CAN,r3/3,,1968
20,Aurelio GarcÃ­a,Spain,,ESP,r3/3,,1968
21,Athanasios Tsimikalis,Greece,,GRE,r3/3,,1968
24,Carlo Senoner,Italy,,ITA,r3/3,,1968
23,Olle RolÃ©n,Sweden,,SWE,r3/3,,1968
24,Willy Favre,Switzerland,,SUI,r3/3,,1968
18,Richard Leatherbee,Chile,,CHI,r3/3,,1968
27,Guy PÃ©rillat,France,,FRA,r3/3,,1968
22,Jean-Pierre Augert,France,,FRA,r3/3,,1968
29,Karl Schranz,Austria,,AUT,r3/3,,1968
23,HÃ¥kon MjÃ¸en,Norway,,NOR,r3/3,,1968
26,Bengt-Erik Grahn,Sweden,,SWE,r3/3,,1968
23,Andreas Sprecher,Switzerland,,SUI,r3/3,,1968
25,Willi Lesch,West Germany,,FRG,r3/3,,1968
25,Jaroslav Janda,Czechoslovakia,,TCH,r3/3,,1968
21,Wolfgang Ender,Liechtenstein,,LIE,r3/3,,1968
26,Per-Olov Richardsson,Sweden,,SWE,r3/3,,1968
24,Robert Swan,Canada,,CAN,r3/3,,1968
19,Milan PaÅ¾out,Czechoslovakia,,TCH,r3/3,,1968
20,Ian Todd,Great Britain,,GBR,2 h1 r2/3,,1968
19,Secundino RodrÃ­guez,Spain,,ESP,2 h2 r2/3,,1968
19,Luke O'Reilly,Great Britain,,GBR,2 h3 r2/3,,1968
28,Mario Vera,Chile,,CHI,2 h4 r2/3,,1968
,Ali Saveh,Iran,,IRI,2 h5 r2/3,,1968
28,Jeremy Bujakowski,India,,IND,2 h6 r2/3,,1968
22,Tomio Sasaki,Japan,,JPN,2 h7 r2/3,,1968
24,Gerhard Mussner,Italy,,ITA,2 h8 r2/3,,1968
17,Julian Vasey,Great Britain,,GBR,2 h9 r2/3,,1968
24,Yoshinari Kida,Japan,,JPN,2 h10 r2/3,,1968
23,Josef Gassner,Liechtenstein,,LIE,2 h11 r2/3,,1968
21,Viktor Belyakov,Soviet Union,,URS,2 h12 r2/3,,1968
23,Peter Duncan,Canada,,CAN,2 h13 r2/3,,1968
25,Yoshiharu Fukuhara,Japan,,JPN,2 h14 r2/3,,1968
23,Tsuneo Noto,Japan,,JPN,2 h15 r2/3,,1968
22,Hans-Walter SchÃ¤dler,Liechtenstein,,LIE,2 h16 r2/3,,1968
25,Andrej Klinar,Yugoslavia,,YUG,2 h17 r2/3,,1968
28,Kristinn Benediktsson,Iceland,,ISL,3 h1 r2/3,,1968
20,Robert Palmer,New Zealand,,NZL,3 h2 r2/3,,1968
21,Murray Gardner,New Zealand,,NZL,3 h3 r2/3,,1968
27,Mehdi Mouidi,Morocco,,MAR,3 h4 r2/3,,1968
25,Ivar Sigmundsson,Iceland,,ISL,3 h5 r2/3,,1968
21,Dorin Munteanu,Romania,,ROU,3 h8 r2/3,,1968
22,Reynir BrynjÃ³lfsson,Iceland,,ISL,3 h9 r2/3,,1968
28,Dimitrios Pappos,Greece,,GRE,3 h10 r2/3,,1968
19,JoÅ¾e Gazvoda,Yugoslavia,,YUG,3 h11 r2/3,,1968
15,Ahmet KÄ±bÄ±l,Turkey,,TUR,3 h12 r2/3,,1968
21,BjÃ¶rn Olsen,Iceland,,ISL,3 h13 r2/3,,1968
27,Moussa Jaalouk,Lebanon,,LIB,3 h14 r2/3,,1968
24,Scott Henderson,Canada,,CAN,3 h15 r2/3,,1968
,Ovaness Meguerdonian,Iran,,IRI,3 h16 r2/3,,1968
19,Gustavo Ezquerra,Argentina,,ARG,3 h17 r2/3,,1968
,Nagib Barrak,Lebanon,,LIB,4 h1 r2/3,,1968
19,Mehmet YÄ±ldÄ±rÄ±m,Turkey,,TUR,4 h2 r2/3,,1968
,Hassan Lahmaoui,Morocco,,MAR,4 h8 r2/3,,1968
16,Ghassan Keyrouz,Lebanon,,LIB,4 h9 r2/3,,1968
25,Ãzer AteÅÃ§i,Turkey,,TUR,4 h11 r2/3,,1968
23,Michael Dennis,New Zealand,,NZL,4 h12 r2/3,,1968
25,Roberto Thostrup,Argentina,,ARG,4 h15 r2/3,,1968
,Mohamed Aomar,Morocco,,MAR,4 h17 r2/3,,1968
29,Lotfollah Kia Shemshaki,Iran,,IRI,h3 r2/3,,1968
28,Fayzollah Band Ali,Iran,,IRI,h4 r2/3,,1968
23,Bruno Piazzalunga,Italy,,ITA,h5 r2/3,,1968
17,FÃ©lipe Briones,Chile,,CHI,h10 r2/3,,1968
19,Eo Jae-Sik,South Korea,,KOR,h13 r2/3,,1968
25,Thomas Huppert,New Zealand,,NZL,h14 r2/3,,1968
,Said Housni,Morocco,,MAR,5 h16 r1/3,,1968
17,Burhan AlankuÅ,Turkey,,TUR,h6 r1/3,,1968
27,Raimo Manninen,Finland,,FIN,h6 r1/3,,1968
21,Francisco FernÃ¡ndez Ochoa,Spain,Gold,ESP,1,,1972
20,Gustavo Thoeni,Italy,Silver,ITA,2,,1972
21,Rolando Thoeni,Italy,Bronze,ITA,3,,1972
24,Henri Duvillard,France,,FRA,4,,1972
22,Jean-NoÃ«l Augert,France,,FRA,5,,1972
21,Eberardo Schmalzl,Italy,,ITA,6,,1972
22,David Zwilling,Austria,,AUT,7,,1972
28,Edy Bruggmann,Switzerland,,SUI,8,,1972
21,Tyler Palmer,United States,,USA,9,,1972
25,Andrzej Bachleda-CuruÅ,Poland,,POL,10,,1972
22,Christian Neureuther,West Germany,,FRG,11,,1972
24,Aurelio GarcÃ­a,Spain,,ESP,12,,1972
23,Walter Tresch,Switzerland,,SUI,13,,1972
23,Alfred Matt,Austria,,AUT,14,,1972
24,Adolf RÃ¶sti,Switzerland,,SUI,15,,1972
19,Terry Palmer,United States,,USA,16,,1972
21,Masami Ichimura,Japan,,JPN,17,,1972
22,Masayoshi Kashiwagi,Japan,,JPN,18,,1972
18,Jim Hunter,Canada,,CAN,19,,1972
25,Virgil Brenci,Romania,,ROU,20,,1972
28,Sven Mikaelsson,Sweden,,SWE,21,,1972
24,Sergey Grishchenko,Soviet Union,,URS,22,,1972
19,Reto Barrington,Canada,,CAN,23,,1972
23,Malcolm Milne,Australia,,AUS,24,,1972
19,Robert Blanchaer,Belgium,,BEL,25,,1972
20,Royston Varley,Great Britain,,GBR,26,,1972
22,Ivan Penev,Bulgaria,,BUL,27,,1972
20,Iain Finlayson,Great Britain,,GBR,28,,1972
24,Resmi Resmiev,Bulgaria,,BUL,29,,1972
24,Carlos Perner,Argentina,,ARG,30,,1972
16,Jorge-Emilio Lazzarini,Argentina,,ARG,31,,1972
32,Fayzollah Band Ali,Iran,,IRI,32,,1972
19,Gorban Ali Kalhor,Iran,,IRI,33,,1972
22,Chen Yun-Ming,Chinese Taipei,,TPE,34,,1972
22,Wang Cheng-Che,Chinese Taipei,,TPE,35,,1972
21,Hwang Wei-Chung,Chinese Taipei,,TPE,36,,1972
21,Chia Kuo-Liang,Chinese Taipei,,TPE,37,,1972
23,Alfred Hagn,West Germany,,FRG,,DNF,1972
25,Max Rieger,West Germany,,FRG,,DNF,1972
20,Haruhisa Chiba,Japan,,JPN,,DNF,1972
23,HansjÃ¶rg Schlager,West Germany,,FRG,,DNF,1972
25,Josef Loidl,Austria,,AUT,,DNF,1972
18,Manni Thofte,Sweden,,SWE,,DNF,1972
27,Andreas Sprecher,Switzerland,,SUI,,DNF,1972
19,Erik HÃ¥ker,Norway,,NOR,,DNF,1972
27,Olle RolÃ©n,Sweden,,SWE,,DNF,1972
27,Rick Chaffee,United States,,USA,,DNF,1972
23,Chris Womersley,New Zealand,,NZL,,DNF,1972
16,Steven Clifford,Australia,,AUS,,DNF,1972
23,Dan Cristea,Romania,,ROU,,DNF,1972
19,Herbert Marxer,Liechtenstein,,LIE,,DNF,1972
20,Derek Robbins,Canada,,CAN,,DNF,1972
20,Alex Mapelli-Mozzi,Great Britain,,GBR,,DNF,1972
24,Ross Ewington,New Zealand,,NZL,,DNF,1972
20,Ghassan Keyrouz,Lebanon,,LIB,,DNF,1972
19,Georgios Tambouris,Greece,,GRE,,DNF,1972
22,Panagiotis Alexandris,Greece,,GRE,,DNF,1972
19,Spyros Theodorou,Greece,,GRE,,DNF,1972
33,Lotfollah Kia Shemshaki,Iran,,IRI,,DNF,1972
17,Ben Nanasca,Philippines,,PHI,,DNF,1972
19,Juan Cipriano,Philippines,,PHI,,DNF,1972
17,Konrad Bartelski,Great Britain,,GBR,,DNF,1972
24,Alain Penz,France,,FRA,,DQ,1972
19,Willi Frommelt,Liechtenstein,,LIE,,DQ,1972
20,Bob Cochran,United States,,USA,,DQ,1972
23,Otto Tschudi,Norway,,NOR,,DQ,1972
21,Erwin Stricker,Italy,,ITA,,DQ,1972
25,Reinhard Tritscher,Austria,,AUT,,DQ,1972
22,Marko KavÄiÄ,Yugoslavia,,YUG,,DQ,1972
24,Toshimasa Furukawa,Japan,,JPN,,DQ,1972
19,Peik Christensen,Norway,,NOR,,DQ,1972
,Ali Saveh,Iran,,IRI,,DQ,1972
21,Piero Gros,Italy,Gold,ITA,1,2:03.29,1976
24,Gustavo Thoeni,Italy,Silver,ITA,2,2:03.73,1976
23,Willi Frommelt,Liechtenstein,Bronze,LIE,3,2:04.28,1976
27,Walter Tresch,Switzerland,,SUI,4,2:05.26,1976
26,Christian Neureuther,West Germany,,FRG,5,2:06.56,1976
24,Wolfgang Junginger,West Germany,,FRG,6,2:07.08,1976
21,Alois Morgenstern,Austria,,AUT,7,2:07.18,1976
19,Peter LÃ¼scher,Switzerland,,SUI,8,2:08.10,1976
25,Francisco FernÃ¡ndez Ochoa,Spain,,ESP,9,2:08.35,1976
17,Andi Wenzel,Liechtenstein,,LIE,10,2:08.73,1976
24,Jan Bachleda-CuruÅ,Poland,,POL,11,2:08.81,1976
19,Stig Strand,Sweden,,SWE,12,2:09.08,1976
22,Cary Adgate,United States,,USA,13,2:09.53,1976
24,Miloslav Sochor,Czechoslovakia,,TCH,14,2:09.61,1976
20,Albert Burger,West Germany,,FRG,15,2:10.31,1976
23,Roland Roche,France,,FRA,15,2:10.31,1976
18,Torsten Jakobsson,Sweden,,SWE,17,2:11.24,1976
18,Phil Mahre,United States,,USA,18,2:11.77,1976
22,Greg Jones,United States,,USA,19,2:12.71,1976
21,Sepp Ferstl,West Germany,,FRG,20,2:14.34,1976
24,Roman DereziÅski,Poland,,POL,21,2:14.73,1976
17,Anton Steiner,Austria,,AUT,22,2:14.90,1976
22,Jim Hunter,Canada,,CAN,23,2:17.06,1976
16,SigurÃ°ur JÃ³nsson,Iceland,,ISL,24,2:17.34,1976
17,Vladimir Andreyev,Soviet Union,,URS,25,2:17.56,1976
23,Erik HÃ¥ker,Norway,,NOR,26,2:17.86,1976
18,Robert Safrata,Canada,,CAN,27,2:17.98,1976
26,Ivan Penev,Bulgaria,,BUL,28,2:18.19,1976
26,Sumihiro Tomii,Japan,,JPN,29,2:18.67,1976
22,Ion CavaÈi,Romania,,ROU,30,2:21.32,1976
20,Andrej KoÅ¾elj,Yugoslavia,,YUG,31,2:23.66,1976
23,Haukur JÃ³hannsson,Iceland,,ISL,32,2:24.05,1976
21,JosÃ© Luis Koifman,Chile,,CHI,33,2:25.97,1976
27,Dan Cristea,Romania,,ROU,34,2:27.57,1976
19,Stuart Blakely,New Zealand,,NZL,35,2:28.77,1976
18,Brett Kendall,New Zealand,,NZL,36,2:38.38,1976
19,Ersin AyrÄ±ksa,Turkey,,TUR,37,2:51.78,1976
16,Carlos Font,Andorra,,AND,38,2:56.52,1976
25,Franco Bieler,Italy,,ITA,,,1976
19,Ingemar Stenmark,Sweden,,SWE,,,1976
25,Masami Ichimura,Japan,,JPN,,,1976
23,GÃ©rard Bonnevie,France,,FRA,,,1976
23,Gudmund SÃ¶derin,Sweden,,SWE,,,1976
18,Juan Angel Olivieri,Argentina,,ARG,,,1976
18,Carlos Alberto MartÃ­nez,Argentina,,ARG,,,1976
19,Stuart Fitzsimmons,Great Britain,,GBR,,,1976
20,Sashko Dikov,Bulgaria,,BUL,,,1976
,Mohammad Kalhor,Iran,,IRI,,,1976
23,Spyros Theodorou,Greece,,GRE,,,1976
24,Murat Tosun,Turkey,,TUR,,,1976
19,David Griff,Australia,,AUS,,,1976
18,Maurizio Battistini,San Marino,,SMR,,,1976
23,Ahmet KÄ±bÄ±l,Turkey,,TUR,,,1976
26,Chen Yun-Ming,Chinese Taipei,,TPE,,,1976
22,Robin Armstrong,New Zealand,,NZL,,,1976
22,Thomas Karadimas,Greece,,GRE,,,1976
19,Kim Clifford,Australia,,AUS,,,1976
23,Gorban Ali Kalhor,Iran,,IRI,,,1976
18,Xavier Areny,Andorra,,AND,,,1976
23,TÃ³mas Leifsson,Iceland,,ISL,,,1976
19,Walter Dei Vecchi,Argentina,,ARG,,,1976
22,Rafael CaÃ±as,Chile,,CHI,,,1976
19,Adjin PaÅ¡oviÄ,Yugoslavia,,YUG,,,1976
20,Didier Xhaet,Belgium,,BEL,,,1976
24,Federico GarcÃ­a,Chile,,CHI,,,1976
23,Robert Blanchaer,Belgium,,BEL,,,1976
20,Antoine Crespo,Andorra,,AND,,,1976
21,Konrad Bartelski,Great Britain,,GBR,,,1976
23,Jaime Ros,Spain,,ESP,,,1976
20,Ken Read,Canada,,CAN,,,1976
20,Georgi Kochov,Bulgaria,,BUL,,,1976
21,Mikio Katagiri,Japan,,JPN,,,1976
20,Peter Fuchs,Great Britain,,GBR,,,1976
24,Antoni Naudi,Andorra,,AND,,,1976
19,Roberto Koifman,Chile,,CHI,,,1976
27,Miran GaÅ¡perÅ¡iÄ,Yugoslavia,,YUG,,,1976
24,Juan Manuel FernÃ¡ndez Ochoa,Spain,,ESP,,,1976
22,Dave Murray,Canada,,CAN,,,1976
19,Jorge GarcÃ­a,Spain,,ESP,,,1976
20,Luis Rosenkjer,Argentina,,ARG,,,1976
24,Haruhisa Chiba,Japan,,JPN,,,1976
19,Bojan KriÅ¾aj,Yugoslavia,,YUG,,,1976
18,BohumÃ­r Zeman,Czechoslovakia,,TCH,,,1976
21,Odd SÃ¸rli,Norway,,NOR,,,1976
27,Heini Hemmi,Switzerland,,SUI,,,1976
26,Ernst Good,Switzerland,,SUI,,,1976
21,Philippe Hardy,France,,FRA,,,1976
24,Claude Perrot,France,,FRA,,,1976
22,Hansi Hinterseer,Austria,,AUT,,,1976
22,Fausto Radici,Italy,,ITA,,,1976
23,Geoff Bruce,United States,,USA,,,1976
20,Alan Stewart,Great Britain,,GBR,,,1976
,Akbar Kalili,Iran,,IRI,,,1976
,Mohammad Hadj Kia Shemshaki,Iran,,IRI,,,1976
23,Ingemar Stenmark,Sweden,Gold,SWE,1,1:44.26,1980
22,Phil Mahre,United States,Silver,USA,2,1:44.76,1980
20,Jacques LÃ¼thy,Switzerland,Bronze,SUI,3,1:45.06,1980
21,Hans Enn,Austria,,AUT,4,1:45.12,1980
30,Christian Neureuther,West Germany,,FRG,5,1:45.14,1980
21,Petar Popangelov,Bulgaria,,BUL,6,1:45.40,1980
21,Anton Steiner,Austria,,AUT,7,1:45.41,1980
28,Gustavo Thoeni,Italy,,ITA,8,1:45.99,1980
22,Vladimir Andreyev,Soviet Union,,URS,9,1:46.65,1980
20,Frank WÃ¶rndl,West Germany,,FRG,10,1:47.19,1980
21,Paul Arne Skajem,Norway,,NOR,11,1:47.21,1980
21,Andi Wenzel,Liechtenstein,,LIE,12,1:47.80,1980
22,JoÅ¾e Kuralt,Yugoslavia,,YUG,13,1:47.99,1980
22,BohumÃ­r Zeman,Czechoslovakia,,TCH,14,1:48.87,1980
21,Atsushi Sawada,Japan,,JPN,15,1:49.94,1980
22,Jarle Halsnes,Norway,,NOR,16,1:50.13,1980
21,Lyudmil Tonchev,Bulgaria,,BUL,17,1:50.23,1980
21,Leonhard Stock,Austria,,AUT,18,1:50.41,1980
18,Khristo Angelov,Bulgaria,,BUL,19,1:50.51,1980
25,Odd SÃ¸rli,Norway,,NOR,20,1:51.36,1980
18,Mitko Khadzhiev,Bulgaria,,BUL,21,1:51.38,1980
29,Francisco FernÃ¡ndez Ochoa,Spain,,ESP,22,1:51.61,1980
23,Jean-Luc Fournier,Switzerland,,SUI,23,1:53.48,1980
21,Henri Mollin,Belgium,,BEL,24,1:58.89,1980
25,Sepp Ferstl,West Germany,,FRG,25,1:59.30,1980
21,Scott Kendall,New Zealand,,NZL,26,2:00.99,1980
20,Norberto Quiroga,Argentina,,ARG,27,2:02.91,1980
18,Ross Blyth,Great Britain,,GBR,28,2:03.56,1980
17,Ivan Bonacalza,Argentina,,ARG,29,2:03.61,1980
20,Carlos Font,Andorra,,AND,30,2:03.70,1980
18,Ricardo Klenk,Argentina,,ARG,31,2:04.83,1980
21,Antony Guss,Australia,,AUS,32,2:05.10,1980
17,Giannis Stamatiou,Greece,,GRE,33,2:18.13,1980
32,Piao Dongyi,China,,CHN,34,2:21.60,1980
18,Naji Heneine,Lebanon,,LIB,35,2:26.39,1980
26,Philippos Xenophontos,Cyprus,,CYP,36,2:44.16,1980
20,Andreas Pilavakis,Cyprus,,CYP,37,2:54.42,1980
19,Sami Rebez,Lebanon,,LIB,,,1980
17,Guillermo Giumelli,Argentina,,ARG,,,1980
17,BjÃ¶rn Olgeirsson,Iceland,,ISL,,,1980
20,SigurÃ°ur JÃ³nsson,Iceland,,ISL,,,1980
23,Jorge GarcÃ­a,Spain,,ESP,,,1980
24,Toshihiro Kaiwa,Japan,,JPN,,,1980
23,Stig Strand,Sweden,,SWE,,,1980
20,Boris Strel,Yugoslavia,,YUG,,,1980
22,Mauro Bernardi,Italy,,ITA,,,1980
19,"Victor Hugo Ascarrunz, Jr.",Bolivia,,BOL,,,1980
18,Hong In-Gi,South Korea,,KOR,,,1980
20,Patrick Toussaint,Andorra,,AND,,,1980
18,Lazaros Kekhagias,Greece,,GRE,,,1980
23,Arturo Kinch,Costa Rica,,CRC,,,1980
22,Billy Farwig,Bolivia,,BOL,,,1980
25,Konrad Bartelski,Great Britain,,GBR,,,1980
16,Miguel Font,Andorra,,AND,,,1980
23,Stuart Blakely,New Zealand,,NZL,,,1980
20,Mark Vryenhoek,New Zealand,,NZL,,,1980
19,Roddy Langmuir,Great Britain,,GBR,,,1980
23,Didier Lamont,Belgium,,BEL,,,1980
24,Alan Stewart,Great Britain,,GBR,,,1980
21,Scott Alan SÃ¡nchez,Bolivia,,BOL,,,1980
23,Rob McIntyre,Australia,,AUS,,,1980
18,Jorge PÃ©rez,Spain,,ESP,,,1980
23,Pete Patterson,United States,,USA,,,1980
23,Billy Taylor,United States,,USA,,,1980
21,Janez Zibler,Yugoslavia,,YUG,,,1980
23,JoÃ«l Gaspoz,Switzerland,,SUI,,,1980
24,Knut Erik Johannessen,Norway,,NOR,,,1980
22,Steve Mahre,United States,,USA,,,1980
23,Bruno NÃ¶ckler,Italy,,ITA,,,1980
23,Osamu Kodama,Japan,,JPN,,,1980
23,Paolo De Chiesa,Italy,,ITA,,,1980
21,Aleksandr Zhirov,Soviet Union,,URS,,,1980
23,Peter LÃ¼scher,Switzerland,,SUI,,,1980
22,Paul Frommelt,Liechtenstein,,LIE,,,1980
21,Lazaros Arkhontopoulos,Greece,,GRE,,,1980
22,Torsten Jakobsson,Sweden,,SWE,,,1980
17,Christian Orlainsky,Austria,,AUT,,,1980
23,Bojan KriÅ¾aj,Yugoslavia,,YUG,,,1980
24,Albert Burger,West Germany,,FRG,,,1980
26,Phil Mahre,United States,Gold,USA,1,1:39.41,1984
26,Steve Mahre,United States,Silver,USA,2,1:39.62,1984
22,Didier Bouvet,France,Bronze,FRA,3,1:40.20,1984
20,Jonas Nilsson,Sweden,,SWE,4,1:40.25,1984
20,Oswald TÃ¶tsch,Italy,,ITA,5,1:40.48,1984
25,Petar Popangelov,Bulgaria,,BUL,6,1:40.68,1984
27,Bojan KriÅ¾aj,Yugoslavia,,YUG,7,1:41.51,1984
22,Lars-GÃ¶ran Halvarsson,Sweden,,SWE,8,1:41.70,1984
27,Stig Strand,Sweden,,SWE,9,1:41.95,1984
23,Thomas BÃ¼rgler,Switzerland,,SUI,10,1:42.03,1984
23,TomaÅ¾ Cerkovnik,Yugoslavia,,YUG,11,1:42.97,1984
28,Toshihiro Kaiwa,Japan,,JPN,12,1:43.87,1984
26,JoÅ¾e Kuralt,Yugoslavia,,YUG,13,1:44.85,1984
21,Markus Hubrich,New Zealand,,NZL,14,1:49.53,1984
20,Borislav Kiryakov,Bulgaria,,BUL,15,1:50.24,1984
23,Nicholas Wilson,Great Britain,,GBR,16,1:52.08,1984
17,Matthias Hubrich,New Zealand,,NZL,17,1:54.36,1984
22,PÃ©ter Kozma,Hungary,,HUN,18,1:54.38,1984
20,Andres Figueroa,Chile,,CHI,19,1:55.38,1984
18,Dieter Linneberg,Chile,,CHI,20,1:55.78,1984
19,Hans Kossmann,Chile,,CHI,21,1:56.27,1984
19,Jorge Birkner,Argentina,,ARG,22,1:56.55,1984
21,Miguel Purcell,Chile,,CHI,23,1:58.00,1984
18,Nicolas van Ditmar,Argentina,,ARG,24,2:00.48,1984
25,Lazaros Arkhontopoulos,Greece,,GRE,25,2:03.96,1984
25,Hubertus von FÃ¼rstenberg-von Hohenlohe,Mexico,,MEX,26,2:08.17,1984
16,Yakup Kadri Birinci,Turkey,,TUR,27,2:13.86,1984
18,Ioannis Triantafyllidis,Greece,,GRE,28,2:13.89,1984
20,Wu Deqiang,China,,CHN,29,2:14.01,1984
23,Li Guangquan,China,,CHN,30,2:16.59,1984
21,Kim Jin-Hae,South Korea,,KOR,31,2:17.45,1984
17,Ali Fuad HaÅÄ±l,Turkey,,TUR,32,2:17.58,1984
22,Liu Changcheng,China,,CHN,33,2:18.75,1984
20,Erkan Mermut,Turkey,,TUR,34,2:19.02,1984
17,Eu Woo-Youn,South Korea,,KOR,35,2:21.45,1984
15,Ong Ching-Ming,Chinese Taipei,,TPE,36,2:22.63,1984
17,Sabahattin HamamcÄ±oÄlu,Turkey,,TUR,37,2:23.35,1984
,Ahmad Ouachit,Morocco,,MAR,38,2:23.38,1984
,Nabil Khalil,Lebanon,,LIB,39,2:28.27,1984
19,Francesco Cardelli,San Marino,,SMR,40,2:33.73,1984
26,Lambros Lambrou,Cyprus,,CYP,41,2:34.62,1984
,Edward Samen,Lebanon,,LIB,42,2:39.09,1984
21,Christian Bollini,San Marino,,SMR,43,2:40.04,1984
19,Ahmed Ait Moulay,Morocco,,MAR,44,2:43.25,1984
18,Eduardo Kopper,Costa Rica,,CRC,45,2:43.33,1984
18,Jamil El-Reedy,Egypt,,EGY,46,2:56.93,1984
17,Giannos Pipis,Cyprus,,CYP,47,3:01.52,1984
26,Alex Giorgi,Italy,,ITA,,,1984
21,Roberto Grigis,Italy,,ITA,,,1984
22,Tiger Shaw,United States,,USA,,,1984
26,Florian Beck,West Germany,,FRG,,,1984
25,Vladimir Andreyev,Soviet Union,,URS,,,1984
25,Hans Enn,Austria,,AUT,,,1984
19,Luis FernÃ¡ndez Ochoa,Spain,,ESP,,,1984
23,Ãrni ÃÃ³r Ãrnason,Iceland,,ISL,,,1984
25,Henri Mollin,Belgium,,BEL,,,1984
25,Scott Alan SÃ¡nchez,Bolivia,,BOL,,,1984
16,AmÃ©rico Astete,Argentina,,ARG,,,1984
,Sotirios Axiotiades,Lebanon,,LIB,,,1984
17,Brahim Ait Sibrahim,Morocco,,MAR,,,1984
16,Alekhis Fotiadis,Cyprus,,CYP,,,1984
24,Lin Chi-Liang,Chinese Taipei,,TPE,,,1984
21,Park Byung-Ro,South Korea,,KOR,,,1984
,Tony Sukkar,Lebanon,,LIB,,,1984
17,Albert Llovera,Andorra,,AND,,,1984
17,David Lajoux,Monaco,,MON,,,1984
19,Jordi Torres,Andorra,,AND,,,1984
22,"Mihai BÃ®rÄ, Jr.",Romania,,ROU,,,1984
19,Pierre Couquelet,Belgium,,BEL,,,1984
20,GuÃ°mundur JÃ³hannsson,Iceland,,ISL,,,1984
19,GÃ¼nther Marxer,Liechtenstein,,LIE,,,1984
23,David Mercer,Great Britain,,GBR,,,1984
21,Mario Konzett,Liechtenstein,,LIE,,,1984
23,Egon Hirt,West Germany,,FRG,,,1984
23,Carlos Salvadores,Spain,,ESP,,,1984
22,Mitko Khadzhiev,Bulgaria,,BUL,,,1984
20,Michael Tommy,Canada,,CAN,,,1984
21,Jure Franko,Yugoslavia,,YUG,,,1984
21,Hubert Strolz,Austria,,AUT,,,1984
21,Yves Tavernier,France,,FRA,,,1984
23,Naomine Iwaya,Japan,,JPN,,,1984
29,Odd SÃ¸rli,Norway,,NOR,,,1984
27,JoÃ«l Gaspoz,Switzerland,,SUI,,,1984
21,Pirmin Zurbriggen,Switzerland,,SUI,,,1984
25,Andi Wenzel,Liechtenstein,,LIE,,,1984
22,Max Julen,Switzerland,,SUI,,,1984
27,Michel Canac,France,,FRA,,,1984
27,Paolo De Chiesa,Italy,,ITA,,,1984
19,Pavlos Fotiadis,Cyprus,,CYP,,,1984
21,Andreas Pantelidis,Greece,,GRE,,,1984
18,Fernando Enevoldsen,Argentina,,ARG,,,1984
24,Michel Vion,France,,FRA,,,1984
26,Paul Frommelt,Liechtenstein,,LIE,,,1984
24,Franz Gruber,Austria,,AUT,,,1984
25,Anton Steiner,Austria,,AUT,,,1984
22,Jorge PÃ©rez,Spain,,ESP,,,1984
22,Bengt FjÃ¤llberg,Sweden,,SWE,,,1984
27,Osamu Kodama,Japan,,JPN,,,1984
23,Valentin Gichev,Bulgaria,,BUL,,,1984
21,Zolt Balazs,Romania,,ROU,,,1984
21,Giannis Stamatiou,Greece,,GRE,,,1984
21,Alberto Tomba,Italy,Gold,ITA,1,1:39.47,1988
28,Frank WÃ¶rndl,West Germany,Silver,FRG,2,1:39.53,1988
30,Paul Frommelt,Liechtenstein,Bronze,LIE,3,1:39.84,1988
22,Bernhard Gstrein,Austria,,AUT,4,1:40.08,1988
31,Ingemar Stenmark,Sweden,,SWE,5,1:40.22,1988
24,Jonas Nilsson,Sweden,,SWE,6,1:40.23,1988
25,Pirmin Zurbriggen,Switzerland,,SUI,7,1:40.48,1988
24,Oswald TÃ¶tsch,Italy,,ITA,8,1:40.55,1988
25,Grega Benedik,Yugoslavia,,YUG,9,1:41.38,1988
30,Florian Beck,West Germany,,FRG,10,1:41.44,1988
22,Rok PetroviÄ,Yugoslavia,,YUG,11,1:41.63,1988
22,Tetsuya Okabe,Japan,,JPN,12,1:41.93,1988
20,Peter Jurko,Czechoslovakia,,TCH,13,1:42.21,1988
22,Alain Villiard,Canada,,CAN,14,1:43.77,1988
18,AdriÃ¡n BÃ­reÅ¡,Czechoslovakia,,TCH,15,1:45.13,1988
29,Petar Popangelov,Bulgaria,,BUL,16,1:46.34,1988
21,Simon Wi Rutene,New Zealand,,NZL,17,1:47.38,1988
23,Luis FernÃ¡ndez Ochoa,Spain,,ESP,18,1:50.03,1988
19,Borislav Dimitrachkov,Bulgaria,,BUL,19,1:50.81,1988
20,Lyubomir Popov,Bulgaria,,BUL,19,1:50.81,1988
18,Robbie Hourmont,Great Britain,,GBR,21,1:51.59,1988
21,Matthias Hubrich,New Zealand,,NZL,22,1:52.24,1988
18,Stefan Shalamanov,Bulgaria,,BUL,23,1:52.37,1988
24,DanÃ­el Hilmarsson,Iceland,,ISL,24,1:55.29,1988
19,Juan Pablo Santiagos,Chile,,CHI,25,1:55.82,1988
23,Jorge Birkner,Argentina,,ARG,26,1:56.97,1988
20,Kang Nak-Youn,South Korea,,KOR,27,2:03.73,1988
25,Nam Won-Gi,South Korea,,KOR,28,2:04.29,1988
24,Park Jae-Hyuk,South Korea,,KOR,29,2:04.30,1988
29,Hubertus von FÃ¼rstenberg-von Hohenlohe,Mexico,,MEX,30,2:07.93,1988
20,Yakup Kadri Birinci,Turkey,,TUR,31,2:11.19,1988
17,Sokratis Aristodimou,Cyprus,,CYP,32,2:16.10,1988
17,Resul Sare,Turkey,,TUR,33,2:16.59,1988
24,Toni Salame,Lebanon,,LIB,34,2:16.97,1988
20,Ahmet Demir,Turkey,,TUR,35,2:17.53,1988
18,GÃ¶ksay Demirhan,Turkey,,TUR,36,2:18.21,1988
23,Alex Christian Benoit,Mexico,,MEX,37,2:23.15,1988
27,Guillermo Avila,Bolivia,,BOL,38,2:24.40,1988
21,Carlos AndrÃ©s Bruderer,Guatemala,,GUA,39,2:26.30,1988
26,Karim Sabbagh,Lebanon,,LIB,40,2:26.67,1988
,Ahmad Ouachit,Morocco,,MAR,41,2:31.53,1988
23,Ahmed Ait Moulay,Morocco,,MAR,42,2:33.17,1988
28,Kevin Wilson,Puerto Rico,,PUR,43,2:35.18,1988
23,Francesco Cardelli,San Marino,,SMR,44,2:35.21,1988
18,Nicola Ercolani,San Marino,,SMR,45,2:38.82,1988
32,Manuel Aramayo,Bolivia,,BOL,46,2:42.31,1988
15,Lotfi Housnialaoui,Morocco,,MAR,47,2:49.64,1988
18,Chen Tong-Jong,Chinese Taipei,,TPE,48,2:51.10,1988
23,Kishor Rahtna Rai,India,,IND,49,2:52.21,1988
27,Luis Viscarra,Bolivia,,BOL,50,2:54.38,1988
41,JuliÃ¡n MuÃ±oz,Costa Rica,,CRC,51,2:56.72,1988
17,Jason Edelmann,Puerto Rico,,PUR,52,2:58.72,1988
23,Enrique Montano,Bolivia,,BOL,53,3:07.41,1988
41,Alfredo Rego,Guatemala,,GUA,54,3:20.28,1988
26,Carlos Pruneda,Mexico,,MEX,,,1988
19,Christian Bruderer,Guatemala,,GUA,,,1988
20,Sergey Petrik,Soviet Union,,URS,,,1988
25,Jim Read,Canada,,CAN,,,1988
22,Jack Miller,United States,,USA,,,1988
24,Christian Gaidet,France,,FRA,,,1988
23,Johan Wallner,Sweden,,SWE,,,1988
21,Finn Christian Jagge,Norway,,NOR,,,1988
26,Didier Bouvet,France,,FRA,,,1988
22,Thomas Stangassinger,Austria,,AUT,,,1988
23,GÃ¼nther Mader,Austria,,AUT,,,1988
26,Yves Tavernier,France,,FRA,,,1988
31,JoÃ«l Gaspoz,Switzerland,,SUI,,,1988
23,Armin Bittner,West Germany,,FRG,,,1988
21,Rudi Nierlich,Austria,,AUT,,,1988
24,Felix McGrath,United States,,USA,,,1988
27,Peter Roth,West Germany,,FRG,,,1988
20,Robert Å½an,Yugoslavia,,YUG,,,1988
26,Chiaki Ishioka,Japan,,JPN,,,1988
24,Alex Williams,United States,,USA,,,1988
21,Klemen Bergant,Yugoslavia,,YUG,,,1988
26,Hans Pieren,Switzerland,,SUI,,,1988
24,Michael Tommy,Canada,,CAN,,,1988
25,Ivano Camozzi,Italy,,ITA,,,1988
23,Gregor Hoop,Liechtenstein,,LIE,,,1988
17,Konstantin Chistyakov,Soviet Union,,URS,,,1988
21,Greg Grossmann,Canada,,CAN,,,1988
20,Jorge Pujol,Spain,,ESP,,,1988
22,Gerald NÃ¤scher,Liechtenstein,,LIE,,,1988
21,Elias Majdalani,Lebanon,,LIB,,,1988
21,Delfin Campo,Spain,,ESP,,,1988
20,Richard Biggins,Australia,,AUS,,,1988
20,Morgan Jones,Great Britain,,GBR,,,1988
25,Giannis Stamatiou,Greece,,GRE,,,1988
17,Gerard Escoda,Andorra,,AND,,,1988
17,Mauricio Rotella,Chile,,CHI,,,1988
16,Ignacio Birkner,Argentina,,ARG,,,1988
20,Ioannis Kapraras,Greece,,GRE,,,1988
20,Alekhis Fotiadis,Cyprus,,CYP,,,1988
17,Jorge Carlos Eiras,Argentina,,ARG,,,1988
19,Fabio Guardigli,San Marino,,SMR,,,1988
15,Hur Seung-Wook,South Korea,,KOR,,,1988
36,Jorge Torruellas,Puerto Rico,,PUR,,,1988
19,Ong Ching-Ming,Chinese Taipei,,TPE,,,1988
17,Javier Rivara,Argentina,,ARG,,,1988
26,Lars-GÃ¶ran Halvarsson,Sweden,,SWE,,,1988
23,Carlo Gerosa,Italy,,ITA,,,1988
21,Jean-Luc CrÃ©tier,France,,FRA,,,1988
20,Paul Accola,Switzerland,,SUI,,,1988
24,Bob Ormsby,United States,,USA,,,1988
21,Silvio Wille,Liechtenstein,,LIE,,,1988
16,Paulo Oppliger,Chile,,CHI,,,1988
24,Gul Dev,India,,IND,,,1988
23,Tang Wei-Tsu,Chinese Taipei,,TPE,,,1988
27,Pierre Succar,Lebanon,,LIB,,,1988
25,Finn Christian Jagge,Norway,Gold,NOR,1,1:44.39,1992
25,Alberto Tomba,Italy,Silver,ITA,2,1:44.67,1992
26,Michael Tritscher,Austria,Bronze,AUT,3,1:44.85,1992
24,Patrick Staub,Switzerland,,SUI,4,1:45.44,1992
21,Thomas FogdÃ¶,Sweden,,SWE,5,1:45.48,1992
24,Paul Accola,Switzerland,,SUI,6,1:45.62,1992
22,Michael von GrÃ¼nigen,Switzerland,,SUI,7,1:46.42,1992
28,Jonas Nilsson,Sweden,,SWE,8,1:46.57,1992
26,Thomas Stangassinger,Austria,,AUT,9,1:46.65,1992
21,Matt Grosjean,United States,,USA,10,1:46.94,1992
27,Carlo Gerosa,Italy,,ITA,11,1:47.10,1992
22,FranÃ§ois Simond,France,,FRA,12,1:47.49,1992
29,Hubert Strolz,Austria,,AUT,13,1:47.79,1992
27,Mats Ericson,Sweden,,SWE,14,1:48.01,1992
26,Bernhard Gstrein,Austria,,AUT,15,1:48.26,1992
31,Peter Roth,Germany,,GER,16,1:48.75,1992
21,Andrej Miklavc,Slovenia,,SLO,17,1:49.47,1992
26,Tetsuya Okabe,Japan,,JPN,18,1:49.48,1992
19,Jure KoÅ¡ir,Slovenia,,SLO,19,1:49.49,1992
23,Rob Crossan,Canada,,CAN,20,1:49.86,1992
23,Konrad LadstÃ¤tter,Italy,,ITA,21,1:49.87,1992
21,Gregor Grilc,Slovenia,,SLO,22,1:49.95,1992
24,Kyle Wieche,United States,,USA,23,1:51.12,1992
25,Klemen Bergant,Slovenia,,SLO,24,1:52.52,1992
24,Peter Jurko,Czechoslovakia,,TCH,25,1:52.80,1992
22,Petar Dichev,Bulgaria,,BUL,26,1:52.91,1992
24,Abraham FernÃ¡ndez,Spain,,ESP,27,1:52.97,1992
24,Jorge Pujol,Spain,,ESP,28,1:53.01,1992
22,Willy Raine,Canada,,CAN,29,1:53.32,1992
22,StÃ©phane Exartier,France,,FRA,30,1:53.90,1992
22,Ricardo Campo,Spain,,ESP,31,1:54.52,1992
21,Gerard Escoda,Andorra,,AND,32,1:54.71,1992
23,Borislav Dimitrachkov,Bulgaria,,BUL,33,1:55.15,1992
24,Sean Langmuir,Great Britain,,GBR,34,1:55.73,1992
27,ÃrnÃ³lfur Valdimarsson,Iceland,,ISL,35,1:56.48,1992
18,Vedran Pavlek,Croatia,,CRO,36,1:57.28,1992
20,Attila BÃ³nis,Hungary,,HUN,37,1:59.02,1992
22,BalÃ¡zs Tornay,Hungary,,HUN,38,2:00.52,1992
22,Federico van Ditmar,Argentina,,ARG,39,2:01.49,1992
20,Choi Yong-Hee,South Korea,,KOR,40,2:03.05,1992
24,Aurel Foiciuc,Romania,,ROU,41,2:04.34,1992
21,Zoran PeruÅ¡ina,Yugoslavia,,YUG,42,2:04.54,1992
24,PÃ©ter KristÃ¡ly,Hungary,,HUN,43,2:08.06,1992
24,Alekhis Fotiadis,Cyprus,,CYP,44,2:14.76,1992
20,Taner ÃstÃ¼ndaÄ,Turkey,,TUR,45,2:17.78,1992
23,SlaÄan IliÄ,Yugoslavia,,YUG,46,2:20.07,1992
21,Sokratis Aristodimou,Cyprus,,CYP,47,2:23.89,1992
29,Hans Egger,Brazil,,BRA,48,2:24.51,1992
22,Michael Teruel,Philippines,,PHI,49,2:27.49,1992
31,Guillermo Avila,Bolivia,,BOL,50,2:28.25,1992
22,Cevdet Can,Turkey,,TUR,51,2:28.45,1992
25,Brahim Ait Sibrahim,Morocco,,MAR,52,2:30.00,1992
22,Jean Khalil,Lebanon,,LIB,53,2:33.13,1992
16,Juan-Carlos Elizondo,Mexico,,MEX,54,2:41.79,1992
20,Andreas Vasili,Cyprus,,CYP,55,2:46.67,1992
17,Daniel Stahle,Bolivia,,BOL,56,2:48.42,1992
36,Manuel Aramayo,Bolivia,,BOL,57,2:52.56,1992
20,Nanak Chand Thakur,India,,IND,58,2:53.91,1992
35,JosÃ© Manuel Bejarano,Bolivia,,BOL,59,2:54.68,1992
26,El-Hassan Mahta,Morocco,,MAR,60,2:57.46,1992
21,Lal Chuni,India,,IND,61,3:03.05,1992
22,Dany Abounaoum,Lebanon,,LIB,62,3:03.76,1992
30,Robert Scott Detlof,Brazil,,BRA,63,3:18.58,1992
45,JuliÃ¡n MuÃ±oz,Costa Rica,,CRC,64,3:44.11,1992
21,Alejandro Preinfalk,Costa Rica,,CRC,65,4:29.13,1992
25,Ole Kristian Furuseth,Norway,,NOR,,,1992
27,Armin Bittner,Germany,,GER,,,1992
20,Kjetil AndrÃ© Aamodt,Norway,,NOR,,,1992
23,Alain Feutrier,France,,FRA,,,1992
27,Johan Wallner,Sweden,,SWE,,,1992
27,MariÃ¡n BÃ­reÅ¡,Czechoslovakia,,TCH,,,1992
26,Brad King,Canada,,CAN,,,1992
24,Bill Gaylord,Great Britain,,GBR,,,1992
17,Jakub Malczewski,Poland,,POL,,,1992
21,Pierre KÅszÃ¡li,Hungary,,HUN,,,1992
19,Hur Seung-Wook,South Korea,,KOR,,,1992
15,Jorge Eduardo Ballesteros,Mexico,,MEX,,,1992
18,Carlos Mier y TerÃ¡n,Mexico,,MEX,,,1992
31,Lamine GuÃ¨ye,Senegal,,SEN,,,1992
17,Hicham Diddou,Morocco,,MAR,,,1992
22,Patrice Bianchi,France,,FRA,,,1992
24,Steve Locher,Switzerland,,SUI,,,1992
23,Joe Levins,United States,,USA,,,1992
20,Didrik Marksten,Norway,,NOR,,,1992
21,Kiminobu Kimura,Japan,,JPN,,,1992
20,Takuya Ishioka,Japan,,JPN,,,1992
19,Casey Puckett,United States,,USA,,,1992
24,Lyubomir Popov,Bulgaria,,BUL,,,1992
23,Ovidio GarcÃ­a,Spain,,ESP,,,1992
25,Simon Wi Rutene,New Zealand,,NZL,,,1992
19,Kristinn BjÃ¶rnsson,Iceland,,ISL,,,1992
20,Nahum Orobitg,Andorra,,AND,,,1992
22,Stephen Edwards,Great Britain,,GBR,,,1992
20,Christopher Blagden,Great Britain,,GBR,,,1992
20,Marcin SzafraÅski,Poland,,POL,,,1992
20,Ramon Rossell,Andorra,,AND,,,1992
23,Nils Gelbjerg-Hansen,Denmark,,DEN,,,1992
26,Emilian FocÈeneanu,Romania,,ROU,,,1992
19,GÃ¡ston Begue,Argentina,,ARG,,,1992
19,Thomas Lefousi,Greece,,GRE,,,1992
22,Nicola Ercolani,San Marino,,SMR,,,1992
29,John Campbell,United States Virgin Islands,,ISV,,,1992
23,Ioannis Kapraras,Greece,,GRE,,,1992
24,Keith Fraser,Swaziland,,SWZ,,,1992
18,Jason Gasperoni,San Marino,,SMR,,,1992
21,Rejmon Horo,Yugoslavia,,YUG,,,1992
24,Ahmet Demir,Turkey,,TUR,,,1992
19,SÃ©rgio Schuler,Brazil,,BRA,,,1992
19,German SÃ¡nchez,Mexico,,MEX,,,1992
19,Marcelo Apovian,Brazil,,BRA,,,1992
22,Chen Tong-Jong,Chinese Taipei,,TPE,,,1992
21,Raymond Keyrouz,Lebanon,,LIB,,,1992
15,Enis BeÄirbegoviÄ,Yugoslavia,,YUG,,,1992
17,Mourad Guerri,Algeria,,ALG,,,1992
25,Brahim Izdag,Morocco,,MAR,,,1992
20,Allaoua Latef,Algeria,,ALG,,,1992
26,Alphonse Gomis,Senegal,,SEN,,,1992
23,Fabio De Crignis,Italy,,ITA,,,1992
28,Marc Girardelli,Luxembourg,,LUX,,,1992
28,Thomas Stangassinger,Austria,Gold,AUT,1,2:02.02,1994
27,Alberto Tomba,Italy,Silver,ITA,2,2:02.17,1994
21,Jure KoÅ¡ir,Slovenia,Bronze,SLO,3,2:02.53,1994
22,Mitja Kunc,Slovenia,,SLO,4,2:02.62,1994
23,Thomas FogdÃ¶,Sweden,,SWE,5,2:03.05,1994
27,Finn Christian Jagge,Norway,,NOR,6,2:03.19,1994
21,Casey Puckett,United States,,USA,7,2:03.47,1994
25,Angelo Weiss,Italy,,ITA,8,2:03.72,1994
26,Patrick Staub,Switzerland,,SUI,9,2:04.19,1994
23,Andrej Miklavc,Slovenia,,SLO,10,2:04.35,1994
21,Andrea Zinsli,Switzerland,,SUI,11,2:04.94,1994
21,Mika Marila,Finland,,FIN,12,2:04.99,1994
29,Mats Ericson,Sweden,,SWE,13,2:05.49,1994
21,Thomas Grandi,Canada,,CAN,14,2:05.54,1994
24,Michael von GrÃ¼nigen,Switzerland,,SUI,15,2:05.88,1994
24,Yves Dimier,France,,FRA,16,2:06.99,1994
26,Paul Accola,Switzerland,,SUI,17,2:07.56,1994
23,Kiminobu Kimura,Japan,,JPN,18,2:07.97,1994
22,Takuya Ishioka,Japan,,JPN,19,2:10.34,1994
24,Vicente Tomas,Spain,,ESP,20,2:13.44,1994
21,Hur Seung-Wook,South Korea,,KOR,21,2:13.66,1994
22,Attila BÃ³nis,Hungary,,HUN,22,2:20.43,1994
22,Kjetil AndrÃ© Aamodt,Norway,,NOR,,,1994
33,Peter Roth,Germany,,GER,,,1994
25,Thomas Sykora,Austria,,AUT,,,1994
25,Rob Crossan,Canada,,CAN,,,1994
21,SÃ©bastien Amiez,France,,FRA,,,1994
28,Tetsuya Okabe,Japan,,JPN,,,1994
23,Matt Grosjean,United States,,USA,,,1994
23,Jeremy Nobis,United States,,USA,,,1994
29,Armin Bittner,Germany,,GER,,,1994
29,GÃ¼nther Mader,Austria,,AUT,,,1994
28,Bernhard Gstrein,Austria,,AUT,,,1994
23,Lasse Kjus,Norway,,NOR,,,1994
26,Bernhard Bauer,Germany,,GER,,,1994
24,Fabrizio Tescari,Italy,,ITA,,,1994
29,Johan Wallner,Sweden,,SWE,,,1994
22,Norman Bergamelli,Italy,,ITA,,,1994
21,Erik Schlopy,United States,,USA,,,1994
25,Ovidio GarcÃ­a,Spain,,ESP,,,1994
21,Gaku Hirasawa,Japan,,JPN,,,1994
21,Tobias Hellman,Sweden,,SWE,,,1994
26,Lyubomir Popov,Bulgaria,,BUL,,,1994
23,Gerard Escoda,Andorra,,AND,,,1994
21,Kristinn BjÃ¶rnsson,Iceland,,ISL,,,1994
27,Simon Wi Rutene,New Zealand,,NZL,,,1994
26,Bill Gaylord,Great Britain,,GBR,,,1994
23,Xavier Ubeira,Spain,,ESP,,,1994
22,Haukur ArnÃ³rsson,Iceland,,ISL,,,1994
24,Federico van Ditmar,Argentina,,ARG,,,1994
24,Petar Dichev,Bulgaria,,BUL,,,1994
22,Marcin SzafraÅski,Poland,,POL,,,1994
20,Vedran Pavlek,Croatia,,CRO,,,1994
23,Levan Abramishvili,Georgia,,GEO,,,1994
23,Gregor Grilc,Slovenia,,SLO,,,1994
27,Ole Kristian Furuseth,Norway,,NOR,,,1994
30,Marc Girardelli,Luxembourg,,LUX,,,1994
22,Hans Petter Buraas,Norway,Gold,NOR,1,1:49.31,1998
31,Ole Kristian Furuseth,Norway,Silver,NOR,2,1:50.64,1998
29,Thomas Sykora,Austria,Bronze,AUT,3,1:50.68,1998
27,Tom Stiansen,Norway,,NOR,4,1:50.90,1998
26,Christian Mayer,Austria,,AUT,5,1:51.09,1998
32,Thomas Stangassinger,Austria,,AUT,6,1:51.25,1998
31,Finn Christian Jagge,Norway,,NOR,7,1:51.39,1998
24,JoÃ«l Chenal,France,,FRA,8,1:51.51,1998
20,Kalle Palander,Finland,,FIN,9,1:51.81,1998
22,Pierrick Bourgeat,France,,FRA,10,1:51.82,1998
23,Matteo Nana,Italy,,ITA,11,1:51.96,1998
24,Didier Plaschy,Switzerland,,SUI,12,1:52.03,1998
27,Kiminobu Kimura,Japan,,JPN,13,1:52.15,1998
25,SÃ©bastien Amiez,France,,FRA,14,1:52.19,1998
27,Matt Grosjean,United States,,USA,15,1:52.56,1998
28,Angelo Weiss,Italy,,ITA,16,1:52.80,1998
25,MatjaÅ¾ Vrhovnik,Slovenia,,SLO,17,1:54.65,1998
30,Paul Accola,Switzerland,,SUI,18,1:54.91,1998
28,Michael von GrÃ¼nigen,Switzerland,,SUI,19,1:54.96,1998
25,Gaku Hirasawa,Japan,,JPN,20,1:55.24,1998
26,Takuya Ishioka,Japan,,JPN,21,1:55.69,1998
20,Stefan Georgiev,Bulgaria,,BUL,22,1:56.12,1998
25,Hur Seung-Wook,South Korea,,KOR,23,1:58.01,1998
18,Gabriel Hottegindre,Uruguay,,URU,24,2:03.27,1998
22,Sveinn BrynjÃ³lfsson,Iceland,,ISL,25,2:06.18,1998
19,Alex Heath,South Africa,,RSA,26,2:14.44,1998
29,Arsen Harutyunyan,Armenia,,ARM,27,2:15.11,1998
21,Komil Urunbayev,Uzbekistan,,UZB,28,2:18.85,1998
24,Arif Alaftargil,Turkey,,TUR,29,2:25.09,1998
23,Hassan Shemshaki,Iran,,IRI,30,2:26.99,1998
39,William Schenker,Puerto Rico,,PUR,31,2:28.88,1998
23,Andrzej Bachleda-CuruÅ,Poland,,POL,,,1998
20,Bode Miller,United States,,USA,,,1998
23,Marcel Maxa,Czech Republic,,CZE,,,1998
24,Thomas LÃ¶dler,Croatia,,CRO,,,1998
28,Petar Dichev,Bulgaria,,BUL,,,1998
31,Alberto Tomba,Italy,,ITA,,,1998
28,Fabrizio Tescari,Italy,,ITA,,,1998
27,Andrej Miklavc,Slovenia,,SLO,,,1998
25,Jure KoÅ¡ir,Slovenia,,SLO,,,1998
25,Kristinn BjÃ¶rnsson,Iceland,,ISL,,,1998
22,Martin Hansson,Sweden,,SWE,,,1998
27,Mario Reiter,Austria,,AUT,,,1998
29,Markus Eberle,Germany,,GER,,,1998
25,Thomas Grandi,Canada,,CAN,,,1998
28,FranÃ§ois Simond,France,,FRA,,,1998
21,Marco Casanova,Switzerland,,SUI,,,1998
24,Mika Marila,Finland,,FIN,,,1998
23,Chip Knight,United States,,USA,,,1998
22,Andy LeRoy,United States,,USA,,,1998
20,Kentaro Minagawa,Japan,,JPN,,,1998
26,Haukur ArnÃ³rsson,Iceland,,ISL,,,1998
27,Gerard Escoda,Andorra,,AND,,,1998
26,ArnÃ³r Gunnarsson,Iceland,,ISL,,,1998
30,Lyubomir Popov,Bulgaria,,BUL,,,1998
21,Sami Uotila,Finland,,FIN,,,1998
23,Victor GÃ³mez,Andorra,,AND,,,1998
22,Byun Jong-Moon,South Korea,,KOR,,,1998
19,Angel Pumpalov,Bulgaria,,BUL,,,1998
24,Arne Hardenberg,Denmark,,DEN,,,1998
19,Vasilios Dimitriadis,Greece,,GRE,,,1998
27,Levan Abramishvili,Georgia,,GEO,,,1998
26,Andreas Vasili,Cyprus,,CYP,,,1998
24,Alain Baxter,Great Britain,,GBR,,,1998
22,Drago Grubelnik,Slovenia,,SLO,,,1998
24,Jean-Pierre Vidal,France,Gold,FRA,1,1:41.06,2002
29,SÃ©bastien Amiez,France,Silver,FRA,2,1:41.82,2002
23,Benjamin Raich,Austria,Bronze,AUT,3,1:42.41,2002
28,Kilian Albrecht,Austria,,AUT,4,1:42.45,2002
27,Urs Imboden,Switzerland,,SUI,5,1:42.48,2002
30,Kjetil AndrÃ© Aamodt,Norway,,NOR,6,1:42.72,2002
23,Markus Larsson,Sweden,,SWE,7,1:42.86,2002
29,Jure KoÅ¡ir,Slovenia,,SLO,8,1:43.34,2002
35,Ole Kristian Furuseth,Norway,,NOR,9,1:44.39,2002
27,Andrzej Bachleda-CuruÅ,Poland,,POL,10,1:44.65,2002
27,Chip Knight,United States,,USA,11,1:44.86,2002
31,Tom Stiansen,Norway,,NOR,12,1:45.19,2002
29,Erik Schlopy,United States,,USA,13,1:45.21,2002
32,Michael von GrÃ¼nigen,Switzerland,,SUI,14,1:45.35,2002
28,Stanley Hayer,Czech Republic,,CZE,15,1:46.12,2002
29,Thomas Grandi,Canada,,CAN,16,1:46.23,2002
21,Cristian Simari Birkner,Argentina,,ARG,17,1:46.82,2002
31,Kiminobu Kimura,Japan,,JPN,18,1:48.43,2002
21,Michal RajÄan,Slovakia,,SVK,19,1:48.66,2002
20,Noel Baxter,Great Britain,,GBR,20,1:49.64,2002
29,Kristinn BjÃ¶rnsson,Iceland,,ISL,21,1:49.81,2002
21,Gareth Trayner,Great Britain,,GBR,22,1:50.91,2002
23,Angel Pumpalov,Bulgaria,,BUL,23,1:51.93,2002
24,Bode Miller,United States,,USA,24,1:52.79,2002
24,Ivars Ciaguns,Latvia,,LAT,25,1:54.73,2002
23,Marko ÄorÄeviÄ,Serbia and Montenegro,,SCG,26,1:55.99,2002
23,Alex Heath,South Africa,,RSA,27,1:56.93,2002
22,JÃ³hann Haraldsson,Iceland,,ISL,28,1:57.17,2002
20,Tahir BisiÄ,Bosnia and Herzegovina,,BIH,29,1:57.72,2002
20,Gang Min-Hyeok,South Korea,,KOR,30,1:58.48,2002
26,Byun Jong-Moon,South Korea,,KOR,31,2:01.58,2002
25,Atakan Alaftargil,Turkey,,TUR,32,2:10.36,2002
26,PÃ©ter Vincze,Hungary,,HUN,33,2:15.57,2002
24,Rainer SchÃ¶nfelder,Austria,,AUT,,,2002
26,Giorgio Rocca,Italy,,ITA,,,2002
24,Kalle Palander,Finland,,FIN,,,2002
24,Manfred Pranger,Austria,,AUT,,,2002
33,Markus Eberle,Germany,,GER,,,2002
22,Jean-Philippe Roy,Canada,,CAN,,,2002
26,Truls Ove Karlsen,Norway,,NOR,,,2002
25,Edoardo Zardini,Italy,,ITA,,,2002
27,Giancarlo Bergamelli,Italy,,ITA,,,2002
25,Alan Perathoner,Italy,,ITA,,,2002
20,Akira Sasaki,Japan,,JPN,,,2002
24,Stefan Georgiev,Bulgaria,,BUL,,,2002
28,Jan HolickÃ½,Czech Republic,,CZE,,,2002
22,BjÃ¶rgvin BjÃ¶rgvinsson,Iceland,,ISL,,,2002
24,Todd Haywood,New Zealand,,NZL,,,2002
21,Ivan Heimschild,Slovakia,,SVK,,,2002
21,Kristinn MagnÃºsson,Iceland,,ISL,,,2002
22,Jesse Teat,New Zealand,,NZL,,,2002
23,Lee Ki-Hyun,South Korea,,KOR,,,2002
23,Danil Anisimov,Kazakhstan,,KAZ,,,2002
21,Dejan Panovski,Macedonia,,MKD,,,2002
21,Laurence Thoms,Fiji,,FIJ,,,2002
20,Robert Makharashvili,Georgia,,GEO,,,2002
22,Bagher Kalhor,Iran,,IRI,,,2002
33,Arsen Harutyunyan,Armenia,,ARM,,,2002
20,Elbrus Isakov,Azerbaijan,,AZE,,,2002
30,Mitja Kunc,Slovenia,,SLO,,,2002
22,Ivica KosteliÄ,Croatia,,CRO,,,2002
26,Pierrick Bourgeat,France,,FRA,,,2002
26,Drago Grubelnik,Slovenia,,SLO,,,2002
26,Rene MlekuÅ¾,Slovenia,,SLO,,,2002
26,Markus Ganahl,Liechtenstein,,LIE,,,2002
23,Tom Rothrock,United States,,USA,,,2002
21,OndÅej Bank,Czech Republic,,CZE,,,2002
21,Niki FÃ¼rstauer,Lebanon,,LIB,,,2002
22,Alex Antor,Andorra,,AND,,,2002
26,Michael Dickson,Australia,,AUS,,,2002
23,Mykola Skriabin,Ukraine,,UKR,,,2002
24,Theodoros Khristodoulou,Cyprus,,CYP,,,2002
25,Komil Urunbayev,Uzbekistan,,UZB,,,2002
29,Hur Seung-Wook,South Korea,,KOR,,,2002
23,Vasilios Dimitriadis,Greece,,GRE,,,2002
24,Kentaro Minagawa,Japan,,JPN,,,2002
28,Alain Baxter,Great Britain,,GBR,,[1:42.32],2002
27,Benjamin Raich,Austria,Gold,AUT,1,1:43.14,2006
27,Reinfried Herbst,Austria,Silver,AUT,2,1:43.97,2006
28,Rainer SchÃ¶nfelder,Austria,Bronze,AUT,3,1:44.15,2006
23,AndrÃ© Myhrer,Sweden,,SWE,4,1:44.18,2006
28,Kentaro Minagawa,Japan,,JPN,4,1:44.18,2006
26,Ivica KosteliÄ,Croatia,,CRO,6,1:44.45,2006
22,Naoki Yuasa,Japan,,JPN,7,1:44.57,2006
28,Johan Brolenius,Sweden,,SWE,8,1:44.81,2006
33,Thomas Grandi,Canada,,CAN,9,1:44.84,2006
30,Martin Hansson,Sweden,,SWE,10,1:45.24,2006
30,Pierrick Bourgeat,France,,FRA,11,1:45.48,2006
24,Jimmy Cochran,United States,,USA,12,1:45.68,2006
30,Drago Grubelnik,Slovenia,,SLO,13,1:45.69,2006
22,Marc Berthod,Switzerland,,SUI,14,1:46.00,2006
24,Silvan Zurbriggen,Switzerland,,SUI,15,1:46.10,2006
32,Alain Baxter,Great Britain,,GBR,16,1:46.15,2006
23,Mike Janyk,Canada,,CAN,17,1:46.19,2006
31,Chip Knight,United States,,USA,18,1:46.26,2006
25,Bernard VajdiÄ,Slovenia,,SLO,19,1:46.43,2006
24,Noel Baxter,Great Britain,,GBR,20,1:47.22,2006
23,Martin VrÃ¡blÃ­k,Czech Republic,,CZE,21,1:47.40,2006
26,BjÃ¶rgvin BjÃ¶rgvinsson,Iceland,,ISL,22,1:51.23,2006
27,Vasilios Dimitriadis,Greece,,GRE,23,1:51.38,2006
21,Jaroslav BabuÅ¡iak,Slovakia,,SVK,24,1:52.06,2006
28,Stefan Georgiev,Bulgaria,,BUL,25,1:52.55,2006
25,Ivan Heimschild,Slovakia,,SVK,26,1:53.98,2006
21,Roger Vidosa,Andorra,,AND,27,1:54.03,2006
22,KristjÃ¡n Uni Ãskarsson,Iceland,,ISL,28,1:54.70,2006
21,Anton Konovalov,Russia,,RUS,29,1:54.71,2006
21,Marko Schafferer,Bosnia and Herzegovina,,BIH,30,1:57.17,2006
25,Mickey Ross,New Zealand,,NZL,31,1:57.80,2006
17,Iason Abramashvili,Georgia,,GEO,32,1:58.67,2006
19,Natko ZrnÄiÄ-Dim,Croatia,,CRO,33,1:59.03,2006
17,Olivier Jenot,Monaco,,MON,34,1:59.13,2006
20,Kristinn Ingi Valsson,Iceland,,ISL,35,1:59.80,2006
27,Mykola Skriabin,Ukraine,,UKR,36,1:59.96,2006
27,Mikail Renzhin,Israel,,ISR,37,2:00.73,2006
28,Theodoros Khristodoulou,Cyprus,,CYP,38,2:06.55,2006
25,Hannes Paul Schmid,Italy,,ITA,39,2:08.63,2006
23,Hamit Åare,Turkey,,TUR,40,2:09.13,2006
33,Alidad Saveh Shemshaki,Iran,,IRI,41,2:09.56,2006
23,Attila Marosi,Hungary,,HUN,42,2:10.28,2006
30,George Salameh,Lebanon,,LIB,43,2:11.61,2006
20,Vitalijus Rumiancevas,Lithuania,,LTU,44,2:13.46,2006
19,Abraham Sarkakhyan,Armenia,,ARM,45,2:16.21,2006
21,Kayrat Ermetov,Uzbekistan,,UZB,46,2:20.88,2006
26,Yasuhiro Ikuta,Japan,,JPN,47,2:23.28,2006
22,Daniel Albrecht,Switzerland,,SUI,,,2006
21,Felix Neureuther,Germany,,GER,,,2006
23,Aksel Lund Svindal,Norway,,NOR,,,2006
21,Jean-Baptiste Grange,France,,FRA,,,2006
21,Filip Trejbal,Czech Republic,,CZE,,,2006
23,Patrick Biggs,Canada,,CAN,,,2006
24,Akira Sasaki,Japan,,JPN,,,2006
27,MichaÅ KaÅwa,Poland,,POL,,,2006
23,Deyan Todorov,Bulgaria,,BUL,,,2006
20,Gjorgji Markovski,Macedonia,,MKD,,,2006
20,Li Guangxu,China,,CHN,,,2006
30,Giorgio Rocca,Italy,,ITA,,,2006
27,Markus Larsson,Sweden,,SWE,,,2006
33,Alois Vogl,Germany,,GER,,,2006
26,StÃ©phane Tissot,France,,FRA,,,2006
28,Bode Miller,United States,,USA,,,2006
26,Mario Matt,Austria,,AUT,,,2006
23,Manfred MÃ¶lgg,Italy,,ITA,,,2006
27,Patrick Thaler,Italy,,ITA,,,2006
30,Hans Petter Buraas,Norway,,NOR,,,2006
26,Jean-Philippe Roy,Canada,,CAN,,,2006
21,Lars Myhre,Norway,,NOR,,,2006
24,Jono Brauer,Australia,,AUS,,,2006
28,Mitja ValenÄiÄ,Slovenia,,SLO,,,2006
23,James Leuzinger,Great Britain,,GBR,,,2006
25,Cristian Simari Birkner,Argentina,,ARG,,,2006
25,AleÅ¡ Gorza,Slovenia,,SLO,,,2006
23,Jukka Rajala,Finland,,FIN,,,2006
23,Dmitry Ulyanov,Russia,,RUS,,,2006
20,Dalibor Å amÅ¡al,Croatia,,CRO,,,2006
19,KryÅ¡tof KrÃ½zl,Czech Republic,,CZE,,,2006
23,Mikhail Sedyankov,Bulgaria,,BUL,,,2006
21,Aleksandr Khoroshilov,Russia,,RUS,,,2006
26,Alex Antor,Andorra,,AND,,,2006
18,Danko Marinelli,Croatia,,CRO,,,2006
23,Sindri MÃ¡r PÃ¡lsson,Iceland,,ISL,,,2006
27,Alex Heath,South Africa,,RSA,,,2006
23,Viktor Ryabchenko,Kazakhstan,,KAZ,,,2006
24,Leyti Seck,Senegal,,SEN,,,2006
19,Mathieu Razanakolona,Madagascar,,MAD,,,2006
19,Erjon Tola,Albania,,ALB,,,2006
21,Ted Ligety,United States,,USA,,,2006
28,Kalle Palander,Finland,,FIN,,,2006
24,Gang Min-Hyeok,South Korea,,KOR,,[1:58.01],2006
26,Ivan Borisov,Kyrgyzstan,,KGZ,,[2:30.61],2006
22,Å½elimir VukoviÄ,Serbia and Montenegro,,SCG,,[2:16.52],2006
25,Giuliano Razzoli,Italy,Gold,ITA,1,1:39.32,2010
30,Ivica KosteliÄ,Croatia,Silver,CRO,2,1:39.48,2010
27,AndrÃ© Myhrer,Sweden,Bronze,SWE,3,1:39.76,2010
31,Benjamin Raich,Austria,,AUT,4,1:39.81,2010
20,Marcel Hirscher,Austria,,AUT,5,1:40.20,2010
32,Mitja ValenÄiÄ,Slovenia,,SLO,6,1:40.35,2010
27,Manfred MÃ¶lgg,Italy,,ITA,7,1:40.45,2010
29,Julien Cousineau,Canada,,CAN,8,1:40.66,2010
30,Julien Lizeroux,France,,FRA,9,1:40.72,2010
31,Reinfried Herbst,Austria,,AUT,10,1:40.78,2010
29,OndÅej Bank,Czech Republic,,CZE,11,1:40.81,2010
28,Silvan Zurbriggen,Switzerland,,SUI,12,1:40.83,2010
27,Mike Janyk,Canada,,CAN,13,1:41.09,2010
24,Mattias Hargin,Sweden,,SWE,14,1:41.25,2010
25,Marc Gini,Switzerland,,SUI,15,1:41.35,2010
23,Maxime Tissot,France,,FRA,16,1:41.54,2010
24,Kjetil Jansrud,Norway,,NOR,17,1:41.57,2010
28,Akira Sasaki,Japan,,JPN,18,1:41.76,2010
23,Natko ZrnÄiÄ-Dim,Croatia,,CRO,19,1:41.99,2010
36,Kilian Albrecht,Bulgaria,,BUL,20,1:42.36,2010
24,Thomas Mermillod-Blondin,France,,FRA,21,1:42.48,2010
24,Jens Byggmark,Sweden,,SWE,22,1:42.53,2010
25,Aleksandr Khoroshilov,Russia,,RUS,23,1:42.82,2010
20,Nolan Kasper,United States,,USA,24,1:43.17,2010
32,Stefan Georgiev,Bulgaria,,BUL,25,1:43.92,2010
29,Cristian Simari Birkner,Argentina,,ARG,26,1:44.72,2010
23,Dave Ryding,Great Britain,,GBR,27,1:45.13,2010
26,Christophe Roux,Moldova,,MDA,28,1:45.75,2010
25,Andy Noble,Great Britain,,GBR,29,1:46.13,2010
25,Jaroslav BabuÅ¡iak,Slovakia,,SVK,30,1:46.86,2010
25,Trevor White,Canada,,CAN,31,1:47.17,2010
22,Danko Marinelli,Croatia,,CRO,32,1:47.33,2010
31,Vasilios Dimitriadis,Greece,,GRE,33,1:48.16,2010
30,Jeroen Van Den Bogaert,Belgium,,BEL,34,1:48.56,2010
31,Mikail Renzhin,Israel,,ISR,35,1:48.91,2010
20,Marko RudiÄ,Bosnia and Herzegovina,,BIH,36,1:49.16,2010
17,Kristaps Zvejnieks,Latvia,,LAT,37,1:51.29,2010
23,Igor Zakurdayev,Kazakhstan,,KAZ,38,1:52.81,2010
19,Rostyslav Feshchuk,Ukraine,,UKR,39,1:53.79,2010
19,Bojan KosiÄ,Montenegro,,MNE,40,1:55.32,2010
24,Hossein Saveh Shemshaki,Iran,,IRI,41,1:56.39,2010
27,Oleg Shamayev,Uzbekistan,,UZB,42,1:58.05,2010
22,Li Lei,China,,CHN,43,2:00.86,2010
32,Samir Azzimani,Morocco,,MAR,44,2:02.43,2010
36,Shane O'Connor,Ireland,,IRL,45,2:05.14,2010
51,Hubertus von FÃ¼rstenberg-von Hohenlohe,Mexico,,MEX,46,2:07.78,2010
35,Kwame Nkrumah-Acheampong,Ghana,,GHA,47,2:22.60,2010
23,Erjon Tola,Albania,,ALB,48,2:43.88,2010
31,Patrick Thaler,Italy,,ITA,,,2010
25,Steve Missillier,France,,FRA,,,2010
28,Jimmy Cochran,United States,,USA,,,2010
22,Axel BÃ¤ck,Sweden,,SWE,,,2010
24,Sandro Viletta,Switzerland,,SUI,,,2010
21,Iason Abramashvili,Georgia,,GEO,,,2010
25,Lars Myhre,Norway,,NOR,,,2010
27,Deyvid Oprja,Estonia,,EST,,,2010
24,ErdinÃ§ TÃ¼rksever,Turkey,,TUR,,,2010
32,Manfred Pranger,Austria,,AUT,,,2010
26,Marc Berthod,Switzerland,,SUI,,,2010
25,Felix Neureuther,Germany,,GER,,,2010
34,Truls Ove Karlsen,Norway,,NOR,,,2010
35,Urs Imboden,Moldova,,MDA,,,2010
20,Andreas Romar,Finland,,FIN,,,2010
29,Cristian Deville,Italy,,ITA,,,2010
25,Filip Trejbal,Czech Republic,,CZE,,,2010
24,Dalibor Å amÅ¡al,Croatia,,CRO,,,2010
21,Matic Skube,Slovenia,,SLO,,,2010
25,Brad Spence,Canada,,CAN,,,2010
30,BjÃ¶rgvin BjÃ¶rgvinsson,Iceland,,ISL,,,2010
29,Bernard VajdiÄ,Slovenia,,SLO,,,2010
25,Ted Ligety,United States,,USA,,,2010
20,Antonio Ristevski,Macedonia,,MKD,,,2010
27,Martin VrÃ¡blÃ­k,Czech Republic,,CZE,,,2010
29,Ioan Gabriel Nan,Romania,,ROU,,,2010
22,Jhonatan Longhi,Brazil,,BRA,,,2010
16,Jaba Gelashvili,Georgia,,GEO,,,2010
32,Andrey Drygin,Tajikistan,,TJK,,,2010
22,Pouria Saveh Shemshaki,Iran,,IRI,,,2010
28,Leyti Seck,Senegal,,SEN,,,2010
32,Bode Miller,United States,,USA,,,2010
32,Kentaro Minagawa,Japan,,JPN,,,2010
22,Leif Kristian Haugen,Norway,,NOR,,,2010
30,Mitja DragÅ¡iÄ,Slovenia,,SLO,,,2010
21,Jung Dong-Hyeon,South Korea,,KOR,,,2010
20,Sergey Maytakov,Russia,,RUS,,,2010
23,Kim U-Seong,South Korea,,KOR,,,2010
28,Bart Mollin,Belgium,,BEL,,,2010
20,StefÃ¡n JÃ³n Sigurgeirsson,Iceland,,ISL,,,2010
21,Stepan Zuyev,Russia,,RUS,,,2010
25,Roger Vidosa,Andorra,,AND,,,2010
24,Stephanos Tsimikalis,Greece,,GRE,,,2010
30,AgustÃ­n Torres,Argentina,,ARG,,,2010
23,MÃ¡rton Bene,Hungary,,HUN,,,2010
24,Vitalijus Rumiancevas,Lithuania,,LTU,,,2010
21,Christopher Papamichalopoulos,Cyprus,,CYP,,,2010
35,Jedrij Notz,Azerbaijan,,AZE,,,2010
26,Dmitry Trelevsky,Kyrgyzstan,,KGZ,,,2010
23,KryÅ¡tof KrÃ½zl,Czech Republic,,CZE,,,2010
16,Ghassan Achi,Lebanon,,LIB,,,2010
22,Arsen Nersisyan,Armenia,,ARM,,,2010
16,Manfred Oettl,Peru,,PER,,,2010
34,Mario Matt,Austria,Gold,AUT,1,1:41.84,2014
24,Marcel Hirscher,Austria,Silver,AUT,2,1:42.12,2014
19,Henrik Kristoffersen,Norway,Bronze,NOR,3,1:42.67,2014
27,Stefano Gross,Italy,,ITA,4,1:42.72,2014
26,Fritz Dopfer,Germany,,GER,4,1:42.72,2014
23,Adam Å½ampa,Slovakia,,SVK,6,1:43.28,2014
35,Markus Larsson,Sweden,,SWE,7,1:43.60,2014
28,Mattias Hargin,Sweden,,SWE,7,1:43.60,2014
22,Sebastian Foss SolevÃ¥g,Norway,,NOR,9,1:44.11,2014
34,Ivica KosteliÄ,Croatia,,CRO,9,1:44.11,2014
36,Mitja ValenÄiÄ,Slovenia,,SLO,11,1:44.14,2014
26,Leif Kristian Haugen,Norway,,NOR,12,1:44.21,2014
24,Nolan Kasper,United States,,USA,13,1:44.22,2014
29,Aleksandr Khoroshilov,Russia,,RUS,14,1:44.23,2014
34,Julien Lizeroux,France,,FRA,15,1:44.32,2014
31,Mike Janyk,Canada,,CAN,16,1:44.36,2014
27,Dave Ryding,Great Britain,,GBR,17,1:45.91,2014
28,Dalibor Å amÅ¡al,Croatia,,CRO,18,1:48.99,2014
21,Ramon ZenhÃ¤usern,Switzerland,,SUI,19,1:49.40,2014
22,Phil Brown,Canada,,CAN,20,1:49.65,2014
26,Alexandru Barbu,Romania,,ROU,21,1:52.66,2014
25,Iason Abramashvili,Georgia,,GEO,22,1:53.37,2014
19,MichaÅ Jasiczek,Poland,,POL,23,1:53.48,2014
19,Marco Pfiffner,Liechtenstein,,LIE,24,1:55.48,2014
21,Adam Barwood,New Zealand,,NZL,25,1:56.18,2014
21,Trace Smith,Estonia,,EST,26,1:57.28,2014
19,MÄrtiÅÅ¡ Onskulis,Latvia,,LAT,27,1:57.60,2014
20,Matej VidoviÄ,Croatia,,CRO,28,1:57.81,2014
24,Antonio Ristevski,Macedonia,,MKD,29,1:58.44,2014
24,Mohammad Kiyadarbandsari,Iran,,IRI,30,1:58.87,2014
28,Hossein Saveh Shemshaki,Iran,,IRI,31,1:59.36,2014
19,Alex Puente,Spain,,ESP,32,1:59.45,2014
21,Pavel Trikhichev,Russia,,RUS,33,1:59.79,2014
26,Arman Serebrakyan,Armenia,,ARM,34,2:00.57,2014
29,Kostas Sykaras,Greece,,GRE,35,2:04.08,2014
24,Brynjar GuÃ°mundsson,Iceland,,ISL,36,2:04.57,2014
18,Massimiliano Valcareggi,Greece,,GRE,37,2:05.72,2014
19,Tarik HadÅ¾iÄ,Montenegro,,MNE,38,2:07.94,2014
20,Artyom Voronov,Uzbekistan,,UZB,39,2:10.96,2014
20,Conor Lyne,Ireland,,IRL,40,2:13.29,2014
19,Yevgeny Timofeyev,Kyrgyzstan,,KGZ,41,2:15.43,2014
18,Alexandre Mohbat,Lebanon,,LIB,42,2:21.79,2014
19,Yohann Goutt GonÃ§alves,Timor Leste,,TLS,43,2:30.89,2014
31,AndrÃ© Myhrer,Sweden,,SWE,,,2014
29,Jean-Baptiste Grange,France,,FRA,,,2014
29,Ted Ligety,United States,,USA,,,2014
29,Felix Neureuther,Germany,,GER,,,2014
22,Alexis Pinturault,France,,FRA,,,2014
31,Manfred MÃ¶lgg,Italy,,ITA,,,2014
29,Giuliano Razzoli,Italy,,ITA,,,2014
30,Naoki Yuasa,Japan,,JPN,,,2014
32,Akira Sasaki,Japan,,JPN,,,2014
21,Trevor Philp,Canada,,CAN,,,2014
20,Santeri Paloniemi,Finland,,FIN,,,2014
27,KryÅ¡tof KrÃ½zl,Czech Republic,,CZE,,,2014
22,Justin Murisier,Switzerland,,SUI,,,2014
27,Natko ZrnÄiÄ-Dim,Croatia,,CRO,,,2014
21,Stefan Luitz,Germany,,GER,,,2014
29,Filip Trejbal,Czech Republic,,CZE,,,2014
24,Nikola Chongarov,Bulgaria,,BUL,,,2014
22,Sebastiano Gastaldi,Argentina,,ARG,,,2014
20,Einar Kristgeirsson,Iceland,,ISL,,,2014
18,Adam Lamhamedi,Morocco,,MAR,,,2014
22,Igor Laikert,Bosnia and Herzegovina,,BIH,,,2014
24,Mateusz Garniewicz,Poland,,POL,,,2014
21,Norbert Farkas,Hungary,,HUN,,,2014
25,Olivier Jenot,Monaco,,MON,,,2014
30,Eugenio Claro,Chile,,CHI,,,2014
20,Manfred Oettl,Peru,,PER,,,2014
20,Dominic Demschar,Australia,,AUS,,,2014
20,Andreas Å½ampa,Slovakia,,SVK,,,2014
26,Dow Travers,Cayman Islands,,CAY,,,2014
20,Daniel Yule,Switzerland,,SUI,,,2014
26,Axel BÃ¤ck,Sweden,,SWE,,,2014
29,Brad Spence,Canada,,CAN,,,2014
26,Jhonatan Longhi,Brazil,,BRA,,,2014
18,Dmytro Mytsak,Ukraine,,UKR,,,2014
35,Patrick Thaler,Italy,,ITA,,,2014
35,Reinfried Herbst,Austria,,AUT,,,2014
35,Benjamin Raich,Austria,,AUT,,,2014
29,Steve Missillier,France,,FRA,,,2014
29,David Chodounsky,United States,,USA,,,2014
20,Luca Aerni,Switzerland,,SUI,,,2014
25,Jung Dong-Hyeon,South Korea,,KOR,,,2014
24,Sergey Maytakov,Russia,,RUS,,,2014
21,Kristaps Zvejnieks,Latvia,,LAT,,,2014
23,Stefan Prisadov,Bulgaria,,BUL,,,2014
26,Georgi Georgiev,Bulgaria,,BUL,,,2014
21,Å½an Kranjec,Slovenia,,SLO,,,2014
25,Stepan Zuyev,Russia,,RUS,,,2014
33,Cristian Simari Birkner,Argentina,,ARG,,,2014
23,Gyeong Seong-Hyeon,South Korea,,KOR,,,2014
20,Matej Falat,Slovakia,,SVK,,,2014
21,Ross Peraudo,Australia,,AUS,,,2014
24,Pol Carreras,Spain,,ESP,,,2014
22,Patrick Brachner,Azerbaijan,,AZE,,,2014
22,Klemen Kosi,Slovenia,,SLO,,,2014
25,Maciej BydliÅski,Poland,,POL,,,2014
19,Park Je-Yun,South Korea,,KOR,,,2014
26,Emre ÅimÅek,Turkey,,TUR,,,2014
31,Martin VrÃ¡blÃ­k,Czech Republic,,CZE,,,2014
23,Jorge Birkner,Argentina,,ARG,,,2014
22,Aleksi Benianidze,Georgia,,GEO,,,2014
21,Marko VukiÄeviÄ,Serbia,,SRB,,,2014
24,Marko RudiÄ,Bosnia and Herzegovina,,BIH,,,2014
20,Artur Hanse,Portugal,,POR,,,2014
26,Roberts Rode,Latvia,,LAT,,,2014
22,Yury Danilochkin,Belarus,,BLR,,,2014
24,Zhang Yuxin,China,,CHN,,,2014
17,Rokas Zaveckas,Lithuania,,LTU,,,2014
20,Konstantinos Papamichael,Cyprus,,CYP,,,2014
20,Luke Henri Steyn,Zimbabwe,,ZIM,,,2014
55,Hubertus von FÃ¼rstenberg-von Hohenlohe,Mexico,,MEX,,,2014
28,Alisher Qudratov,Tajikistan,,TJK,,,2014
21,Kanet Sucharitakul,Thailand,,THA,,,2014