Age,Athlete,Country,Medal,NOC,Rank,Time,Year
28,Gretchen Fraser,United States,Gold,USA,1,1:57.2,1948
27,Antoinette Meyer,Switzerland,Silver,SUI,2,1:57.7,1948
23,Erika Mahringer,Austria,Bronze,AUT,3,1:58.0,1948
27,Georgette Miller-ThiolliÃ¨re,France,,FRA,4,1:58.8,1948
21,RenÃ©e Clerc,Switzerland,,SUI,5,2:05.8,1948
25,Anneliese Schuh-Proxauf,Austria,,AUT,6,2:06.7,1948
22,Resi Hammerer,Austria,,AUT,7,2:08.6,1948
15,Andrea Mead-Lawrence,United States,,USA,8,2:08.8,1948
19,Brynhild Grasmoen,United States,,USA,9,2:09.6,1948
26,May Nilsson,Sweden,,SWE,10,2:09.7,1948
25,Paula Kann,United States,,USA,11,2:09.8,1948
24,FranÃ§oise Gignoux,France,,FRA,12,2:10.3,1948
21,Rosmarie Bleuer,Switzerland,,SUI,13,2:10.6,1948
28,Laila Schou Nilsen,Norway,,NOR,14,2:11.5,1948
27,Celina Seghi,Italy,,ITA,14,2:11.5,1948
28,Alexandra NekvapilovÃ¡,Czechoslovakia,,TCH,16,2:12.0,1948
24,Olivia Ausoni,Switzerland,,SUI,17,2:18.6,1948
24,Renata Carraretto,Italy,,ITA,18,2:19.9,1948
21,BoÅ¾ena MoserovÃ¡,Czechoslovakia,,TCH,19,2:20.1,1948
21,Lucienne Schmidt-Couttet,France,,FRA,20,2:20.6,1948
19,Sheena Mackintosh,Great Britain,,GBR,21,2:30.9,1948
39,AnikÃ³ IglÃ³i,Hungary,,HUN,22,2:48.9,1948
31,Isobel Roe,Great Britain,,GBR,23,2:49.6,1948
32,Biddy Duke-Woolley,Great Britain,,GBR,24,2:53.7,1948
23,Suzanne ThiolliÃ¨re,France,,FRA,,,1948
35,Bunty Greenland,Great Britain,,GBR,,,1948
23,Borghild Niskin,Norway,,NOR,,,1948
22,Annelore ZÃ¼ckert,Austria,,AUT,,,1948
19,Andrea Mead-Lawrence,United States,Gold,USA,1,2:10.6,1952
26,Ossi Reichert,Germany,Silver,GER,2,2:11.4,1952
27,Mirl Buchner,Germany,Bronze,GER,3,2:13.3,1952
31,Celina Seghi,Italy,,ITA,4,2:13.8,1952
19,Imogene Opton,United States,,USA,5,2:14.1,1952
21,Madeleine Chamot-Berthod,Switzerland,,SUI,6,2:14.9,1952
25,Marysette Agnel,France,,FRA,7,2:15.6,1952
24,Trude Jochum-Beiser,Austria,,AUT,8,2:15.9,1952
20,Giuliana Chenal-Minuzzo,Italy,,ITA,8,2:15.9,1952
28,Olivia Ausoni,Switzerland,,SUI,10,2:17.0,1952
27,Borghild Niskin,Norway,,NOR,11,2:17.7,1952
26,Sarah Thomasson,Sweden,,SWE,12,2:18.3,1952
21,Joanne Hewson,Canada,,CAN,13,2:19.9,1952
24,Barbara Grocholska,Poland,,POL,14,2:20.3,1952
24,Jannette Burr,United States,,USA,15,2:20.5,1952
22,Margareta Jacobsson,Sweden,,SWE,16,2:20.6,1952
20,Rosi Sailer,Austria,,AUT,17,2:20.9,1952
19,Margit Hvammen,Norway,,NOR,18,2:21.2,1952
30,Rhoda Wurtele-Eaves,Canada,,CAN,19,2:21.9,1952
24,Kerstin Ahlqvist,Sweden,,SWE,20,2:23.3,1952
21,Katy Rodolph,United States,,USA,21,2:24.0,1952
27,Erika Mahringer,Austria,,AUT,22,2:26.6,1952
21,Karen-Sofie Styrmoe,Norway,,NOR,23,2:27.6,1952
24,Hilary Laing,Great Britain,,GBR,24,2:27.9,1952
29,EdmÃ©e Abetel,Switzerland,,SUI,25,2:28.3,1952
17,Lucile Wheeler,Canada,,CAN,26,2:28.4,1952
25,Ingrid Englund,Sweden,,SWE,27,2:28.7,1952
23,Sheena Mackintosh,Great Britain,,GBR,28,2:29.4,1952
22,Ana MarÃ­a Dellai,Argentina,,ARG,29,2:29.7,1952
21,IldikÃ³ SzendrÅdi-KÅvÃ¡ri,Hungary,,HUN,30,2:30.3,1952
19,Hannelore Glaser-Franke,Germany,,GER,31,2:30.8,1952
23,Teresa Kodelska,Poland,,POL,32,2:33.7,1952
24,Tull Gasmann,Norway,,NOR,33,2:36.9,1952
22,Maria Kowalska,Poland,,POL,34,2:55.6,1952
19,Marianne Seltsam,Germany,,GER,35,3:05.8,1952
23,Dagmar Rom,Austria,,AUT,36,3:07.9,1952
21,Rosemarie Schutz,Canada,,CAN,37,3:08.9,1952
22,Ida SchÃ¶pfer,Switzerland,,SUI,,,1952
22,AndrÃ©e Bermond,France,,FRA,,,1952
23,Annette Johnson,New Zealand,,NZL,,,1952
22,RenÃ©e Colliard,Switzerland,Gold,SUI,1,1:52.3,1956
20,Regina SchÃ¶pf,Austria,Silver,AUT,2,1:55.4,1956
25,Yevgeniya Kabina-Sidorova,Soviet Union,Bronze,URS,3,1:56.7,1956
24,Giuliana Chenal-Minuzzo,Italy,,ITA,4,1:56.8,1956
25,Putzi Frandl,Austria,,AUT,5,1:57.9,1956
22,Inger BjÃ¸rnbakken,Norway,,NOR,6,1:58.0,1956
16,Astrid Sandvik,Norway,,NOR,6,1:58.0,1956
22,Josette NeviÃ¨re,France,,FRA,8,1:58.3,1956
29,Marysette Agnel,France,,FRA,9,1:58.8,1956
25,Frieda DÃ¤nzer,Switzerland,,SUI,10,1:58.9,1956
31,Borghild Niskin,Norway,,NOR,11,1:59.0,1956
30,Thea Hochleitner,Austria,,AUT,12,2:01.0,1956
25,Inger JÃ¸rgensen,Norway,,NOR,13,2:02.3,1956
23,Hannelore Glaser-Franke,Germany,,GER,14,2:04.7,1956
24,Hedi Beeler,Switzerland,,SUI,15,2:05.1,1956
28,Anna Pellissier,Italy,,ITA,16,2:06.5,1956
24,Madeleine Chamot-Berthod,Switzerland,,SUI,17,2:08.3,1956
23,Paule Moris,France,,FRA,18,2:15.6,1956
21,Ginette Seguin,Canada,,CAN,18,2:15.6,1956
24,Dorothy Surgenor,United States,,USA,20,2:17.3,1956
31,Mirl Buchner,Germany,,GER,21,2:18.5,1956
26,Maria Kowalska,Poland,,POL,22,2:21.7,1956
19,Carlyn Kruger,Canada,,CAN,23,2:22.3,1956
25,Hilde Hofherr,Austria,,AUT,24,2:23.5,1956
23,Andrea Mead-Lawrence,United States,,USA,25,2:25.8,1956
19,Zandra Nowell,Great Britain,,GBR,25,2:25.8,1956
22,Gladys Werner,United States,,USA,27,2:30.1,1956
23,Vivi-Anne Wassdahl,Sweden,,SWE,28,2:30.8,1956
15,Vera Schenone,Italy,,ITA,29,2:37.2,1956
17,Anne Heggtveit,Canada,,CAN,30,1:07.2,1956
17,Penny Pitou,United States,,USA,31,2:42.5,1956
24,Slava ZupanÄiÄ,Yugoslavia,,YUG,32,2:43.5,1956
21,Christine Davy,Australia,,AUS,33,2:47.6,1956
26,Renate Holmes,Great Britain,,GBR,34,2:55.9,1956
23,Jocelyn Wardrop-Moore,Great Britain,,GBR,35,3:20.4,1956
23,JakobÃ­na JakobsdÃ³ttir,Iceland,,ISL,,[1:18.4],1956
21,Lucile Wheeler,Canada,,CAN,,[1:02.3],1956
30,Ossi Reichert,Germany,,GER,,,1956
26,Addie Pryor,Great Britain,,GBR,,,1956
22,Muriel Lip,France,,FRA,,,1956
23,Marianne Seltsam,Germany,,GER,,,1956
29,Ingrid Englund,Sweden,,SWE,,,1956
20,Eivor Berglund,Sweden,,SWE,,,1956
19,Maria GÄsienica Daniel-Szatkowska,Poland,,POL,,,1956
17,Cristina Ebner,Italy,,ITA,,,1956
28,Aleksandra Artyomenko,Soviet Union,,URS,,,1956
24,Magdalena Marotineanu,Romania,,ROU,,,1956
24,Elena Epuran,Romania,,ROU,,,1956
21,Anne Heggtveit,Canada,Gold,CAN,1,1:49.6,1960
21,Betsy Snite,United States,Silver,USA,2,1:52.9,1960
19,Barbi Henneberger,Germany,Bronze,GER,3,1:56.6,1960
26,ThÃ©rÃ¨se Leduc,France,,FRA,4,1:57.4,1960
20,Liselotte Michel,Switzerland,,SUI,5,1:58.0,1960
29,Hilde Hofherr,Austria,,AUT,5,1:58.0,1960
22,Stalina Demidova-Korzukhina,Soviet Union,,URS,7,1:58.4,1960
23,Sonja Sperl,Germany,,GER,8,1:58.8,1960
21,Renie Cox,United States,,USA,9,1:59.2,1960
28,Giuliana Chenal-Minuzzo,Italy,,ITA,10,1:59.3,1960
20,Marit Haraldsen,Norway,,NOR,11,1:59.8,1960
18,Nancy Holland,Canada,,CAN,12,2:01.1,1960
21,Anneliese Meggl,Germany,,GER,13,2:02.4,1960
26,Inger BjÃ¸rnbakken,Norway,,NOR,14,2:02.5,1960
24,Carla Marchelli,Italy,,ITA,15,2:02.9,1960
29,Putzi Frandl,Austria,,AUT,16,2:03.0,1960
22,Anne-Marie Leduc,France,,FRA,17,2:03.5,1960
29,Yevgeniya Kabina-Sidorova,Soviet Union,,URS,18,2:04.3,1960
24,Marguerite Leduc,France,,FRA,19,2:04.6,1960
21,Jerta Schir,Italy,,ITA,20,2:06.2,1960
19,Heidi Biebl,Germany,,GER,21,2:06.5,1960
22,Arlette Grosso,France,,FRA,22,2:06.8,1960
18,MarÃ­an Navarro,Spain,,ESP,23,2:08.0,1960
19,Elizabeth Greene,Canada,,CAN,24,2:10.4,1960
19,MarÃ­a Cristina Schweizer,Argentina,,ARG,25,2:11.9,1960
21,Beverly Anderson,United States,,USA,26,2:13.1,1960
21,Josephine Gibbs,Great Britain,,GBR,27,2:13.2,1960
29,Madeleine Chamot-Berthod,Switzerland,,SUI,28,2:15.4,1960
25,Christine Davy,Australia,,AUS,29,2:17.2,1960
27,Lyubov Volkova,Soviet Union,,URS,30,2:17.3,1960
16,Nancy Greene,Canada,,CAN,31,2:18.0,1960
20,Tish Prain,New Zealand,,NZL,32,2:18.4,1960
21,Penny Pitou,United States,,USA,33,2:19.8,1960
30,Renate Holmes,Great Britain,,GBR,34,2:23.5,1960
17,Jolanda Schir,Italy,,ITA,35,2:28.1,1960
20,Astrid Sandvik,Norway,,NOR,36,2:29.4,1960
18,Wendy Farrington,Great Britain,,GBR,37,2:39.2,1960
16,Cecilia Womersley,New Zealand,,NZL,38,3:43.1,1960
20,Annemarie Waser,Switzerland,,SUI,,,1960
28,Yvonne RÃ¼egg,Switzerland,,SUI,,,1960
16,Liv Jagge-Christiansen,Norway,,NOR,,,1960
17,Marianne Jahn-Nutt,Austria,,AUT,,,1960
16,Traudl Hecher,Austria,,AUT,,,1960
19,Christine Goitschel,France,Gold,FRA,1,1:29.86,1964
18,Marielle Goitschel,France,Silver,FRA,2,1:30.77,1964
21,Jean Saubert,United States,Bronze,USA,3,1:31.36,1964
22,Heidi Biebl,Germany,,GER,4,1:34.04,1964
22,Edith Zimmermann,Austria,,AUT,5,1:34.27,1964
20,Christl Haas,Austria,,AUT,6,1:35.11,1964
20,Liv Jagge-Christiansen,Norway,,NOR,7,1:36.38,1964
20,Patricia du Roy de Blicquy,Belgium,,BEL,8,1:37.01,1964
28,Pia Riva,Italy,,ITA,9,1:37.20,1964
23,Barbi Henneberger,Germany,,GER,10,1:37.55,1964
22,Heidi Mittermaier,Germany,,GER,10,1:37.55,1964
26,Linda Meyers,United States,,USA,12,1:37.93,1964
19,FranÃ§oise Gay,Switzerland,,SUI,13,1:39.00,1964
21,Heidi Obrecht,Switzerland,,SUI,14,1:39.33,1964
20,Nancy Greene,Canada,,CAN,15,1:41.42,1964
21,Linda Crutchfield-Bocock,Canada,,CAN,16,1:43.15,1964
20,Jane Gissing,Great Britain,,GBR,17,1:44.18,1964
25,Stalina Demidova-Korzukhina,Soviet Union,,URS,18,1:44.97,1964
24,Joan Hannah,United States,,USA,19,1:47.39,1964
18,Galina Sidorova,Soviet Union,,URS,20,1:48.26,1964
20,Tania Heald,Great Britain,,GBR,21,1:48.43,1964
19,Lidia Barbieri Sacconaghi,Italy,,ITA,22,1:49.23,1964
23,Majda Ankele,Yugoslavia,,YUG,23,1:50.98,1964
23,MarÃ­a Cristina Schweizer,Argentina,,ARG,24,1:51.88,1964
20,Theres Obrecht,Switzerland,,SUI,25,1:54.09,1964
33,IldikÃ³ SzendrÅdi-KÅvÃ¡ri,Hungary,,HUN,26,1:54.91,1964
33,Yevgeniya Kabina-Sidorova,Soviet Union,,URS,27,1:59.48,1964
17,Christine Smith,Australia,,AUS,28,2:03.67,1964
20,Traudl Hecher,Austria,,AUT,,,1964
20,Dikke Eger-Bergman,Norway,,NOR,,,1964
26,CÃ©cile Prince,France,,FRA,,,1964
19,Annie Famose,France,,FRA,,,1964
23,Inge Senoner,Italy,,ITA,,,1964
21,Marianne Jahn-Nutt,Austria,,AUT,,,1964
18,Fernande Bochatay,Switzerland,,SUI,,,1964
24,Astrid Sandvik,Norway,,NOR,,,1964
19,Barbara Ferries,United States,,USA,,,1964
27,Maria GÄsienica Daniel-Szatkowska,Poland,,POL,,,1964
22,Giustina Demetz,Italy,,ITA,,,1964
22,Krista Fanedl,Yugoslavia,,YUG,,,1964
17,Gina Hathorn,Great Britain,,GBR,,,1964
18,Burgl FÃ¤rbinger,Germany,,GER,,,1964
21,Nancy Holland,Canada,,CAN,,,1964
19,Divina Galica,Great Britain,,GBR,,,1964
31,Judy Forras,Australia,,AUS,,,1964
17,Karen Dokka,Canada,,CAN,,,1964
22,Marielle Goitschel,France,Gold,FRA,1,1:25.86,1968
24,Nancy Greene,Canada,Silver,CAN,2,1:26.15,1968
23,Annie Famose,France,Bronze,FRA,3,1:27.89,1968
21,Gina Hathorn,Great Britain,,GBR,4,1:27.92,1968
18,Isabelle Mir,France,,FRA,5,1:28.22,1968
22,Burgl FÃ¤rbinger,West Germany,,FRG,6,1:28.90,1968
21,Glorianda Cipolla,Italy,,ITA,7,1:29.74,1968
18,Bernadette Rauter,Austria,,AUT,8,1:30.44,1968
20,Olga Pall,Austria,,AUT,9,1:31.11,1968
17,Christine Laprell,West Germany,,FRG,10,1:31.25,1968
18,AnnerÃ¶sli Zryd,Switzerland,,SUI,11,1:31.41,1968
27,Majda Ankele,Yugoslavia,,YUG,12,1:31.60,1968
22,Madeleine Wuilloud,Switzerland,,SUI,13,1:33.27,1968
21,Felicity Field,Great Britain,,GBR,14,1:33.38,1968
21,Karen Dokka,Canada,,CAN,15,1:34.51,1968
22,Christl Hintermaier,West Germany,,FRG,16,1:34.62,1968
19,Vreni InÃ¤bnit,Switzerland,,SUI,17,1:35.18,1968
23,Anna MohrovÃ¡,Czechoslovakia,,TCH,18,1:35.96,1968
21,Irina Turundayevskaya,Soviet Union,,URS,19,1:38.26,1968
20,Lotte Nogler,Italy,,ITA,20,1:38.33,1968
19,Ingrid Sundberg,Sweden,,SWE,21,1:39.56,1968
16,Clotilde Fasolis,Italy,,ITA,22,1:40.72,1968
24,Diana Tomkinson,Great Britain,,GBR,23,1:40.93,1968
22,Brigitte Seiwald,Austria,,AUT,24,1:41.29,1968
24,Alfina Sukhanova,Soviet Union,,URS,25,1:41.58,1968
22,Galina Sidorova,Soviet Union,,URS,26,1:42.89,1968
20,Helga MarÃ­a Sista,Argentina,,ARG,27,1:49.16,1968
16,Marta BÃ¼hler,Liechtenstein,,LIE,28,1:49.44,1968
20,Ana Sabine Naumann,Argentina,,ARG,29,1:50.17,1968
22,Anne Reid,New Zealand,,NZL,30,1:50.58,1968
21,Mihoko Otsue,Japan,,JPN,31,1:51.37,1968
19,Gertrud Gabl,Austria,,AUT,,,1968
23,Divina Galica,Great Britain,,GBR,,,1968
14,Betsy Clifford,Canada,,CAN,,,1968
26,Giustina Demetz,Italy,,ITA,,,1968
24,Dikke Eger-Bergman,Norway,,NOR,,,1968
15,Verena Vogt,Chile,,CHI,,,1968
18,Kiki Cutter,United States,,USA,,,1968
22,Fernande Bochatay,Switzerland,,SUI,,,1968
21,Rosie Fortna,United States,,USA,,,1968
23,Wendy Allen,United States,,USA,,,1968
18,Florence Steurer,France,,FRA,,,1968
17,Judi Leinweber,Canada,,CAN,,,1968
24,Aud Hvammen,Norway,,NOR,,,1968
18,Irene Viaene,Argentina,,ARG,,,1968
17,Margot Blakely,New Zealand,,NZL,,,1968
16,Judy Nagel,United States,,USA,,,1968
17,Rosi Mittermaier,West Germany,,FRG,,,1968
22,Nina Merkulova,Soviet Union,,URS,,,1968
21,Barbara Cochran,United States,Gold,USA,1,1:31.24,1972
17,DaniÃ¨le Debernard,France,Silver,FRA,2,1:31.26,1972
22,Florence Steurer,France,Bronze,FRA,3,1:32.69,1972
20,Judy Crawford,Canada,,CAN,4,1:33.95,1972
18,Annemarie Moser-PrÃ¶ll,Austria,,AUT,5,1:34.03,1972
15,Pamela Behr,West Germany,,FRG,6,1:34.27,1972
19,Monika Kaserer,Austria,,AUT,7,1:34.36,1972
20,Patty Boydstun,United States,,USA,8,1:35.59,1972
20,Susie Corrock,United States,,USA,9,1:35.76,1972
17,Toril FÃ¸rland,Norway,,NOR,9,1:35.76,1972
25,Gina Hathorn,Great Britain,,GBR,11,1:36.18,1972
17,Laurie Kreiner,Canada,,CAN,12,1:37.30,1972
22,Emiko Okazaki,Japan,,JPN,13,1:39.53,1972
14,Kathy Kreiner,Canada,,CAN,14,1:40.27,1972
27,Divina Galica,Great Britain,,GBR,15,1:40.50,1972
22,Harue Okitsu,Japan,,JPN,16,1:40.67,1972
21,Rosi Mittermaier,West Germany,,FRG,17,1:41.17,1972
20,Marta BÃ¼hler,Liechtenstein,,LIE,18,1:41.69,1972
31,Galina Shikhova,Soviet Union,,URS,19,1:45.81,1972
21,Wiltrud Drexel,Austria,,AUT,,,1972
19,Conchita Puig,Spain,,ESP,,,1972
23,Gertrud Gabl,Austria,,AUT,,,1972
17,Marie-Theres Nadig,Switzerland,,SUI,,,1972
18,Diane Pratte,Canada,,CAN,,,1972
18,Silvia Stump,Switzerland,,SUI,,,1972
21,Traudl Treichl,West Germany,,FRG,,,1972
22,Karianne Christiansen,Norway,,NOR,,,1972
21,Anne Brusletto,Norway,,NOR,,,1972
20,Rosi Speiser,West Germany,,FRG,,,1972
15,Bernadette Zurbriggen,Switzerland,,SUI,,,1972
18,Lotta Sollander,Sweden,,SWE,,,1972
20,Rita Good,Switzerland,,SUI,,,1972
15,Valentina Iliffe,Great Britain,,GBR,,,1972
18,Carol Blackwood,Great Britain,,GBR,,,1972
20,Mitsuyo Nagumo,Japan,,JPN,,,1972
19,Svetlana Isakova,Soviet Union,,URS,,,1972
23,Miyuki Katagiri,Japan,,JPN,,,1972
23,Britt Lafforgue,France,,FRA,,,1972
20,MichÃ¨le Jacot,France,,FRA,,,1972
21,Marilyn Cochran,United States,,USA,,,1972
20,Gyri SÃ¸rensen,Norway,,NOR,,,1972
26,Nina Merkulova,Soviet Union,,URS,,,1972
25,Rosi Mittermaier,West Germany,Gold,FRG,1,1:30.54,1976
20,Claudia Giordani,Italy,Silver,ITA,2,1:30.87,1976
19,Hanni Wenzel,Liechtenstein,Bronze,LIE,3,1:32.20,1976
21,DaniÃ¨le Debernard,France,,FRA,4,1:32.24,1976
19,Pamela Behr,West Germany,,FRG,5,1:32.31,1976
22,Lindy Cochran,United States,,USA,6,1:33.24,1976
18,Christa Zechmeister,West Germany,,FRG,7,1:33.72,1976
16,Wanda Bieler,Italy,,ITA,8,1:35.66,1976
19,Dagmar KuzmanovÃ¡,Czechoslovakia,,TCH,9,1:35.70,1976
19,Mary Seaton,United States,,USA,10,1:35.87,1976
16,Ursula Konzett,Liechtenstein,,LIE,11,1:36.35,1976
19,Bernadette Zurbriggen,Switzerland,,SUI,12,1:37.18,1976
20,Cindy Nelson,United States,,USA,13,1:37.33,1976
21,Laurie Kreiner,Canada,,CAN,14,1:39.38,1976
19,Valentina Iliffe,Great Britain,,GBR,15,1:40.14,1976
15,Steinunn SÃ¦mundsdÃ³ttir,Iceland,,ISL,16,1:44.72,1976
19,Riitta Ollikka,Finland,,FIN,17,1:45.62,1976
16,Fiona Easdale,Great Britain,,GBR,18,1:47.00,1976
20,Sue Gibson,New Zealand,,NZL,19,2:03.53,1976
19,Patricia Emonet,France,,FRA,,,1976
22,Betsy Clifford,Canada,,CAN,,,1976
21,Brigitte Totschnig,Austria,,AUT,,,1976
18,Monika Berwein,West Germany,,FRG,,,1976
24,MichÃ¨le Jacot,France,,FRA,,,1976
17,Torill Fjeldstad,Norway,,NOR,,,1976
16,Jana GantnerovÃ¡-Å oltÃ½sovÃ¡,Czechoslovakia,,TCH,,,1976
15,Hazel Hutcheon,Great Britain,,GBR,,,1976
18,Abbi Fisher,United States,,USA,,,1976
17,Nicola SpieÃ,Austria,,AUT,,,1976
17,Joanne Henke,Australia,,AUS,,,1976
18,JÃ³runn ViggÃ³sdÃ³ttir,Iceland,,ISL,,,1976
22,Paola Hofer,Italy,,ITA,,,1976
21,Alla Askarova,Soviet Union,,URS,,,1976
19,Sally Rodd,Australia,,AUS,,,1976
16,Regina Sackl,Austria,,AUT,,,1976
19,Wilma Gatta,Italy,,ITA,,,1976
19,Lise-Marie Morerod,Switzerland,,SUI,,,1976
21,Marie-Theres Nadig,Switzerland,,SUI,,,1976
23,Monika Kaserer,Austria,,AUT,,,1976
19,Fabienne Serrat,France,,FRA,,,1976
18,Kathy Kreiner,Canada,,CAN,,,1976
16,Anne Robb,Great Britain,,GBR,,,1976
23,Hanni Wenzel,Liechtenstein,Gold,LIE,1,1:25.09,1980
19,Christa Kinshofer-GÃ¼thlein,West Germany,Silver,FRG,2,1:26.50,1980
17,Erika Hess,Switzerland,Bronze,SUI,3,1:27.89,1980
18,Maria Rosa Quario,Italy,,ITA,4,1:27.92,1980
24,Claudia Giordani,Italy,,ITA,5,1:29.12,1980
21,Nadezhda Andreyeva-Patrikeyeva,Soviet Union,,URS,6,1:29.20,1980
20,Daniela Zini,Italy,,ITA,7,1:29.22,1980
20,Christin Cooper,United States,,USA,8,1:29.28,1980
18,Ann Melander,Sweden,,SWE,9,1:29.82,1980
23,Wilma Gatta,Italy,,ITA,10,1:29.94,1980
24,Cindy Nelson,United States,,USA,11,1:30.85,1980
18,Ãsa Svedmark,Sweden,,SWE,12,1:31.51,1980
22,Ingrid Eberle,Austria,,AUT,13,1:31.71,1980
18,Petra Wenzel,Liechtenstein,,LIE,14,1:33.34,1980
22,Kathy Kreiner,Canada,,CAN,15,1:34.78,1980
23,Valentina Iliffe,Great Britain,,GBR,16,1:38.56,1980
18,Jacqui Cowderoy,Australia,,AUS,17,1:39.69,1980
19,Wang Guizhen,China,,CHN,18,1:59.01,1980
26,Farida Rahmeh,Lebanon,,LIB,19,2:28.48,1980
19,Fiona Johnson,New Zealand,,NZL,,,1980
19,Steinunn SÃ¦mundsdÃ³ttir,Iceland,,ISL,,,1980
17,Brigitte Nansoz,Switzerland,,SUI,,,1980
22,Irene Epple,West Germany,,FRG,,,1980
22,Abbi Fisher,United States,,USA,,,1980
23,Fabienne Serrat,France,,FRA,,,1980
19,Perrine Pelen,France,,FRA,,,1980
14,Lina Aristodimou,Cyprus,,CYP,,,1980
19,Jenny Altermatt,Australia,,AUS,,,1980
20,Anne Robb,Great Britain,,GBR,,,1980
17,Kirstin Cairns,Great Britain,,GBR,,,1980
17,Ana MarÃ­a RodrÃ­guez,Spain,,ESP,,,1980
20,Jana GantnerovÃ¡-Å oltÃ½sovÃ¡,Czechoslovakia,,TCH,,,1980
19,NuÅ¡a Tome,Yugoslavia,,YUG,,,1980
17,Metka Jerman,Yugoslavia,,YUG,,,1980
25,Marie-Theres Nadig,Switzerland,,SUI,,,1980
21,Torill Fjeldstad,Norway,,NOR,,,1980
19,Anja Zavadlav,Yugoslavia,,YUG,,,1980
18,Anne-Flore Rey,France,,FRA,,,1980
18,Anna-Karin Hesse,Sweden,,SWE,,,1980
20,Ursula Konzett,Liechtenstein,,LIE,,,1980
19,Marina Laurencon,France,,FRA,,,1980
23,Pamela Behr,West Germany,,FRG,,,1980
20,Regina Sackl,Austria,,AUT,,,1980
18,Regine MÃ¶senlechner,West Germany,,FRG,,,1980
17,Tamara McKinney,United States,,USA,,,1980
26,Annemarie Moser-PrÃ¶ll,Austria,,AUT,,,1980
21,Lea SÃ¶lkner,Austria,,AUT,,,1980
19,Paola Magoni-Sforza,Italy,Gold,ITA,1,1:36.47,1984
23,Perrine Pelen,France,Silver,FRA,2,1:37.38,1984
24,Ursula Konzett,Liechtenstein,Bronze,LIE,3,1:37.50,1984
20,Roswitha Steiner,Austria,,AUT,4,1:37.84,1984
21,Erika Hess,Switzerland,,SUI,5,1:37.91,1984
20,MaÅgorzata TlaÅka-Mogore,Poland,,POL,6,1:37.97,1984
22,Maria Rosa Quario,Italy,,ITA,7,1:37.99,1984
20,Anni Kronbichler,Austria,,AUT,8,1:38.05,1984
24,Daniela Zini,Italy,,ITA,9,1:38.15,1984
21,Olga CharvÃ¡tovÃ¡,Czechoslovakia,,TCH,10,1:38.66,1984
19,Monika Hess,Switzerland,,SUI,11,1:38.67,1984
24,Maria Epple,West Germany,,FRG,12,1:38.77,1984
21,Ewa Grabowska,Poland,,POL,13,1:39.62,1984
25,Nadezhda Andreyeva-Patrikeyeva,Soviet Union,,URS,14,1:40.22,1984
15,Mateja Svet,Yugoslavia,,YUG,15,1:40.85,1984
20,Carole Merle,France,,FRA,16,1:44.30,1984
18,Jolanda Kindle,Liechtenstein,,LIE,17,1:46.43,1984
18,Magdalena Birkner,Argentina,,ARG,18,1:54.75,1984
19,Jin Xuefei,China,,CHN,19,2:06.04,1984
23,Wang Guizhen,China,,CHN,20,2:06.74,1984
18,Lina Aristodimou,Cyprus,,CYP,21,2:19.64,1984
21,Christelle Guignard,France,,FRA,,,1984
22,Petra Wenzel,Liechtenstein,,LIE,,,1984
20,Blanca FernÃ¡ndez Ochoa,Spain,,ESP,,,1984
23,NuÅ¡a Tome,Yugoslavia,,YUG,,,1984
21,Tamara McKinney,United States,,USA,,,1984
24,Christin Cooper,United States,,USA,,,1984
20,Dorota TlaÅka-Mogore,Poland,,POL,,,1984
21,Brigitte Oertli,Switzerland,,SUI,,,1984
23,Anja Zavadlav,Yugoslavia,,YUG,,,1984
25,Lea SÃ¶lkner,Austria,,AUT,,,1984
18,Alexandra MaÅasovÃ¡,Czechoslovakia,,TCH,,,1984
20,Ivana ValeÅ¡ovÃ¡,Czechoslovakia,,TCH,,,1984
18,Fulvia Stevenin,Italy,,ITA,,,1984
21,Andrea BÃ©dard,Canada,,CAN,,,1984
17,Dolores FernÃ¡ndez Ochoa,Spain,,ESP,,,1984
17,Veronika Wallinger-Stallmaier,Austria,,AUT,,,1984
19,Lesley Beck,Great Britain,,GBR,,,1984
16,Liliana Ichim,Romania,,ROU,,,1984
21,Teresa Bustamante,Argentina,,ARG,,,1984
20,Nanna LeifsdÃ³ttir,Iceland,,ISL,,,1984
18,Magdalena Saint Antonin,Argentina,,ARG,,,1984
19,Andreja LeskovÅ¡ek,Yugoslavia,,YUG,,,1984
22,Anne-Flore Rey,France,,FRA,,,1984
20,Gabriela Angaut,Argentina,,ARG,,,1984
23,Vreni Schneider,Switzerland,Gold,SUI,1,1:36.69,1988
19,Mateja Svet,Yugoslavia,Silver,YUG,2,1:38.37,1988
27,Christa Kinshofer-GÃ¼thlein,West Germany,Bronze,FRG,3,1:38.40,1988
24,Roswitha Steiner,Austria,,AUT,4,1:38.77,1988
24,Blanca FernÃ¡ndez Ochoa,Spain,,ESP,5,1:39.44,1988
23,Ida LadstÃ¤tter,Austria,,AUT,6,1:39.59,1988
23,Paola Magoni-Sforza,Italy,,ITA,7,1:39.76,1988
24,Dorota TlaÅka-Mogore,France,,FRA,8,1:39.86,1988
20,Mojca DeÅ¾man,Yugoslavia,,YUG,9,1:40.21,1988
20,Ulrike Maier,Austria,,AUT,10,1:40.54,1988
23,Beth Madsen,United States,,USA,11,1:41.18,1988
21,Lenka KebrlovÃ¡,Czechoslovakia,,TCH,12,1:42.12,1988
19,Lucia MedzihradskÃ¡,Czechoslovakia,,TCH,13,1:42.18,1988
20,Patricia Chauvet-Blanc,France,,FRA,14,1:42.79,1988
20,Diann Roffe-Steinrotter,United States,,USA,15,1:42.88,1988
22,JosÃ©e Lacasse,Canada,,CAN,16,1:43.14,1988
22,Katarzyna SzafraÅska,Poland,,POL,17,1:44.21,1988
20,Michelle McKendry-Ruthven,Canada,,CAN,18,1:45.79,1988
18,Emi Kawabata,Japan,,JPN,19,1:49.35,1988
18,Carolina Eiras,Argentina,,ARG,20,1:52.73,1988
25,Kate Rattray,New Zealand,,NZL,21,1:52.94,1988
16,Carolina Birkner,Argentina,,ARG,22,1:57.72,1988
17,Sandra Grau,Andorra,,AND,23,1:58.44,1988
19,Astrid Steverlynck,Argentina,,ARG,24,2:05.02,1988
16,Thomai Lefousi,Greece,,GRE,25,2:07.01,1988
17,Karolina Fotiadou,Cyprus,,CYP,26,2:14.92,1988
25,Fiamma Smith,Guatemala,,GUA,27,2:45.50,1988
21,Shailaja Kumar,India,,IND,28,2:52.27,1988
17,Mihaela Fera,Romania,,ROU,,,1988
18,Jacqueline Vogt,Liechtenstein,,LIE,,,1988
20,Ä½udmila MilanovÃ¡,Czechoslovakia,,TCH,,,1988
19,Eva Moga,Spain,,ESP,,,1988
23,Nadia Bonfini,Italy,,ITA,,,1988
23,Lesley Beck,Great Britain,,GBR,,,1988
22,Pascaline Freiher,France,,FRA,,,1988
20,Camilla Nilsson,Sweden,,SWE,,,1988
25,Brigitte Oertli,Switzerland,,SUI,,,1988
23,Catharina GlassÃ©r-Bjerner,Sweden,,SWE,,,1988
21,Katra Zajc,Yugoslavia,,YUG,,,1988
25,Tamara McKinney,United States,,USA,,,1988
21,Anita Wachter,Austria,,AUT,,,1988
25,Christelle Guignard,France,,FRA,,,1988
23,Corinne Schmidhauser,Switzerland,,SUI,,,1988
19,Veronika Å arec,Yugoslavia,,YUG,,,1988
24,Monika ÃijÃ¤,Sweden,,SWE,,,1988
22,Kristina Andersson,Sweden,,SWE,,,1988
21,Anette Gersch,West Germany,,FRG,,,1988
18,Heidi Voelker,United States,,USA,,,1988
21,Karen Percy,Canada,,CAN,,,1988
25,Nina Ehrnrooth,Finland,,FIN,,,1988
23,Sarah Lewis,Great Britain,,GBR,,,1988
25,Kirstin Cairns,Great Britain,,GBR,,,1988
17,Sachiko Yamamoto,Japan,,JPN,,,1988
24,Mary Pat Wilson,Puerto Rico,,PUR,,,1988
22,Jolanda Kindle,Liechtenstein,,LIE,,,1988
21,Kerrin Lee-Gartner,Canada,,CAN,,,1988
22,Magdalena Birkner,Argentina,,ARG,,,1988
22,Petra Kronberger,Austria,Gold,AUT,1,1:32.68,1992
20,Annelise Coberger,New Zealand,Silver,NZL,2,1:33.10,1992
28,Blanca FernÃ¡ndez Ochoa,Spain,Bronze,ESP,3,1:33.35,1992
20,Julie Parisien,United States,,USA,4,1:33.40,1992
27,Karin Buder,Austria,,AUT,5,1:33.68,1992
24,Patricia Chauvet-Blanc,France,,FRA,6,1:33.72,1992
27,Vreni Schneider,Switzerland,,SUI,7,1:33.96,1992
26,Anne Berge,Norway,,NOR,8,1:34.22,1992
20,Katrin Neuenschwander,Switzerland,,SUI,9,1:34.28,1992
17,UrÅ¡ka Hrovat,Slovenia,,SLO,10,1:34.50,1992
26,Kristina Andersson,Sweden,,SWE,11,1:34.95,1992
23,Lara Magoni,Italy,,ITA,12,1:35.00,1992
27,Christine von GrÃ¼nigen,Switzerland,,SUI,13,1:35.73,1992
29,Christelle Guignard,France,,FRA,14,1:36.31,1992
18,Martina Ertl-Renz,Germany,,GER,15,1:36.41,1992
23,Lucia MedzihradskÃ¡,Czechoslovakia,,TCH,16,1:36.45,1992
23,KatjuÅ¡a PuÅ¡nik,Slovenia,,SLO,16,1:36.45,1992
22,Monique Pelletier,United States,,USA,18,1:36.63,1992
16,Emma Carrick-Anderson,Great Britain,,GBR,19,1:37.58,1992
22,Heidi Voelker,United States,,USA,20,1:37.69,1992
22,Ylva NowÃ©n,Sweden,,SWE,21,1:37.84,1992
23,Merete Fjeldavlie,Norway,,NOR,22,1:38.67,1992
20,Silvia del Rincon,Spain,,ESP,23,1:39.22,1992
24,Ä½udmila MilanovÃ¡,Czechoslovakia,,TCH,24,1:39.78,1992
23,Annie Laurendeau,Canada,,CAN,25,1:40.03,1992
23,Ainhoa Ibarra,Spain,,ESP,26,1:41.19,1992
21,Ãsta HalldÃ³rsdÃ³ttir,Iceland,,ISL,27,1:42.74,1992
22,Tine Kongsholm,Denmark,,DEN,28,1:44.03,1992
21,Mihaela Fera,Romania,,ROU,29,1:44.85,1992
23,Astrid Steverlynck,Argentina,,ARG,30,1:45.53,1992
18,Marina VidoviÄ,Yugoslavia,,YUG,31,1:51.46,1992
22,Vera GÃ¶nczi,Hungary,,HUN,32,1:55.33,1992
23,Liu Yali,China,,CHN,33,2:01.44,1992
15,Vesna Dunimagloska,Yugoslavia,,YUG,34,2:03.78,1992
21,Karolina Fotiadou,Cyprus,,CYP,35,2:04.19,1992
17,Chus Cortina,Mexico,,MEX,36,2:07.13,1992
18,Seba Johnson,United States Virgin Islands,,ISV,37,2:09.76,1992
20,Choi Mi-Ok,North Korea,,PRK,38,2:11.05,1992
16,Li Xueqin,China,,CHN,39,2:12.55,1992
19,Sammantha Teuscher,Mexico,,MEX,40,2:14.87,1992
25,Nawal Slaoui,Morocco,,MAR,41,2:17.07,1992
18,Veronica Ampudia,Mexico,,MEX,42,2:24.85,1992
24,NataÅ¡a Bokal,Slovenia,,SLO,,,1992
25,Monika Maierhofer,Austria,,AUT,,,1992
26,Claudia Strobl,Austria,,AUT,,,1992
20,Annick Bonzon,Switzerland,,SUI,,,1992
22,Claire de Pourtales,Great Britain,,GBR,,,1992
24,Valerie Scott,Great Britain,,GBR,,,1992
20,Thomai Lefousi,Greece,,GRE,,,1992
23,Veronika Å arec,Slovenia,,SLO,,,1992
23,Florence Masnada,France,,FRA,,,1992
21,Pernilla Wiberg,Sweden,,SWE,,,1992
26,Eva Twardokens,United States,,USA,,,1992
21,Bibiana Perez,Italy,,ITA,,,1992
20,Astrid Plank,Italy,,ITA,,,1992
22,BÃ©atrice Filliol,France,,FRA,,,1992
21,Sachiko Yamamoto,Japan,,JPN,,,1992
17,Zali Steggall,Australia,,AUS,,,1992
16,Vicky Grau,Andorra,,AND,,,1992
21,Ewa Zagata,Poland,,POL,,,1992
22,Carolina Eiras,Argentina,,ARG,,,1992
18,AnnamÃ¡ria BÃ³nis,Hungary,,HUN,,,1992
23,Ghalia Sebti,Morocco,,MAR,,,1992
29,Vreni Schneider,Switzerland,Gold,SUI,1,1:56.01,1994
24,Elfi Eder,Austria,Silver,AUT,2,1:56.35,1994
18,Katja Koren,Slovenia,Bronze,SLO,3,1:56.61,1994
23,Pernilla Wiberg,Sweden,,SWE,4,1:56.68,1994
23,Gabi Zingre,Switzerland,,SUI,5,1:57.80,1994
29,Christine von GrÃ¼nigen,Switzerland,,SUI,6,1:57.86,1994
23,Roberta Serra,Italy,,ITA,7,1:57.88,1994
19,UrÅ¡ka Hrovat,Slovenia,,SLO,8,1:58.07,1994
20,Morena Gallizio,Italy,,ITA,9,1:58.19,1994
23,Deborah Compagnoni,Italy,,ITA,10,1:58.26,1994
20,Å pela Pretnar,Slovenia,,SLO,11,1:58.65,1994
27,Monika Maierhofer,Austria,,AUT,12,1:58.74,1994
23,Christina Rodling,Sweden,,SWE,13,1:59.07,1994
20,Martina Ertl-Renz,Germany,,GER,14,1:59.65,1994
19,Trude Gimle,Norway,,NOR,15,1:59.87,1994
25,Lara Magoni,Italy,,ITA,16,2:00.01,1994
24,Martina Accola,Switzerland,,SUI,17,2:00.03,1994
21,Carrie Sheinberg,United States,,USA,18,2:00.16,1994
28,Kristina Andersson,Sweden,,SWE,19,2:00.75,1994
23,Ãsta HalldÃ³rsdÃ³ttir,Iceland,,ISL,20,2:01.55,1994
25,Lucia MedzihradskÃ¡,Slovakia,,SVK,20,2:01.55,1994
19,Zali Steggall,Australia,,AUS,22,2:03.04,1994
21,MÃ³nica Bosch,Spain,,ESP,23,2:06.11,1994
17,Caroline Poussier,Andorra,,AND,24,2:06.82,1994
22,Szvetlana Keszthelyi,Hungary,,HUN,25,2:09.00,1994
18,Gabriela Quijano,Argentina,,ARG,26,2:17.26,1994
17,Arijana Boras,Bosnia and Herzegovina,,BIH,27,2:18.72,1994
18,Ãgnes Litter,Hungary,,HUN,28,2:35.61,1994
23,LeÃ¯la Piccard,France,,FRA,,,1994
28,Eva Twardokens,United States,,USA,,,1994
17,Claudia Riegler,New Zealand,,NZL,,,1994
18,Hilde Gerg,Germany,,GER,,,1994
22,Thomai Lefousi,Greece,,GRE,,,1994
26,Patricia Chauvet-Blanc,France,,FRA,,,1994
23,Marianne KjÃ¸rstad,Norway,,NOR,,,1994
22,Annelise Coberger,New Zealand,,NZL,,,1994
27,Anita Wachter,Austria,,AUT,,,1994
26,Miriam Vogt,Germany,,GER,,,1994
18,Alenka DovÅ¾an,Slovenia,,SLO,,,1994
24,BÃ©atrice Filliol,France,,FRA,,,1994
23,Edda Mutter,Germany,,GER,,,1994
25,Florence Masnada,France,,FRA,,,1994
18,Emma Carrick-Anderson,Great Britain,,GBR,,,1994
17,MÃ©lanie Turgeon,Canada,,CAN,,,1994
20,Erika Hansson,Sweden,,SWE,,,1994
24,Claire de Pourtales,Great Britain,,GBR,,,1994
25,Ainhoa Ibarra,Spain,,ESP,,,1994
18,Vicky Grau,Andorra,,AND,,,1994
17,OphÃ©lie David,Hungary,,HUN,,,1994
18,MarÃ­a JosÃ© Rienda,Spain,,ESP,,,1994
22,Julie Parisien,United States,,USA,,,1994
24,Monique Pelletier,United States,,USA,,,1994
28,Olha Lohinova,Ukraine,,UKR,,,1994
19,Trine Bakke-Rognmo,Norway,,NOR,,,1994
20,Caroline Gedde-Dahl,Norway,,NOR,,,1994
22,Hilde Gerg,Germany,Gold,GER,1,1:32.40,1998
27,Deborah Compagnoni,Italy,Silver,ITA,2,1:32.46,1998
23,Zali Steggall,Australia,Bronze,AUS,3,1:32.67,1998
24,Martina Ertl-Renz,Germany,,GER,4,1:32.91,1998
20,Sabine Egger,Austria,,AUT,5,1:33.22,1998
30,Ingrid Salvenmoser,Austria,,AUT,6,1:33.39,1998
28,Martina Accola,Switzerland,,SUI,7,1:34.12,1998
24,Morena Gallizio,Italy,,ITA,8,1:34.87,1998
19,Monika Bergmann-Schmuderer,Germany,,GER,9,1:34.99,1998
21,Anna Ottosson,Sweden,,SWE,10,1:35.24,1998
30,NataÅ¡a Bokal,Slovenia,,SLO,11,1:35.59,1998
28,Ylva NowÃ©n,Sweden,,SWE,12,1:36.33,1998
26,Julie Parisien,United States,,USA,13,1:36.35,1998
22,MarÃ­a JosÃ© Rienda,Spain,,ESP,14,1:36.46,1998
29,Lara Magoni,Italy,,ITA,15,1:36.63,1998
21,Alenka DovÅ¾an,Slovenia,,SLO,16,1:36.66,1998
23,Kazuko Ikeda,Japan,,JPN,17,1:37.29,1998
17,Tanja Poutiainen,Finland,,FIN,18,1:37.51,1998
22,Vicky Grau,Andorra,,AND,19,1:37.69,1998
22,Junko Yamakawa,Japan,,JPN,20,1:38.10,1998
23,Diana Fehr,Liechtenstein,,LIE,21,1:38.76,1998
18,Sarah Schleper,United States,,USA,22,1:39.42,1998
20,Tamara SchÃ¤dler,Liechtenstein,,LIE,23,1:40.01,1998
19,Kumiko Kashiwagi,Japan,,JPN,24,1:40.46,1998
20,Carola Calello,Argentina,,ARG,25,1:41.56,1998
19,Nadezhda Vasileva,Bulgaria,,BUL,26,1:45.44,1998
18,Mirjana Granzov,Serbia and Montenegro,,SCG,27,1:46.65,1998
27,LeÃ¯la Piccard,France,,FRA,,,1998
22,Karin Roten,Switzerland,,SUI,,,1998
22,Kristina Koznick,United States,,USA,,,1998
23,UrÅ¡ka Hrovat,Slovenia,,SLO,,,1998
24,Å pela Pretnar,Slovenia,,SLO,,,1998
23,Trine Bakke-Rognmo,Norway,,NOR,,,1998
23,Henna Raita,Finland,,FIN,,,1998
25,MÃ³nica Bosch,Spain,,ESP,,,1998
23,Katerina Tichy,Canada,,CAN,,,1998
20,Katrine Hvidsteen,Denmark,,DEN,,,1998
24,Martina Fortkord,Sweden,,SWE,,,1998
27,Pernilla Wiberg,Sweden,,SWE,,,1998
21,Claudia Riegler,New Zealand,,NZL,,,1998
25,Sonja Nef,Switzerland,,SUI,,,1998
22,Laure Pequegnot,France,,FRA,,,1998
30,Patricia Chauvet-Blanc,France,,FRA,,,1998
24,Elisabetta Biavaschi,Italy,,ITA,,,1998
23,Andrine Flemmen,Norway,,NOR,,,1998
22,Emma Carrick-Anderson,Great Britain,,GBR,,,1998
23,Trude Gimle,Norway,,NOR,,,1998
16,Janica KosteliÄ,Croatia,,CRO,,,1998
20,Brynja ÃorsteinsdÃ³ttir,Iceland,,ISL,,,1998
20,SigrÃ­Ã°ur ÃorlÃ¡ksdÃ³ttir,Iceland,,ISL,,,1998
22,TheÃ³dÃ³ra Mathiesen,Iceland,,ISL,,,1998
16,Lucie HrstkovÃ¡,Czech Republic,,CZE,,,1998
21,Kinga Barsi,Hungary,,HUN,,,1998
19,Marika Labancz,Hungary,,HUN,,,1998
23,Tasha Nelson,United States,,USA,,,1998
21,Noriyo Hiroi,Japan,,JPN,,,1998
16,Sofia Akhmeteli,Georgia,,GEO,,,1998
20,Janica KosteliÄ,Croatia,Gold,CRO,1,1:46.10,2002
26,Laure Pequegnot,France,Silver,FRA,2,1:46.17,2002
20,Anja PÃ¤rson,Sweden,Bronze,SWE,3,1:47.09,2002
32,Ylva NowÃ©n,Sweden,,SWE,4,1:47.18,2002
28,Martina Ertl-Renz,Germany,,GER,5,1:47.82,2002
23,Monika Bergmann-Schmuderer,Germany,,GER,6,1:47.98,2002
27,Vanessa Vidal,France,,FRA,7,1:48.11,2002
27,Henna Raita,Finland,,FIN,8,1:48.40,2002
34,NataÅ¡a Bokal,Slovenia,,SLO,9,1:49.94,2002
21,Nicole Gius,Italy,,ITA,10,1:51.01,2002
25,Claudia Riegler,New Zealand,,NZL,11,1:51.19,2002
17,Nika Fleiss,Croatia,,CRO,12,1:51.27,2002
25,Anna Ottosson,Sweden,,SWE,13,1:51.77,2002
25,Noriyo Hiroi,Japan,,JPN,14,1:51.98,2002
26,MarÃ­a JosÃ© Rienda,Spain,,ESP,15,1:52.11,2002
23,Kumiko Kashiwagi,Japan,,JPN,16,1:52.41,2002
25,Alenka DovÅ¾an,Slovenia,,SLO,17,1:52.65,2002
24,Silke Bachmann,Italy,,ITA,18,1:52.94,2002
26,Emma Carrick-Anderson,Great Britain,,GBR,19,1:53.79,2002
28,Å pela Pretnar,Slovenia,,SLO,20,1:54.09,2002
24,Eva KurfÃ¼rstovÃ¡,Czech Republic,,CZE,21,1:54.19,2002
23,Susanne Ekman,Sweden,,SWE,22,1:54.32,2002
15,Ana JeluÅ¡iÄ,Croatia,,CRO,23,1:55.01,2002
26,Vicky Grau,Andorra,,AND,24,1:55.16,2002
26,Jeannette Korten,Australia,,AUS,25,1:56.10,2002
20,Carolina Ruiz,Spain,,ESP,26,1:56.22,2002
21,Emily Brydon,Canada,,CAN,27,1:58.19,2002
23,Nadezhda Vasileva,Bulgaria,,BUL,28,1:59.04,2002
25,Vanesa Rakedzhyan,Armenia,,ARM,29,1:59.12,2002
21,Yuliya Siparenko,Ukraine,,UKR,30,2:00.50,2002
19,MarÃ­a BelÃ©n Simari Birkner,Argentina,,ARG,31,2:00.58,2002
17,Lindsey Kildow-Vonn,United States,,USA,32,2:00.73,2002
20,Emma Furuvik,Iceland,,ISL,33,2:01.92,2002
23,Olesya Persidskaya,Kazakhstan,,KAZ,34,2:09.97,2002
19,Tamsen McGarry,Ireland,,IRL,35,2:11.00,2002
17,Chirine Njeim,Lebanon,,LIB,36,2:13.48,2002
22,Konstantina Koutra,Greece,,GRE,37,2:18.60,2002
28,Elmira Urumbayeva,Uzbekistan,,UZB,38,2:24.90,2002
23,Allison Forsyth,Canada,,CAN,,,2002
26,Annemarie Gerg,Germany,,GER,,,2002
19,Chemmy Alcott,Great Britain,,GBR,,,2002
28,Christel Pascal-Saioni,France,,FRA,,,2002
21,Denise Karbon,Italy,,ITA,,,2002
25,Hedda Berntsen,Norway,,NOR,,,2002
23,Kathrin Nikolussi,Australia,,AUS,,,2002
26,Kristina Koznick,United States,,USA,,,2002
20,Lea DabiÄ,Slovenia,,SLO,,,2002
20,Lucie HrstkovÃ¡,Czech Republic,,CZE,,,2002
17,Macarena Simari Birkner,Argentina,,ARG,,,2002
20,Marlies Schild,Austria,,AUT,,,2002
22,Sarah Schleper,United States,,USA,,,2002
20,Sofia Akhmeteli,Georgia,,GEO,,,2002
24,Sonia Vierin,Italy,,ITA,,,2002
27,Tasha Nelson,United States,,USA,,,2002
27,Trine Bakke-Rognmo,Norway,,NOR,,,2002
17,Veronika ZuzulovÃ¡,Slovakia,,SVK,,,2002
27,Zali Steggall,Australia,,AUS,,,2002
22,Carina Raich,Austria,,AUT,,,2002
18,Christine Sponring,Austria,,AUT,,,2002
26,Corina GrÃ¼nenfelder,Switzerland,,SUI,,,2002
20,Jelena LoloviÄ,Serbia and Montenegro,,SCG,,,2002
25,Marlies Oester,Switzerland,,SUI,,,2002
20,MÃ¡rta Vastagh RegÅs,Hungary,,HUN,,,2002
23,Petra ZakouÅilovÃ¡,Czech Republic,,CZE,,,2002
26,Renate GÃ¶tschl,Austria,,AUT,,,2002
21,Rowena Bright,Australia,,AUS,,,2002
29,Sonja Nef,Switzerland,,SUI,,,2002
21,Tanja Poutiainen,Finland,,FIN,,,2002
24,Anja PÃ¤rson,Sweden,Gold,SWE,1,1:29.04,2006
22,Nicole Hosp,Austria,Silver,AUT,2,1:29.33,2006
24,Marlies Schild,Austria,Bronze,AUT,3,1:29.79,2006
24,Janica KosteliÄ,Croatia,,CRO,4,1:29.94,2006
20,Michaela Kirchgasser,Austria,,AUT,5,1:30.28,2006
25,Tanja Poutiainen,Finland,,FIN,6,1:30.79,2006
30,Annemarie Gerg,Germany,,GER,7,1:30.89,2006
21,Chiara Costazza,Italy,,ITA,8,1:31.08,2006
21,Therese BorssÃ©n,Sweden,,SWE,8,1:31.08,2006
26,Sarah Schleper,United States,,USA,10,1:31.38,2006
24,Florine de Leymarie,France,,FRA,11,1:31.39,2006
20,Resi Stiegler,United States,,USA,12,1:31.48,2006
21,Å Ã¡rka ZÃ¡hrobskÃ¡-StrachovÃ¡,Czech Republic,,CZE,13,1:31.55,2006
21,Lindsey Kildow-Vonn,United States,,USA,14,1:31.58,2006
19,Ana JeluÅ¡iÄ,Croatia,,CRO,15,1:31.78,2006
27,Monika Bergmann-Schmuderer,Germany,,GER,16,1:31.84,2006
20,Brigitte Acton,Canada,,CAN,17,1:31.90,2006
29,Anna Ottosson,Sweden,,SWE,18,1:32.08,2006
22,Manuela MÃ¶lgg,Italy,,ITA,19,1:32.17,2006
31,Henna Raita,Finland,,FIN,20,1:32.33,2006
19,Maria PietilÃ¤-Holmner,Sweden,,SWE,21,1:32.47,2006
21,Veronika ZuzulovÃ¡,Slovakia,,SVK,22,1:32.53,2006
21,Nika Fleiss,Croatia,,CRO,23,1:32.61,2006
27,Annalisa Ceresa,Italy,,ITA,24,1:32.77,2006
22,Ana Kobal,Slovenia,,SLO,25,1:32.89,2006
31,Vanessa Vidal,France,,FRA,26,1:32.97,2006
20,Mizue Hoshi,Japan,,JPN,27,1:33.38,2006
28,Eva KurfÃ¼rstovÃ¡,Czech Republic,,CZE,28,1:33.47,2006
29,Noriyo Hiroi,Japan,,JPN,29,1:33.59,2006
23,Katarzyna KarasiÅska,Poland,,POL,30,1:34.30,2006
26,Mojca Rataj,Bosnia and Herzegovina,,BIH,31,1:34.37,2006
21,Jessica Walter,Liechtenstein,,LIE,32,1:35.10,2006
22,Alexandra Coletti,Monaco,,MON,33,1:35.96,2006
17,Anne-Sophie Barthet,France,,FRA,34,1:36.66,2006
20,Nicola Campbell,New Zealand,,NZL,35,1:36.82,2006
21,Macarena Simari Birkner,Argentina,,ARG,36,1:37.07,2006
23,MarÃ­a BelÃ©n Simari Birkner,Argentina,,ARG,37,1:37.61,2006
20,Mami Sekizuka,Japan,,JPN,38,1:37.72,2006
21,Chirine Njeim,Lebanon,,LIB,39,1:39.14,2006
24,Erika McLeod,New Zealand,,NZL,40,1:40.57,2006
22,O Jae-Eun,South Korea,,KOR,41,1:41.84,2006
20,Kirsty McGarry,Ireland,,IRL,42,1:42.43,2006
24,Jelena LoloviÄ,Serbia and Montenegro,,SCG,43,1:42.80,2006
24,Tiiu Nurmberg,Estonia,,EST,44,1:42.98,2006
25,Yuliya Siparenko,Ukraine,,UKR,45,1:43.26,2006
19,Marija TrmÄiÄ,Serbia and Montenegro,,SCG,46,1:43.46,2006
22,Vera Yeremenko,Kazakhstan,,KAZ,47,1:46.00,2006
17,Ivana Ivchevska,Macedonia,,MKD,48,1:50.13,2006
28,RÃ©ka Tuss,Hungary,,HUN,49,1:51.59,2006
28,Dong Jinzhi,China,,CHN,50,1:54.06,2006
24,Neha Ahuja,India,,IND,51,1:56.16,2006
24,Lucie HrstkovÃ¡,Czech Republic,,CZE,,,2006
20,Mariya Kirkova,Bulgaria,,BUL,,,2006
32,Martina Ertl-Renz,Germany,,GER,,,2006
24,Daniela Merighetti,Italy,,ITA,,,2006
27,Petra ZakouÅilovÃ¡,Czech Republic,,CZE,,,2006
18,SoÅa MaculovÃ¡,Slovakia,,SVK,,,2006
18,Matea Ferk,Croatia,,CRO,,,2006
17,Eva HuÄkovÃ¡,Slovakia,,SVK,,,2006
18,Duygu Ulusoy,Turkey,,TUR,,,2006
30,Kristina Koznick,United States,,USA,,,2006
19,Kathrin Zettel,Austria,,AUT,,,2006
30,Laure Pequegnot,France,,FRA,,,2006
26,Magda Kalomoirou,Greece,,GRE,,,2006
25,Maria HÃ¶fl-Riesch,Germany,Gold,GER,1,1:42.89,2010
28,Marlies Schild,Austria,Silver,AUT,2,1:43.32,2010
25,Å Ã¡rka ZÃ¡hrobskÃ¡-StrachovÃ¡,Czech Republic,Bronze,CZE,3,1:43.90,2010
23,Maria PietilÃ¤-Holmner,Sweden,,SWE,4,1:44.22,2010
27,Sandrine Aubert,France,,FRA,5,1:44.46,2010
29,Tanja Poutiainen,Finland,,FIN,6,1:44.93,2010
28,Elisabeth GÃ¶rgl,Austria,,AUT,7,1:44.97,2010
29,Nicole Gius,Italy,,ITA,8,1:45.01,2010
26,Tina Maze,Slovenia,,SLO,9,1:45.09,2010
25,Veronika ZuzulovÃ¡,Slovakia,,SVK,10,1:45.14,2010
26,Manuela MÃ¶lgg,Italy,,ITA,11,1:45.31,2010
23,Ana JeluÅ¡iÄ,Croatia,,CRO,12,1:45.43,2010
23,Kathrin Zettel,Austria,,AUT,13,1:45.59,2010
20,Christina Geiger,Germany,,GER,14,1:45.62,2010
24,Frida Hansdotter,Sweden,,SWE,15,1:45.67,2010
30,Sarah Schleper,United States,,USA,16,1:45.88,2010
24,Brigitte Acton,Canada,,CAN,17,1:45.93,2010
29,Denise Karbon,Italy,,ITA,18,1:45.94,2010
24,Anna Goodman,Canada,,CAN,19,1:46.04,2010
19,Erin Mielzynski,Canada,,CAN,20,1:46.09,2010
25,Therese BorssÃ©n,Sweden,,SWE,21,1:46.71,2010
25,Marina Nigg,Liechtenstein,,LIE,22,1:46.83,2010
21,MaruÅ¡a Ferk,Slovenia,,SLO,23,1:47.03,2010
20,Jana GantnerovÃ¡,Slovakia,,SVK,24,1:47.46,2010
25,Nika Fleiss,Croatia,,CRO,25,1:47.59,2010
21,Anne-Sophie Barthet,France,,FRA,26,1:47.83,2010
26,Karen Persyn,Belgium,,BEL,27,1:47.96,2010
19,Yelena Prosteva,Russia,,RUS,28,1:48.34,2010
21,Nastasia Noens,France,,FRA,29,1:48.57,2010
24,Hailey Duke,United States,,USA,30,1:48.69,2010
20,Marie-MichÃ¨le Gagnon,Canada,,CAN,31,1:49.51,2010
19,Nevena IgnjatoviÄ,Serbia,,SRB,32,1:50.48,2010
21,Lyaysan Rayanova,Russia,,RUS,33,1:50.82,2010
22,Matea Ferk,Croatia,,CRO,34,1:50.93,2010
22,Agnieszka GÄsienica-Daniel,Poland,,POL,35,1:52.19,2010
25,Macarena Simari Birkner,Argentina,,ARG,36,1:52.35,2010
20,Bohdana Matsotska,Ukraine,,UKR,37,1:53.00,2010
20,Mariya Shkanova,Belarus,,BLR,38,1:54.50,2010
20,Sofija NovoseliÄ,Croatia,,CRO,39,1:54.91,2010
24,Å½ana NovakoviÄ,Bosnia and Herzegovina,,BIH,40,1:55.95,2010
19,Noelle Barahona,Chile,,CHI,41,1:57.82,2010
28,Tiiu Nurmberg,Estonia,,EST,42,1:57.99,2010
25,Chirine Njeim,Lebanon,,LIB,43,1:58.20,2010
17,ZsÃ³fia DÃ¶me,Hungary,,HUN,44,1:58.32,2010
21,Anna Berecz,Hungary,,HUN,45,1:59.63,2010
24,Kim Seon-Ju,South Korea,,KOR,46,2:00.03,2010
21,Sophia Ralli,Greece,,GRE,47,2:00.41,2010
17,Maya Harrisson,Brazil,,BRA,48,2:01.67,2010
21,Liene Fimbauere,Latvia,,LAT,49,2:02.11,2010
16,Nino Tsiklauri,Georgia,,GEO,50,2:02.32,2010
26,Cynthia Denzler,Colombia,,COL,51,2:02.39,2010
16,Yina Moe-Lange,Denmark,,DEN,52,2:04.70,2010
19,Sophia Papamichalopoulou,Cyprus,,CYP,53,2:05.18,2010
18,Jacky Chamoun,Lebanon,,LIB,54,2:18.03,2010
21,Marjan Kalhor,Iran,,IRI,55,2:18.60,2010
22,Susanne Riesch,Germany,,GER,,,2010
24,Fanny Chmelar,Germany,,GER,,,2010
24,Michaela Kirchgasser,Austria,,AUT,,,2010
28,Anja PÃ¤rson,Sweden,,SWE,,,2010
25,Chiara Costazza,Italy,,ITA,,,2010
22,Megan McJames,United States,,USA,,,2010
18,Mona LÃ¸seth,Norway,,NOR,,,2010
21,Mireia GutiÃ©rrez,Andorra,,AND,,,2010
24,Anastasiya Skriabina,Ukraine,,UKR,,,2010
27,MarÃ­a BelÃ©n Simari Birkner,Argentina,,ARG,,,2010
21,Maja KlepiÄ,Bosnia and Herzegovina,,BIH,,,2010
18,Ornella Oettl,Peru,,PER,,,2010
22,Yelizaveta Kuzmenko,Belarus,,BLR,,,2010
28,Jelena LoloviÄ,Serbia,,SRB,,,2010
22,Xia Lina,China,,CHN,,,2010
20,Sanni Leinonen,Finland,,FIN,,,2010
27,Claire Dautherives,France,,FRA,,,2010
19,Andrea Jardi,Spain,,ESP,,,2010
23,Marija TrmÄiÄ,Serbia,,SRB,,,2010
27,Chemmy Alcott,Great Britain,,GBR,,,2010
25,Lindsey Kildow-Vonn,United States,,USA,,,2010
24,Mariya Kirkova,Bulgaria,,BUL,,,2010
19,Ãris GuÃ°mundsdÃ³ttir,Iceland,,ISL,,,2010
18,Sofie JuÃ¡rez,Andorra,,AND,,,2010
24,Ana Drev,Slovenia,,SLO,,,2010
31,Petra ZakouÅilovÃ¡,Czech Republic,,CZE,,,2010
24,TuÄba DaÅdemir-KocaaÄa,Turkey,,TUR,,,2010
31,Gaia Bassani Antivari,Azerbaijan,,AZE,,,2010
19,Nicol Gastaldi,Argentina,,ARG,,,2010
22,Kseniya Grigoryeva,Uzbekistan,,UZB,,,2010
21,Ani-Matilda Serebrakyan,Armenia,,ARM,,,2010
24,Kirsty McGarry,Ireland,,IRL,,,2010
18,Mikaela Shiffrin,United States,Gold,USA,1,1:44.54,2014
32,Marlies Schild,Austria,Silver,AUT,2,1:45.07,2014
27,Kathrin Zettel,Austria,Bronze,AUT,3,1:45.35,2014
29,Maria HÃ¶fl-Riesch,Germany,,GER,4,1:45.73,2014
28,Frida Hansdotter,Sweden,,SWE,5,1:45.90,2014
21,Emelie WikstrÃ¶m,Sweden,,SWE,6,1:46.11,2014
25,Nastasia Noens,France,,FRA,7,1:46.12,2014
30,Tina Maze,Slovenia,,SLO,8,1:46.25,2014
24,Marie-MichÃ¨le Gagnon,Canada,,CAN,9,1:47.37,2014
28,Å Ã¡rka ZÃ¡hrobskÃ¡-StrachovÃ¡,Czech Republic,,CZE,10,1:47.39,2014
22,Anna Swenn-Larsson,Sweden,,SWE,11,1:47.91,2014
33,Tanja Poutiainen,Finland,,FIN,12,1:48.01,2014
25,AnÃ©mone Marmottan,France,,FRA,13,1:48.96,2014
24,Barbara Wirth,Germany,,GER,14,1:49.00,2014
22,Brittany Phelan,Canada,,CAN,15,1:49.11,2014
22,Mona LÃ¸seth,Norway,,NOR,16,1:49.44,2014
24,Denise Feierabend,Switzerland,,SUI,17,1:49.47,2014
25,Anne-Sophie Barthet,France,,FRA,18,1:50.11,2014
25,MaruÅ¡a Ferk,Slovenia,,SLO,19,1:50.16,2014
18,Petra VlhovÃ¡,Slovakia,,SVK,19,1:50.16,2014
29,Marina Nigg,Liechtenstein,,LIE,21,1:50.64,2014
21,Martina DubovskÃ¡,Czech Republic,,CZE,22,1:51.42,2014
21,Kseniya Alopina,Russia,,RUS,23,1:51.74,2014
23,Julia Ford,United States,,USA,24,1:52.87,2014
20,SalomÃ© BÃ¡ncora,Argentina,,ARG,25,1:55.52,2014
28,Å½ana NovakoviÄ,Bosnia and Herzegovina,,BIH,26,1:55.99,2014
29,Macarena Simari Birkner,Argentina,,ARG,27,1:56.51,2014
20,Michelle Gisin,Switzerland,,SUI,28,1:57.12,2014
24,Mariya Shkanova,Belarus,,BLR,29,1:57.23,2014
23,Lelde GasÅ«na,Latvia,,LAT,30,1:57.29,2014
18,Greta Small,Australia,,AUS,31,1:57.60,2014
24,Lavinia Chrystal,Australia,,AUS,32,1:57.90,2014
17,Andrea KomÅ¡iÄ,Croatia,,CRO,33,1:58.60,2014
18,Helga MarÃ­a VilhjÃ¡lmsdÃ³ttir,Iceland,,ISL,34,2:03.22,2014
25,Anna Berecz,Hungary,,HUN,35,2:04.92,2014
20,Erla ÃsgeirsdÃ³ttir,Iceland,,ISL,36,2:05.08,2014
17,Agnese ÄboltiÅa,Latvia,,LAT,37,2:06.62,2014
25,Sophia Ralli,Greece,,GRE,38,2:06.77,2014
21,Maya Harrisson,Brazil,,BRA,39,2:08.33,2014
17,Camile Dias,Portugal,,POR,40,2:08.50,2014
28,TuÄba DaÅdemir-KocaaÄa,Turkey,,TUR,41,2:08.96,2014
22,Ãlise Pellegrin,Malta,,MLT,42,2:09.83,2014
22,Jasmine Campbell,United States Virgin Islands,,ISV,43,2:10.37,2014
19,Ivana BulatoviÄ,Montenegro,,MNE,44,2:12.80,2014
18,Kenza Tazi,Morocco,,MAR,45,2:17.15,2014
18,Triin Tobi,Estonia,,EST,46,2:20.45,2014
22,Jacky Chamoun,Lebanon,,LIB,47,2:28.74,2014
20,Forough Abbasi,Iran,,IRI,48,2:35.69,2014
16,Gang Yeong-Seo,South Korea,,KOR,49,2:36.45,2014
24,Bernadette Schild,Austria,,AUT,,,2014
28,Michaela Kirchgasser,Austria,,AUT,,,2014
21,Adeline Baud,France,,FRA,,,2014
28,Resi Stiegler,United States,,USA,,,2014
23,Federica Brignone,Italy,,ITA,,,2014
29,Chiara Costazza,Italy,,ITA,,,2014
24,Jana GantnerovÃ¡,Slovakia,,SVK,,,2014
21,Emily Bamford,Australia,,AUS,,,2014
28,Mariya Kirkova,Bulgaria,,BUL,,,2014
26,Kseniya Grigoryeva,Uzbekistan,,UZB,,,2014
17,Florence Bell,Ireland,,IRL,,,2014
27,Maria PietilÃ¤-Holmner,Sweden,,SWE,,,2014
20,Wendy Holdener,Switzerland,,SUI,,,2014
24,Nina LÃ¸seth,Norway,,NOR,,,2014
23,Erin Mielzynski,Canada,,CAN,,,2014
24,Elli Terwiel,Canada,,CAN,,,2014
23,Nevena IgnjatoviÄ,Serbia,,SRB,,,2014
27,Aleksandra KluÅ,Poland,,POL,,,2014
26,Megan McJames,United States,,USA,,,2014
20,KateÅina PaulÃ¡thovÃ¡,Czech Republic,,CZE,,,2014
24,Sofija NovoseliÄ,Croatia,,CRO,,,2014
21,Barbara KantorovÃ¡,Slovakia,,SVK,,,2014
23,Barbara LukÃ¡ÄovÃ¡,Slovakia,,SVK,,,2014
25,Mireia GutiÃ©rrez,Andorra,,AND,,,2014
17,Kim So-Hui,South Korea,,KOR,,,2014
25,Julietta Quiroga,Argentina,,ARG,,,2014
23,Noelle Barahona,Chile,,CHI,,,2014
19,Maryna GÄsienica-Daniel,Poland,,POL,,,2014
24,Karolina Chrapek,Poland,,POL,,,2014
20,Nino Tsiklauri,Georgia,,GEO,,,2014
26,Xia Lina,China,,CHN,,,2014
19,Ieva JanuÅ¡keviÄiÅ«tÄ,Lithuania,,LTU,,,2014
22,Ornella Oettl,Peru,,PER,,,2014
18,Alessia Afi Dipol,Togo,,TOG,,,2014
24,Christina Geiger,Germany,,GER,,,2014
20,Suela MÃ«hilli,Albania,,ALB,,,2014