,Season,Character,lines
0,1,ross,952
1,1,monica,872
2,1,rachel,850
3,1,chandler,817
4,1,joey,640
5,1,phoebe,637
6,1,all,91
7,1,carol,79
8,1,susan,69
9,1,janice,38
10,1,barry,35
11,1,mrs. geller,33
12,1,aurora,29
13,1,david,28
14,1,mrs. bing,28
15,1,young ethan,28
16,1,mr. geller,25
17,1,roger,24
18,1,mr. tribbiani,23
19,1,paolo,23
20,1,steve,23
21,1,mindy,22
22,1,lydia,21
23,1,ursula,20
24,1,ronni,19
25,1,fake monica,18
26,1,mr. heckles,18
27,1,nurse,17
28,1,paul,17
29,1,dr. franzblau,16
30,1,luisa,16
31,1,teacher,16
32,1,jill,14
33,1,nina,14
34,1,woman,14
35,1,angela,13
36,1,dr. mitchell,13
37,1,max,13
38,1,jamie,11
39,1,lizzie,11
40,1,shelley,11
41,1,dr. rosen,10
42,1,mr. douglas,9
43,1,aunt lillian,8
44,1,flight attendant,8
45,1,girl,8
46,1,melanie,8
47,1,mrs. tribbiani,8
48,1,coma guy,7
49,1,director,7
50,1,dr. baldhara,7
51,1,fran,7
52,1,lowell,7
53,1,pizza guy,7
54,1,alan,6
55,1,carl,6
56,1,celia,6
57,1,paula,6
58,1,receptionist,6
59,1,aunt iris,5
60,1,chandler and joey,5
61,1,danielle,5
62,1,frannie,5
63,1,guy,5
64,1,joanne,5
65,1,joey and chandler,5
66,1,kristin,5
67,1,monica and phoebe,5
68,1,robbie,5
69,1,bob,4
70,1,fireman no. 3,4
71,1,guys,4
72,1,jay leno,4
73,1,kiki,4
74,1,lorraine,4
75,1,marsha,4
76,1,mr.heckles,4
77,1,sandy,4
78,1,woman no. 1,4
79,1,bernice,3
80,1,both,3
81,1,fireman no. 1,3
82,1,fireman no. 2,3
83,1,girls,3
84,1,julie,3
85,1,kid,3
86,1,leslie,3
87,1,man,3
88,1,monica ,3
89,1,phoebe and rachel,3
90,1,rachel ,3
91,1,andrea,2
92,1,bobby,2
93,1,casting director no. 2,2
94,1,customer,2
95,1,dick clark,2
96,1,dr. oberman,2
97,1,fun bobby,2
98,1,gerston,2
99,1,helen,2
100,1,intercom,2
101,1,phoebe's assistant,2
102,1,rachel and monica,2
103,1,rachel and phoebe,2
104,1,ross and rachel,2
105,1,santos,2
106,1,terry,2
107,1,(joey turns around and sees his face on a poster in the subway. the poster says,1
108,1,(scene,1
109,1,(scene 4,1
110,1,[scene,1
111,1,[scene 13,1
112,1,actor,1
113,1,carol and susan,1
114,1,casting director no. 1,1
115,1,chandler and ross,1
116,1,janitor,1
117,1,joey and ross,1
118,1,"joey, chander, and ross",1
119,1,"joey, chandler, and ross",1
120,1,monica and rachel,1
121,1,"monica, joey, and phoebe",1
122,1,mrs. tedlock,1
123,1,pa,1
124,1,petrie,1
125,1,phoebe's friends,1
126,1,"phoebe, joey, and ross",1
127,1,"phoebe, ross, chandler, and joey",1
128,1,priest on tv,1
129,1,rachel and chandler,1
130,1,ross and chandler,1
131,1,ross and julie,1
132,1,ross and susan,1
133,1,"ross, rachel, and phoebe",1
134,1,soothing male voice,1
135,1,story by,1
136,1,susan and ross,1
137,1,the guys,1
138,1,the whole party,1
139,1,waitress,1
140,1,woman no. 2,1
141,1,{transcriber's note,1
142,2,ross,816
143,2,rachel,699
144,2,chandler,665
145,2,monica,642
146,2,joey,607
147,2,phoebe,559
148,2,richard,124
149,2,mnca,87
150,2,rach,80
151,2,chan,57
152,2,phoe,57
153,2,eddie,50
154,2,carol,46
155,2,mr. geller,42
156,2,julie,41
157,2,mrs. geller,41
158,2,all,38
159,2,susie,35
160,2,ryan,31
161,2,dr. burke,27
162,2,fbob,27
163,2,erica,26
164,2,mrs green,23
165,2,russ,23
166,2, monica,22
167,2,mr. greene,22
168,2,susan,22
169,2,duncan,20
170,2,mrs. greene,20
171,2, phoebe,19
172,2, rachel,18
173,2,big bully,18
174,2,grandmother,18
175,2,little bully,18
176,2,rtst,18
177,2,jade,16
178,2, joey,15
179,2, ross,15
180,2,rob,15
181,2,michael,14
182,2,stephanie,14
183,2,van damme,14
184,2,frank,13
185,2, chandler,12
186,2,interviewer,12
187,2,janitor,12
188,2,mr. treeger,12
189,2,waiter,11
190,2,chandler and joey,10
191,2,gunther,10
192,2,dr. remore,9
193,2,hombre man,9
194,2,janice,8
195,2,mr a,8
196,2,annabelle,7
197,2,guy,7
198,2,terry,7
199,2,woman,7
200,2,director's assistant,6
201,2,estelle,6
202,2,estl,6
203,2,gang,6
204,2,lipson,6
205,2,mrs buffay,6
206,2,amber,5
207,2,ben,5
208,2,mindy,5
209,2,tilly,5
210,2, big bully,4
211,2, richard,4
212,2,carol and susan,4
213,2,casting guy,4
214,2,delivery guy,4
215,2,friend,4
216,2,joey's co-star,4
217,2,kid,4
218,2,monica and rachel,4
219,2,mr. douglas,4
220,2,mr. heckles,4
221,2,mr. wineburg,4
222,2,scott,4
223,2,security guard,4
224,2,steve,4
225,2,stranger,4
226,2, eddie,3
227,2, mr. greene,3
228,2, tilly,3
229,2,barry,3
230,2,best man,3
231,2,director,3
232,2,doctor,3
233,2,girl 1,3
234,2,girl no. 1,3
235,2,girl no. 2,3
236,2,machine,3
237,2,mover,3
238,2,mr. boyle,3
239,2,paulo,3
240,2, little bully,2
241,2,both,2
242,2,"chandler, joey, and phoebe",2
243,2,"chandler, monica, and joey",2
244,2,commercial voiceover,2
245,2,ernie,2
246,2,frankie,2
247,2,gail,2
248,2,mrs. wineburg,2
249,2,rachel and monica,2
250,2,radio,2
251,2,roy,2
252,2,store guy,2
253,2,trainer,2
254,2,young man,2
255,2, delivery guy,1
256,2, frank,1
257,2, jeannie,1
258,2, mrs buffay,1
259,2, mrs. greene,1
260,2, ryan,1
261,2,[the hospital,1
262,2,allison,1
263,2,amger,1
264,2,"chan, joey, ross",1
265,2,credits [scene,1
266,2,customer,1
267,2,dr horton,1
268,2,dr. horton,1
269,2,everyone,1
270,2,girl's voice,1
271,2,gunter,1
272,2,guys,1
273,2,health services guy,1
274,2,intercom,1
275,2,jeannie,1
276,2,joey on tv,1
277,2,joey/chan,1
278,2,kids,1
279,2,man,1
280,2,minister,1
281,2,monica and phoebe,1
282,2,monica and ross,1
283,2,"mr, geller",1
284,2,mrs. green,1
285,2,mrs. wallace,1
286,2,note,1
287,2,old woman,1
288,2,phoe/mnca,1
289,2,phoebe and ryan,1
290,2,rachel and phoebe,1
291,2,"rachel, monica, roy, and chip",1
292,2,ross and chandler,1
293,2,"ross, chandler & joey",1
294,2,story by,1
295,2,tattoo artist,1
296,2,together,1
297,2,tv doctor,1
298,2,waitress,1
299,2,wedding planner,1
300,2,woman's voice,1
301,2,writer,1
302,3,ross,1075
303,3,rachel,925
304,3,monica,847
305,3,chandler,825
306,3,phoebe,793
307,3,joey,775
308,3,pete,103
309,3,frank,79
310,3,janice,62
311,3,kate,61
312,3,all,55
313,3,mark,44
314,3,richard,43
315,3,gunther,32
316,3,bonnie,31
317,3,dr. green,31
318,3,chloe,28
319,3,carol,27
320,3,joanna,27
321,3,lauren,24
322,3,guy,23
323,3,robert,21
324,3,tommy,21
325,3,doug,18
326,3,phoebe sr,18
327,3,the director,17
328,3,ginger,16
329,3,vince,16
330,3,jason,15
331,3,woman,15
332,3,leslie,14
333,3,malcom,14
334,3,mischa,14
335,3,alice,13
336,3,guru saj,13
337,3,julio,13
338,3,director,12
339,3,issac,12
340,3,margha,11
341,3,mr. geller,11
342,3,sarah,11
343,3,billy,10
344,3,isabella,10
345,3,robin,10
346,3,chandler and joey,8
347,3,jasmine,8
348,3,man,8
349,3,sophie,8
350,3,mr. heckles,7
351,3,mr. kaplan,7
352,3,sergei,7
353,3,student,7
354,3,cailin,6
355,3,dr. rhodes,6
356,3,eric,6
357,3,girl,6
358,3,joeyâ€™s sister,6
359,3,the guys,6
360,3,ben,5
361,3,leader,5
362,3,machine,5
363,3,quartet,5
364,3,richardâ€™s date,5
365,3,whitfield,5
366,3,cookie,4
367,3,friend no. 1,4
368,3,friend no. 2,4
369,3,hold voice,4
370,3,hoshi,4
371,3,jester,4
372,3,joeyâ€™s grandmother,4
373,3,ross and rachel,4
374,3,singer,4
375,3,susan,4
376,3,chandler and phoebe,3
377,3,estelle,3
378,3,hypnosis tape,3
379,3,jeannine,3
380,3,joeyâ€™s sisters,3
381,3,mike,3
382,3,monica and phoebe,3
383,3,rachel and monica,3
384,3,stevens,3
385,3,[sequence 1,2
386,3,[sequence 2,2
387,3,[sequence 3,2
388,3,announcer,2
389,3,clerk,2
390,3,host,2
391,3,lecturer,2
392,3,mary-angela,2
393,3,matress king,2
394,3,monica and rachel,2
395,3,monica and ross,2
396,3,phil,2
397,3,phoebe and monica,2
398,3,ross and joey,2
399,3,spokeswoman,2
400,3,stage manager,2
401,3,story by,2
402,3,the bass barber,2
403,3,the girls,2
404,3,tv announcer,2
405,3,"(ross finds a clock, sees itâ€™s almost 8",1
406,3,"[cut to monica's bedroom, theyâ€™re all eating the wax, chandler and phoebe, donâ€™t like it. joey tries some and makes a face like",1
407,3,[scene,1
408,3,[sequence 4,1
409,3,[sequence 5,1
410,3,anchorwoman,1
411,3,bass singer,1
412,3,billy crystal,1
413,3,carol and susan,1
414,3,"chandler, monica, and joey",1
415,3,"chandler, phoebe, and joey",1
416,3,"chandler, phoebe, and rachel",1
417,3,commercial,1
418,3,dr green,1
419,3,dr. johnson,1
420,3,employee,1
421,3,fireman,1
422,3,her friends,1
423,3,joey and chandler,1
424,3,joey and monica,1
425,3,joey and ross,1
426,3,mary-theresa,1
427,3,michelle,1
428,3,monica and joey,1
429,3,"monica, ross, and joey",1
430,3,mrs. geller,1
431,3,pete's mom,1
432,3,phoebe and girl,1
433,3,phoebe and leslie,1
434,3,"rachel, chandler, and joey",1
435,3,rachelâ€™s boss,1
436,3,referee,1
437,3,robin williams,1
438,3,ross and bonnie,1
439,3,ross and chandler,1
440,3,secretary,1
441,3,sherman whitfield,1
442,3,sister 1,1
443,3,video,1
444,3,waitress,1
445,3,woman's voice,1
446,3,young monica,1
447,3,young ross,1
448,3,{transcriber's note,1
449,4,chandler,912
450,4,rachel,908
451,4,joey,816
452,4,ross,807
453,4,monica,766
454,4,phoebe,711
455,4,emily,138
456,4,joshua,98
457,4,kathy,89
458,4,joanna,46
459,4,all,39
460,4,mr. treeger,38
461,4,mrs. geller,31
462,4,frank,28
463,4,janice,27
464,4,tim,27
465,4,alice,25
466,4,gunther,22
467,4,mr. waltham,21
468,4,chip,18
469,4,phoebe sr.,18
470,4,cheryl,17
471,4,mr. geller,16
472,4,phoebe sr,15
473,4,the salesman,15
474,4,ticket agent,14
475,4,mrs. waltham,13
476,4,allesandro,11
477,4,carol,11
478,4,the stripper,11
479,4,rick,10
480,4,charlton heston,9
481,4,mr. burgin,9
482,4,mrs. burkart,9
483,4,the waiter,9
484,4,mrs. lynch,8
485,4,the doctor,8
486,4,amanda,7
487,4,liam,7
488,4,susan,7
489,4,the a.d,7
490,4,ursula,7
491,4,dr. zane,6
492,4,gym employee,6
493,4,passenger,6
494,4,sophie,6
495,4,the saleslady,6
496,4,the singing man,6
497,4,tour guide,6
498,4,both,5
499,4,chandler and ross,5
500,4,felicity,5
501,4,housekeeper,5
502,4,josh,5
503,4,mrs. burgin,5
504,4,ticket counter attendant,5
505,4,chandler and joey,4
506,4,devon,4
507,4,drew,4
508,4,kathy's co-star,4
509,4,mike,4
510,4,the vendor,4
511,4,woman,4
512,4,woman on train,4
513,4,bonnie,3
514,4,chloe,3
515,4,fergie,3
516,4,guy,3
517,4,joey and chandler,3
518,4,marjorie,3
519,4,minister,3
520,4,minster,3
521,4,mrs. potter,3
522,4,sleep clinic worker,3
523,4,teleplay by,3
524,4,tony,3
525,4,another scientist,2
526,4,bank officer,2
527,4,casey,2
528,4,drunk man,2
529,4,everyone,2
530,4,interviewer,2
531,4,joey and ross,2
532,4,kitchen worker,2
533,4,mr. posner,2
534,4,nurse,2
535,4,older scientist,2
536,4,phoebe and rachel,2
537,4,the conductor,2
538,4,voice,2
539,4,waiter,2
540,4,(the camera zooms in on the clock on the wall and it reads a quarter after one. time lapse. the clock now reads 3,1
541,4,a waiter,1
542,4,another tour guide,1
543,4,"chandler, joey, and phoebe",1
544,4,"chandler, monica, and joey",1
545,4,"chandler, monica, and rachel",1
546,4,"chandler, monica, joey, and rachel",1
547,4,doctor,1
548,4,dr. timothy burke,1
549,4,frank and alice,1
550,4,joey and monica,1
551,4,"joey, rachel, and ross",1
552,4,julie,1
553,4,monica and rachel,1
554,4,"monica, chandler, phoebe, and rachel",1
555,4,"monica, joey, and phoebe",1
556,4,"monica, rachel, and joey",1
557,4,mr. simon,1
558,4,mrs. chatracus,1
559,4,ms. lambert,1
560,4,oven,1
561,4,part i written by,1
562,4,peter,1
563,4,"phoebe, ross, and rachel",1
564,4,rachel and bonnie,1
565,4,"rachel, monica, roy, and chip",1
566,4,ross and monica,1
567,4,ross and rachel,1
568,4,smart kid,1
569,4,story by,1
570,4,story by mark j. kunerth  teleplay by richard goodman  transcribed by,1
571,4,teleplay by shana goldberg-meehan & scott silveri  story by alicia sky varinaitis transcribed by,1
572,4,the cigarette guy,1
573,4,the cigarette smoking guy,1
574,4,the girls,1
575,4,the guys,1
576,4,the woman from poughkeepsie,1
577,5,chandler,941
578,5,joey,932
579,5,rachel,906
580,5,monica,898
581,5,ross,870
582,5,phoebe,813
583,5,gary,91
584,5,danny,58
585,5,all,47
586,5,emily,29
587,5,caitlin,25
588,5,frank,25
589,5,frank sr.,24
590,5,kim,24
591,5,larry,21
592,5,dr. harad,18
593,5,the casting director,18
594,5,doug,16
595,5,katie,15
596,5,cop,14
597,5,dr. miller,14
598,5,fat monica,14
599,5,janice,14
600,5,steve,14
601,5,joey's hand twin,13
602,5,mrs. geller,13
603,5,dr. leedbetter,12
604,5,mr. geller,12
605,5,mr. zelner,12
606,5,big nosed rachel,11
607,5,the teacher,11
608,5,gunther,10
609,5,krista,9
610,5,minister,9
611,5,mr. waltham,9
612,5,nancy,9
613,5,the doctor,9
614,5,ursula,8
615,5,carol,7
616,5,dan,7
617,5,grandma tribbiani,7
618,5,mrs. waltham,7
619,5,the security guard,7
620,5,the smoking woman,7
621,5,guy,6
622,5,joey's doctor,6
623,5,stage director,6
624,5,stanley,6
625,5,the lurker,6
626,5,the salesman,6
627,5,elizabeth,5
628,5,jen,5
629,5,man,5
630,5,nurse,5
631,5,woman no. 2,5
632,5,cynthia,4
633,5,dave,4
634,5,kara,4
635,5,teleplay by,4
636,5,the flight attendant,4
637,5,the man,4
638,5,the saleswoman,4
639,5,alice,3
640,5,ben,3
641,5,bob,3
642,5,chandler and monica,3
643,5,dream joey,3
644,5,dream monica,3
645,5,estelle,3
646,5,hotel clerk,3
647,5,joey and ross,3
648,5,the croupier,3
649,5,the hot girl,3
650,5,the woman dealer,3
651,5,tom,3
652,5,woman no. 1,3
653,5,blackjack dealer,2
654,5,chandler and joey,2
655,5,dr. ledbetter,2
656,5,dr. oberman,2
657,5,drunken gambler,2
658,5,gary collins,2
659,5,gary's radio,2
660,5,gate agent,2
661,5,kyle,2
662,5,male nurse,2
663,5,pbs volunteer,2
664,5,ross and joey,2
665,5,the grip,2
666,5,the old man,2
667,5,[suddenly the door opens and ross's mystery girl enters. i'll give you a hint to who it is,1
668,5,a casino boss,1
669,5,a drunken gambler,1
670,5,a female student,1
671,5,a tourist,1
672,5,answering machine,1
673,5,both,1
674,5,chandler and phoebe,1
675,5,chandler and rachel,1
676,5,danny's sister,1
677,5,delivery girl,1
678,5,delivery room nurse,1
679,5,elizabeth hornswoggle,1
680,5,emeril,1
681,5,french phoebe,1
682,5,guest #1,1
683,5,guest #2,1
684,5,guest #3,1
685,5,health inspector,1
686,5,jay leno,1
687,5,joey and rachel,1
688,5,monica and ross,1
689,5,mrs. bing,1
690,5,part i written by,1
691,5,party guests,1
692,5,past life phoebe,1
693,5,phoebe and gary,1
694,5,phoebe and joey,1
695,5,phoebe and rachel,1
696,5,raymond,1
697,5,ross and chandler,1
698,5,ross and rachel,1
699,5,story by,1
700,5,the attendant,1
701,5,the guys,1
702,5,the housekeeper,1
703,5,the husband,1
704,5,the little girl,1
705,5,the paramedic,1
706,5,the pastor,1
707,5,voice,1
708,5,woman,1
709,5,written by,1
710,6,chandler,1036
711,6,rachel,993
712,6,ross,912
713,6,joey,907
714,6,monica,900
715,6,phoebe,787
716,6,paul,116
717,6,elizabeth,89
718,6,janine,89
719,6,jill,67
720,6,richard,50
721,6,gunther,30
722,6,all,23
723,6,kim,17
724,6,hillary,16
725,6,director,15
726,6,woman,14
727,6,carol,13
728,6,the dry cleaner,13
729,6,mr. geller,12
730,6,mr. thompson,12
731,6,russell,12
732,6,dana,11
733,6,judge,11
734,6,wayne,11
735,6,jack,10
736,6,male jeweler,10
737,6,mrs. geller,10
738,6,customer,9
739,6,sebastian,9
740,6,the director,9
741,6,estelle,8
742,6,the fan,8
743,6,interviewer,7
744,6,teleplay by,7
745,6,the instructor,7
746,6,the potential roommate,7
747,6,dr. roger,6
748,6,hitchhiker,6
749,6,monica's boyfriend,6
750,6,mr. bowmont,6
751,6,tall guy,6
752,6,the museum official,6
753,6,the porsche owner,6
754,6,the producer,6
755,6,ursula,6
756,6,{transcriberâ€™s note,6
757,6,fireman #1,5
758,6,receptionist,5
759,6,dr. drake remoray,4
760,6,eldad,4
761,6,fireman #2,4
762,6,phoebe and rachel,4
763,6,a crew member,3
764,6,burt,3
765,6,carl,3
766,6,casting director #1,3
767,6,casting director #2,3
768,6,dr. leedbetter,3
769,6,female clerk,3
770,6,guy #2,3
771,6,monica and rachel,3
772,6,patrick,3
773,6,patron,3
774,6,susan,3
775,6,the doctor,3
776,6,the girls,3
777,6,{transciberâ€™s note,3
778,6,arthur,2
779,6,ben,2
780,6,"buffay, the vampire layer",2
781,6,c.h.e.e.s.e.,2
782,6,croupler,2
783,6,dr. wesley,2
784,6,first dorm guy,2
785,6,hope,2
786,6,janice,2
787,6,janiceâ€™s voice,2
788,6,joey and ross,2
789,6,joey's look-a-like,2
790,6,karin,2
791,6,lorraine,2
792,6,matire'd,2
793,6,meg,2
794,6,monica and ross,2
795,6,mr. and mrs. geller,2
796,6,part i written by,2
797,6,ralph lauren,2
798,6,ross and chandler,2
799,6,the professor,2
800,6,waitress,2
801,6,  monica and rachel,1
802,6,"[scene, central perk",1
803,6,"[scene, the park",1
804,6,a male customer,1
805,6,a student,1
806,6,alex,1
807,6,another manâ€™s voice,1
808,6,attendant,1
809,6,barry,1
810,6,casting director #3,1
811,6,chandler and monica,1
812,6,customers,1
813,6,emil alexander,1
814,6,female jeweler,1
815,6,girl,1
816,6,guy,1
817,6,guy #1,1
818,6,guy all the way in the back,1
819,6,janine [to chandler],1
820,6,joeyâ€™s head,1
821,6,lisa,1
822,6,lydia,1
823,6,manâ€™s voice,1
824,6,mel,1
825,6,monica and phoebe,1
826,6,narrator,1
827,6,nurse,1
828,6,passerby,1
829,6,phoebe and monica,1
830,6,phoebe and ross,1
831,6,professor feesen,1
832,6,rachel and monica,1
833,6,richardâ€™s date,1
834,6,same manâ€™s voice,1
835,6,sarah,1
836,6,second dorm guy,1
837,6,stephanie,1
838,6,the guys,1
839,6,the vampire,1
840,6,zoe,1
841,6,{note,1
842,7,rachel,1097
843,7,joey,949
844,7,monica,911
845,7,chandler,855
846,7,ross,839
847,7,phoebe,811
848,7,tag,131
849,7,mr. geller,60
850,7,ben,57
851,7,cecilia,49
852,7,david,37
853,7,richard,35
854,7,melissa,33
855,7,earl,29
856,7,the director,29
857,7,kristen,27
858,7,woman,25
859,7,erin,23
860,7,mrs. geller,22
861,7,policeman,22
862,7,conan,21
863,7,helena,18
864,7,janice,18
865,7,cassie,16
866,7,all,15
867,7,jennifer,15
868,7,matt,15
869,7,megan,15
870,7,courtney,14
871,7,the woman,13
872,7,ursula,13
873,7,carol,10
874,7,lewis,10
875,7,morse,10
876,7,terry,10
877,7,the casting director,10
878,7,lisa,9
879,7,man,9
880,7,phoebe and rachel,9
881,7,teleplay by,9
882,7,dina,8
883,7,kyle,8
884,7,matthew,8
885,7,supervisor,8
886,7,whitney,8
887,7,mr. zelner,7
888,7,mrs. bing,7
889,7,the waiter,7
890,7,tom,7
891,7,guy,6
892,7,gary,5
893,7,gunther,5
894,7,jake,5
895,7,mr. bing,5
896,7,the fireman,5
897,7,hilda,4
898,7,jessica ashley,4
899,7,jessica lockhart,4
900,7,monica and phoebe,4
901,7,the assistant director,4
902,7,the rabbi,4
903,7,a woman,3
904,7,announcer,3
905,7,aunt millie,3
906,7,estelle,3
907,7,fat joey,3
908,7,joey and ross,3
909,7,joeyâ€™s date,3
910,7,maitre d',3
911,7,rachel and monica,3
912,7,salesman,3
913,7,the cute guy,3
914,7,{transcriberâ€™s note,3
915,7,[flashback to,2
916,7,c.h.e.e.s.e,2
917,7,frannie,2
918,7,julie,2
919,7,kathy,2
920,7,mac,2
921,7,monica and chandler,2
922,7,the chorus line,2
923,7,the head librarian,2
924,7,the man,2
925,7,the photographer,2
926,7,the wedding guest,2
927,7,waiter in drag,2
928,7,"(why was this the trailer? well, thatâ€™s because it was an introduction into the special out takes episode that immediately followed the show. the entire out takes episode, friends",1
929,7,a disembodied voice,1
930,7,a waiter in drag,1
931,7,dr. stryker ramoray,1
932,7,fat monica,1
933,7,female student,1
934,7,fredrick,1
935,7,hosted by,1
936,7,joey and chandler,1
937,7,"joey, rachel, and phoebe",1
938,7,lisa kudrow,1
939,7,male guest,1
940,7,male student,1
941,7,marge,1
942,7,matthew perry,1
943,7,nurse #1,1
944,7,nurse #2,1
945,7,part i written by,1
946,7,phoebe and ross,1
947,7,rachel and joey,1
948,7,ross and joey,1
949,7,ross and rachel,1
950,7,smoke detector,1
951,7,"the ""hey guy"" guy",1
952,7,the colonel,1
953,7,the knocker,1
954,7,the librarian,1
955,7,the man in the sportscar,1
956,7,the other woman,1
957,7,the presenter,1
958,7,the second guest,1
959,7,the waitress,1
960,7,the writer,1
961,7,transcriberâ€™s note,1
962,7,waitress,1
963,8,rachel,1057
964,8,ross,928
965,8,joey,868
966,8,monica,782
967,8,phoebe,746
968,8,chandler,644
969,8,mona,90
970,8,eric,62
971,8,will,50
972,8,dr. long,37
973,8,mrs. green,37
974,8,parker,33
975,8,the interviewer,32
976,8,dr. green,27
977,8,janice,24
978,8,dina,23
979,8,man,21
980,8,woman,21
981,8,cliff,20
982,8,the cooking teacher,20
983,8,tim,19
984,8,ursula,17
985,8,doug,16
986,8,mrs. geller,16
987,8,nurse,16
988,8,tag,15
989,8,brenda,14
990,8,jim,13
991,8,don,12
992,8,trudie styler,12
993,8,bob,11
994,8,mrs. verhoeven's daughter,10
995,8,mr. franklin,9
996,8,dennis phillips,8
997,8,dr. schiff,8
998,8,kash,8
999,8,mr. treeger,8
1000,8,waiter,8
1001,8,bobby,7
1002,8,cashier,7
1003,8,gunther,7
1004,8,julie,7
1005,8,katie,7
1006,8,little girl,7
1007,8,marc,7
1008,8,the teacher,7
1009,8,boy in the cape,6
1010,8,evil bitch,6
1011,8,guy,6
1012,8,joey's co-star,6
1013,8,mr. geller,6
1014,8,ray,6
1015,8,stu,6
1016,8,ticket agent,6
1017,8,aunt lisa,5
1018,8,kristen,5
1019,8,mr. zelner,5
1020,8,photographer,5
1021,8,stripper,5
1022,8,airline employee,4
1023,8,all,4
1024,8,anxious wedding guest,4
1025,8,girl,4
1026,8,hooker,4
1027,8,joey's date,4
1028,8,mrs. bing,4
1029,8,ross and rachel,4
1030,8,teleplay by,4
1031,8,ballerina,3
1032,8,bandleader,3
1033,8,ben,3
1034,8,doctor,3
1035,8,dr. drake ramoray,3
1036,8,estelle,3
1037,8,gert,3
1038,8,janine,3
1039,8,man at the wedding,3
1040,8,mona's date,3
1041,8,the food critic,3
1042,8,waiter no. 2,3
1043,8,woman at the wedding,3
1044,8,[time lapse,2
1045,8,fat girl,2
1046,8,front desk clerk,2
1047,8,jill,2
1048,8,kids,2
1049,8,mike,2
1050,8,second girl,2
1051,8,sick bastard,2
1052,8,sid,2
1053,8,student,2
1054,8,{transcriberâ€™s note,2
1055,8,[another group of flashbacks begin with episode 513,1
1056,8,[another series of flashbacks begins with episode 413,1
1057,8,[another set of flashbacks begin with episode 521,1
1058,8,[the final one is from episode 607,1
1059,8,[the next one is from episode 204,1
1060,8,[the next one is from episode 224,1
1061,8,[the next one is from episode 304,1
1062,8,[the next one is from episode 322,1
1063,8,[the next one is from episode 401,1
1064,8,[the next one is from episode 417,1
1065,8,[the next one is from episode 507,1
1066,8,[the next one is from episode 512,1
1067,8,[the next one is from episode 603,1
1068,8,[the next one is from episode 604,1
1069,8,[the next one is from episode 605,1
1070,8,[the next one is from episode 608,1
1071,8,[the next one is from episode 609,1
1072,8,[the next one is from episode 613,1
1073,8,[the next one is from episode 619,1
1074,8,[the next one is from episode 706,1
1075,8,[the next one is from episode 711,1
1076,8,[the next one is from episode 712,1
1077,8,[the next one is from episode 722,1
1078,8,"[they gang all lean back to listen better, and this starts another series of flashbacks. the first one is from episode 214",1
1079,8,[this starts a series of flashbacks; the first one is from episode 106,1
1080,8,[this starts another series of flashbacks about joeyâ€™s hobbies. the first one is from episode 703,1
1081,8,ashley,1
1082,8,both,1
1083,8,chandler and monica,1
1084,8,clown,1
1085,8,cowgirl,1
1086,8,director,1
1087,8,erin,1
1088,8,host,1
1089,8,kid,1
1090,8,lauren,1
1091,8,lisa kudrow,1
1092,8,locksmith,1
1093,8,monica and phoebe,1
1094,8,mr. and mrs. geller,1
1095,8,part i written by,1
1096,8,phoebe and rachel,1
1097,8,"phoebe, ross, and rachel",1
1098,8,roger,1
1099,8,ross and will,1
1100,8,the acting teacher,1
1101,8,the girls,1
1102,8,uncle dan,1
1103,8,waitress,1
1104,8,witch,1
1105,8,woman giving birth,1
1106,9,ross,827
1107,9,monica,774
1108,9,joey,765
1109,9,rachel,763
1110,9,chandler,735
1111,9,phoebe,631
1112,9,mike,246
1113,9,charlie,191
1114,9,david,101
1115,9,scene,73
1116,9,amy,56
1117,9,sandy,27
1118,9,mr. geller,22
1119,9,receptionist,20
1120,9,zack,20
1121,9,waiter,17
1122,9,bitsy,16
1123,9,woman,13
1124,9,bill,12
1125,9,hayley,12
1126,9,joey/drake,11
1127,9,janice,10
1128,9,theodore,9
1129,9,manny,8
1130,9,ms. mckenna,8
1131,9,actress/olivia,7
1132,9,gunther,7
1133,9,kori,7
1134,9,nurse,7
1135,9,professor spafford,6
1136,9,sarah,6
1137,9,doctor connelly,5
1138,9,everyone,5
1139,9,tom,5
1140,9,catherine,4
1141,9,kevin,4
1142,9,man with a bow tie,4
1143,9,mary ellen,4
1144,9,mr. oberblau,4
1145,9,prospective nanny,4
1146,9,"rachel, phoebe",4
1147,9,"ross, rachel",4
1148,9,teleplay,4
1149,9,written by,4
1150,9,"', '  scene",3
1151,9,[time lapse,3
1152,9,all,3
1153,9,bitter lady,3
1154,9,director,3
1155,9,dirk,3
1156,9,ken,3
1157,9,rachel and monica,3
1158,9,steve,3
1159,9,transcribed by,3
1160,9,voice outside,3
1161,9,3rd customer,2
1162,9,alexandra steele,2
1163,9,amy ,2
1164,9,assistant,2
1165,9,claudia,2
1166,9,directed by,2
1167,9,dr. gettleman,2
1168,9,girl,2
1169,9,maitre d',2
1170,9,matthew ashford,2
1171,9,message,2
1172,9,monica & chandler,2
1173,9,narrator from tv,2
1174,9,paleontologist,2
1175,9,part 1 written by,2
1176,9,phoebe & mike,2
1177,9,"phoebe, mike",2
1178,9,professore clerk,2
1179,9,rachel/actress,2
1180,9,ross and charlie,2
1181,9,ross and rachel,2
1182,9,"ross, mike",2
1183,9,sally,2
1184,9,sandy/grumpus,2
1185,9,second message,2
1186,9,stranger,2
1187,9,tv,2
1188,9,waiters,2
1189,9,"', ""  cut to",1
1190,9,1st customer,1
1191,9,2nd customer,1
1192,9,aired,1
1193,9,amy & rachel,1
1194,9,bitter woman,1
1195,9,boy,1
1196,9,chandlers,1
1197,9,chase lassiter,1
1198,9,everybody,1
1199,9,everyone almost simultaneously except ross,1
1200,9,everyone but monica,1
1201,9,hayley's roommate,1
1202,9,jane,1
1203,9,jeanette,1
1204,9,joey and phoebe,1
1205,9,joey/wigglemunch,1
1206,9,kyle lowder,1
1207,9,monica ,1
1208,9,monica and ross,1
1209,9,"monica, chandler, joey",1
1210,9,"monica, chandler, phoebe, joey",1
1211,9,ms. geller,1
1212,9,note 1,1
1213,9,phoebe & joey,1
1214,9,phoebecutting in,1
1215,9,prof. sherman,1
1216,9,professor sherman,1
1217,9,racel,1
1218,9,rache,1
1219,9,rachel cutting in,1
1220,9,"rachel, chandler and monica",1
1221,9,ross ,1
1222,9,ross & rachel,1
1223,9,ross & rachel ,1
1224,9,shop assistant,1
1225,9,strange man,1
1226,9,"this is only to be put up on friends - greatest sitcom ', '(http",1
1227,10,ross,776
1228,10,rachel,687
1229,10,monica,628
1230,10,joey,626
1231,10,chandler,622
1232,10,phoebe,615
1233,10,mike,115
1234,10,erica,76
1235,10,amy,65
1236,10,charlie,45
1237,10,benjamin,36
1238,10,laura,28
1239,10,gene,27
1240,10,roy,22
1241,10,charity guy,18
1242,10,scene,18
1243,10,mr zelner,17
1244,10,sarah,14
1245,10,[scene,13
1246,10,all,13
1247,10,doctor,13
1248,10,janice,12
1249,10,agency guy,11
1250,10,mackenzie,11
1251,10,precious,11
1252,10,missy,10
1253,10,mr campbell,10
1254,10,donny,8
1255,10,man,8
1256,10,mark,8
1257,10,passenger #1,8
1258,10,air stewardess,7
1259,10,gate attendant #2,6
1260,10,monica ,6
1261,10,phoebe ,6
1262,10,clerk,5
1263,10,director,5
1264,10,dr. green,5
1265,10,nurse,5
1266,10,rachel ,5
1267,10,commercial break  [scene,4
1268,10,gate attendant #1,4
1269,10,girl,4
1270,10,gunther,4
1271,10,lady,4
1272,10,opening credits  [scene,4
1273,10,phoebe-estelle,4
1274,10,waiter,4
1275,10,announcer,3
1276,10,both,3
1277,10,chandler ,3
1278,10,chandler and ross,3
1279,10,maitre d',3
1280,10,mr zellner,3
1281,10,passenger #2,3
1282,10,rita,3
1283,10,[flashback scene,2
1284,10,adrienne,2
1285,10,all ,2
1286,10,dr. biely,2
1287,10,dr. li,2
1288,10,erica ,2
1289,10,everybody,2
1290,10,joey ,2
1291,10,mike's father,2
1292,10,mike's mom,2
1293,10,phoebe and joey,2
1294,10,realtor,2
1295,10,  phoebe,1
1296,10,  rachel,1
1297,10,(the commercial,1
1298,10,(we see the screen where it says,1
1299,10,"<"">phoebe",1
1300,10,"<"">ross",1
1301,10,"[flashback, year 1987. chandler enters the school's   corridor. ross is hanging some flyers on the wall. both   have a funny 80s hair and clothes.]  ross",1
1302,10,"[we get back to the class of '91 reunion, where ross   and chandler are still looking at missy.]  chandler",1
1303,10,adoption agency guy,1
1304,10,casting assistant,1
1305,10,chandler and monica,1
1306,10,donny osmond,1
1307,10,henrietta,1
1308,10,host,1
1309,10,jennifer,1
1310,10,jennifer aniston ,1
1311,10,joey and chandler,1
1312,10,"joey's voice, but she sees ross",1
1313,10,joey's voice/ross,1
1314,10,mike ,1
1315,10,mike's dad,1
1316,10,mike's mother,1
1317,10,monica and chandler,1
1318,10,monica and rachel,1
1319,10,"monica, chandler and phoebe",1
1320,10,passenger #3,1
1321,10,phoebe and rachel,1
1322,10,"phoebe, ross, rachel",1
1323,10,pizza guy,1
1324,10,r zelner,1
1325,10,rachel and monica,1
1326,10,rachel/ross,1
1327,10,ross ,1
1328,10,"roy, the male stripper",1
1329,10,stage manager,1
1330,10,tape,1
1331,10,teleplay by,1
1332,10,the guys,1
1333,10,ticket agent,1
1334,10,time lapse  ross,1
1335,10,woman,1
