Program [1],Full-time Equivalent Students (FFTE) [2],Number of Students [3],% with full-time load [4],"Inter- 
national Students [5]",Year,Department
Arts and Contemporary Studies,365.9,424,75.00%,4,2016-2017,Arts
Criminology,480.3,515,85.00%,1,2016-2017,Arts
Double Major,16.7,17,94.10%,,2016-2017,Arts
English,368,410,84.90%,3,2016-2017,Arts
Environment & Urban Sustainability,275,293,87.00%,13,2016-2017,Arts
Geographical Analysis,208.2,246,82.90%,3,2016-2017,Arts
History,194,226,85.00%,2,2016-2017,Arts
International Economics,341.9,409,61.40%,38,2016-2017,Arts
Language and Intercultural Relations,40.2,46,,3,2016-2017,Arts
Philosophy,114.5,124,80.60%,,2016-2017,Arts
Politics and Governance,388.3,419,86.40%,11,2016-2017,Arts
Psychology,481.9,534,81.50%,11,2016-2017,Arts
Public Administration (PT),86.8,164,3.00%,1,2016-2017,Arts
Social Science - undeclared,92.7,104,95.20%,1,2016-2017,Arts
Sociology,470.3,526,83.10%,10,2016-2017,Arts
Ted Rogers School of Management,"9,798.40","10,792",73.10%,451,2016-2017,TRSM
Accounting and Finance,992.4,"1,032",89.40%,69,2016-2017,TRSM
Business Management,"5,702.50","6,088",81.00%,206,2016-2017,TRSM
Business Management (PT),144.1,312,,4,2016-2017,TRSM
Business Technology Management (2-year program),36.5,38,44.70%,5,2016-2017,TRSM
Business Technology Management (4-year program),"1,550.60","1,678",,42,2016-2017,TRSM
Business Technology Management (PT) (2-year program),7.5,16,56.90%,,2016-2017,TRSM
Business Technology Management (PT) (4-year program),133.7,204,16.20%,,2016-2017,TRSM
Health Information Management (PT),12.2,33,,,2016-2017,TRSM
Health Services Management (PT),42,94,2.10%,,2016-2017,TRSM
Hospitality and Tourism Management,679.2,751,88.70%,104,2016-2017,TRSM
Retail Management,489.9,530,68.10%,,2016-2017,TRSM
Retail Management (PT),7.6,16,0,,2016-2017,TRSM
Communication and Design,"5,173.10","5,394",86.90%,147,2016-2017,Communication and Design
Creative Industries,611.9,644,85.20%,21,2016-2017,Communication and Design
Fashion,609.6,659,79.80%,20,2016-2017,Communication and Design
Graphic Communication Management,617.9,665,89.80%,26,2016-2017,Communication and Design
Image Arts,589.6,632,89.40%,16,2016-2017,Communication and Design
Interior Design,377.2,401,76.10%,24,2016-2017,Communication and Design
Journalism (4-Year Program),542.3,529,83.40%,9,2016-2017,Communication and Design
New Media,228.4,231,95.20%,7,2016-2017,Communication and Design
Professional Communication,298.6,308,94.50%,10,2016-2017,Communication and Design
RTA: Media Production,687.8,683,89.30%,8,2016-2017,Communication and Design
Sport Media,199.1,208,98.60%,1,2016-2017,Communication and Design
Performance: Acting,84.6,89,92.10%,,2016-2017,Communication and Design
Performance: Dance,121.8,127,92.90%,,2016-2017,Communication and Design
Performance: Technical Production,204.6,218,83.00%,5,2016-2017,Communication and Design
Community Services,"5,335.80","6,552",72.40%,93,2016-2017,Community Services
Child and Youth Care (FT),479.5,601,81.00%,6,2016-2017,Community Services
Child and Youth Care (PT),44.4,150,0.70%,,2016-2017,Community Services
Disability Studies (PT),50.9,134,1.50%,,2016-2017,Community Services
Early Child Education,713.6,760,92.20%,28,2016-2017,Community Services
Early Child Education (PT),50.9,90,1.10%,,2016-2017,Community Services
Midwifery,73.5,73,75.30%,,2016-2017,Community Services
Midwifery (PT),38.2,46,39.10%,,2016-2017,Community Services
Nursing (4-year Program),736.1,768,93.80%,15,2016-2017,Community Services
Nursing (Cent/GB years 3 & 4),314.9,638,98.60%,3,2016-2017,Community Services
Nursing Post (FT) (2-Year Program),143.1,202,33.70%,,2016-2017,Community Services
Nursing Post (PT) (2-year Program),183.5,303,15.50%,,2016-2017,Community Services
Nutrition and Food,408.8,451,63.20%,13,2016-2017,Community Services
Occupational and Public Health (2-year Program),215.4,188,86.20%,3,2016-2017,Community Services
Occupational and Public Health (4-year Program),540.6,570,70.70%,10,2016-2017,Community Services
Social Work,803.5,902,79.00%,5,2016-2017,Community Services
Social Work (PT),105.5,220,17.70%,,2016-2017,Community Services
Urban and Regional Planning (2-year program),44.9,45,91.10%,1,2016-2017,Community Services
Urban and Regional Planning (4-year program),388.5,411,94.90%,9,2016-2017,Community Services
Engineering and Architectural Science,"4,650.40","5,085",69.30%,326,2016-2017,Engineering and Architectural Science
Aerospace Engineering,462.1,520,62.10%,46,2016-2017,Engineering and Architectural Science
Architectural Science,457.7,494,71.70%,22,2016-2017,Engineering and Architectural Science
Biomedical Engineering,357.4,379,71.50%,36,2016-2017,Engineering and Architectural Science
Chemical Engineering,401.7,478,67.60%,41,2016-2017,Engineering and Architectural Science
Civil Engineering,742.1,772,68.00%,37,2016-2017,Engineering and Architectural Science
Computer Engineering,401.7,426,77.00%,15,2016-2017,Engineering and Architectural Science
Electrical Engineering,698.8,774,69.80%,38,2016-2017,Engineering and Architectural Science
Engineering - undeclared,68.3,129,87.60%,4,2016-2017,Engineering and Architectural Science
Industrial Engineering,257.9,285,66.00%,30,2016-2017,Engineering and Architectural Science
Mechanical Engineering,802.8,828,67.40%,57,2016-2017,Engineering and Architectural Science
Science,"2,692.40","2,886",72.00%,117,2016-2017,Science
Biology,622.7,655,70.80%,13,2016-2017,Science
Biomedical Science,492.9,505,78.20%,21,2016-2017,Science
Chemistry,213.9,241,56.00%,6,2016-2017,Science
Computer Science,814.5,871,77.40%,36,2016-2017,Science
Computer Science (PT),32,40,37.50%,,2016-2017,Science
Comtemporary Science - undeclared,62.8,88,73.90%,1,2016-2017,Science
Financial Mathematics,135.8,138,71.70%,18,2016-2017,Science
Mathematics,127.7,144,57.60%,10,2016-2017,Science
Medical Physics,190.1,204,73.00%,12,2016-2017,Science
Arts,"3,832.70","4,314",76.40%,87,2015-2016,Arts
Arts and Contemporary Studies,409.4,476,77.50%,5,2015-2016,Arts
Criminal Justice,461.6,490,87.60%,2,2015-2016,Arts
English,338.6,377,88.10%,2,2015-2016,Arts
Environment & Urban Sustainability,269.5,280,92.10%,10,2015-2016,Arts
Geographical Analysis,236.5,271,59.40%,3,2015-2016,Arts
History,185,208,83.70%,,2015-2016,Arts
International Economics,333.5,398,61.80%,36,2015-2016,Arts
Justice Studies (PT),2,6,,,2015-2016,Arts
Philosophy,89.7,97,88.70%,1,2015-2016,Arts
Politics and Governance,370.3,390,64.10%,11,2015-2016,Arts
Psychology,491.6,540,81.70%,8,2015-2016,Arts
Public Administration (PT),98.8,174,8.60%,,2015-2016,Arts
Social Science - undeclared,80.4,94,90.40%,2,2015-2016,Arts
Sociology,465.9,513,87.50%,7,2015-2016,Arts
Ted Rogers School of Management,"9,568.50","10,545",71.20%,339,2015-2016,TRSM
Accounting and Finance,732.9,774,88.60%,38,2015-2016,TRSM
Business Management,"5,697.40","6,040",81.10%,169,2015-2016,TRSM
Business Management (PT),169.2,354,0.60%,4,2015-2016,TRSM
Business Technology Management (2-year program),40.8,48,41.70%,1,2015-2016,TRSM
Business Technology Management (4-year program),"1,572.00","1,682",59.20%,35,2015-2016,TRSM
Business Technology Management (PT) (2-year program),9,17,11.80%,,2015-2016,TRSM
Business Technology Management (PT) (4-year program),148.8,241,13.70%,1,2015-2016,TRSM
Health Information Management (PT),12.9,39,,,2015-2016,TRSM
Health Services Management (PT),36.7,88,,,2015-2016,TRSM
Hospitality and Tourism Management,669.6,747,68.80%,70,2015-2016,TRSM
Retail Management,472,503,71.40%,21,2015-2016,TRSM
Retail Management (PT),7.4,12,,,2015-2016,TRSM
Communication and Design,"4,933.30","5,058",85.50%,97,2015-2016,Communication and Design
Creative Industries,472.7,483,85.90%,9,2015-2016,Communication and Design
Fashion,606.1,644,80.40%,13,2015-2016,Communication and Design
Graphic Communication Management,596.1,619,81.40%,8,2015-2016,Communication and Design
Image Arts,637.7,675,90.20%,16,2015-2016,Communication and Design
Interior Design,388.6,411,78.30%,19,2015-2016,Communication and Design
Journalism (4-Year Program),576,551,84.20%,7,2015-2016,Communication and Design
Media Production,720.6,708,82.20%,7,2015-2016,Communication and Design
New Media,173,176,96.60%,6,2015-2016,Communication and Design
Professional Communication,204.7,210,95.20%,5,2015-2016,Communication and Design
Sport Media,130.2,139,98.60%,1,2015-2016,Communication and Design
Theatre - Acting,89.8,91,96.70%,,2015-2016,Communication and Design
Theatre - Dance,115.7,123,93.50%,2,2015-2016,Communication and Design
Theatre - Technical Production,222,228,87.30%,4,2015-2016,Communication and Design
Community Services,"5,273.30","6,401",69.30%,75,2015-2016,Community Services
Child and Youth Care (FT),475,590,60.70%,4,2015-2016,Community Services
Child and Youth Care (PT),41.4,144,0.70%,,2015-2016,Community Services
Disability Studies (PT),57.3,163,3.70%,,2015-2016,Community Services
Early Child Education,725.7,749,78.90%,20,2015-2016,Community Services
Early Child Education (PT),52.9,93,3.20%,,2015-2016,Community Services
Midwifery,84.7,89,74.20%,,2015-2016,Community Services
Midwifery (PT),30.8,42,42.90%,,2015-2016,Community Services
Nursing (4-year Program),715.2,746,95.40%,14,2015-2016,Community Services
Nursing (Cent/GB years 3 & 4),324.4,664,98.90%,4,2015-2016,Community Services
Nursing Post (FT) (2-Year Program),112.8,155,36.80%,,2015-2016,Community Services
Nursing Post (PT) (2-year Program),188.4,301,19.30%,,2015-2016,Community Services
Nutrition and Food,398,441,59.40%,14,2015-2016,Community Services
Occupational and Public Health (2-year Program),231.8,204,86.80%,3,2015-2016,Community Services
Occupational and Public Health (4-year Program),541.8,566,72.80%,6,2015-2016,Community Services
Social Work,737.6,824,73.50%,5,2015-2016,Community Services
Social Work (PT),131.7,185,38.90%,,2015-2016,Community Services
Urban and Regional Planning (2-year program),44.7,42,92.90%,,2015-2016,Community Services
Urban and Regional Planning (4-year program),379,403,83.90%,5,2015-2016,Community Services
Engineering and Architectural Science,"4,470.60","4,912",68.90%,327,2015-2016,Engineering and Architectural Science
Aerospace Engineering,463.8,514,58.90%,45,2015-2016,Engineering and Architectural Science
Architectural Science,435.8,480,72.30%,24,2015-2016,Engineering and Architectural Science
Biomedical Engineering,332.8,359,73.50%,36,2015-2016,Engineering and Architectural Science
Chemical Engineering,394.1,457,70.70%,32,2015-2016,Engineering and Architectural Science
Civil Engineering,708.3,751,71.80%,37,2015-2016,Engineering and Architectural Science
Computer Engineering,342.2,376,73.70%,14,2015-2016,Engineering and Architectural Science
Electrical Engineering,686.1,773,68.20%,49,2015-2016,Engineering and Architectural Science
Engineering - undeclared,105.2,116,89.70%,12,2015-2016,Engineering and Architectural Science
Industrial Engineering,249,279,60.90%,28,2015-2016,Engineering and Architectural Science
Mechanical Engineering,753.3,807,65.80%,50,2015-2016,Engineering and Architectural Science
Science,"2,452.10","2,604",74.00%,83,2015-2016,Science
Biology,613.1,637,70.80%,11,2015-2016,Science
Biomedical Science,370.8,376,79.50%,10,2015-2016,Science
Chemistry,215.1,238,59.20%,4,2015-2016,Science
Computer Science,745.4,785,80.10%,21,2015-2016,Science
Computer Science (PT),27.5,34,29.40%,,2015-2016,Science
Comtemporary Science - undeclared,68.4,95,77.90%,,2015-2016,Science
Financial Mathematics,107.2,113,76.10%,12,2015-2016,Science
Mathematics,138,151,72.20%,12,2015-2016,Science
Medical Physics,166.7,175,73.70%,13,2015-2016,Science
Arts,"3,586.20","4,070",74.00%,63,2014-2015,Arts
Arts and Contemporary Studies,431.4,502,79.90%,3,2014-2015,Arts
Criminal Justice,454,495,85.90%,3,2014-2015,Arts
English,316.4,338,89.60%,2,2014-2015,Arts
Environment & Urban Sustainability,206.6,216,89.80%,5,2014-2015,Arts
Geographical Analysis,240.3,279,54.50%,2,2014-2015,Arts
History,151.9,166,91.00%,,2014-2015,Arts
International Economics,331.1,367,63.80%,28,2014-2015,Arts
Justice Studies (PT),2.1,4,,,2014-2015,Arts
Philosophy,63.6,73,90.40%,,2014-2015,Arts
Politics and Governance,339.3,364,58.50%,8,2014-2015,Arts
Psychology,478.1,538,78.60%,4,2014-2015,Arts
Public Administration (PT),99.7,199,3.00%,,2014-2015,Arts
Social Science - undeclared,61.2,72,81.90%,2,2014-2015,Arts
Sociology,410.5,457,84.50%,6,2014-2015,Arts
Ted Rogers School of Management,"9,306.70","10,365",69.50%,279,2014-2015,TRSM
Accounting and Finance,498.2,533,88.00%,28,2014-2015,TRSM
Business Management,"5,659.80","5,981",80.80%,145,2014-2015,TRSM
Business Management (PT),218.6,482,0.60%,3,2014-2015,TRSM
Business Technology Management (2-year program),38.3,44,50.00%,1,2014-2015,TRSM
Business Technology Management (4-year program),"1,494.40","1,610",60.00%,27,2014-2015,TRSM
Business Technology Management (PT) (2-year program),10.5,17,,1,2014-2015,TRSM
Business Technology Management (PT) (4-year program),170.5,269,16.70%,1,2014-2015,TRSM
Health Information Management (PT),13,36,,,2014-2015,TRSM
Health Services Management (PT),41.1,100,,,2014-2015,TRSM
Hospitality and Tourism Management,685.8,769,67.00%,57,2014-2015,TRSM
Retail Management,465.2,503,69.80%,16,2014-2015,TRSM
Retail Management (PT),11.4,21,,,2014-2015,TRSM
Communication and Design,"4,562.10","4,729",84.90%,81,2014-2015,Communication and Design
Creative Industries,315.4,341,80.40%,7,2014-2015,Communication and Design
Fashion,601.2,638,81.30%,12,2014-2015,Communication and Design
Graphic Communication Management,555.7,592,79.40%,9,2014-2015,Communication and Design
Image Arts,680.7,716,90.50%,14,2014-2015,Communication and Design
Interior Design,388.1,409,79.70%,14,2014-2015,Communication and Design
Journalism (4-Year Program),603.6,564,87.20%,6,2014-2015,Communication and Design
Media Production,685.7,709,83.50%,7,2014-2015,Communication and Design
New Media,107.8,116,93.10%,5,2014-2015,Communication and Design
Professional Communication,118.7,122,99.20%,3,2014-2015,Communication and Design
Sport Media,54.8,65,93.80%,,2014-2015,Communication and Design
Theatre - Acting,90.4,94,92.60%,,2014-2015,Communication and Design
Theatre - Dance,125,124,96.00%,1,2014-2015,Communication and Design
Theatre - Technical Production,235.1,239,82.80%,3,2014-2015,Communication and Design
Community Services,"5,168.80","6,296",68.40%,56,2014-2015,Community Services
Child and Youth Care (FT),467.2,565,57.30%,4,2014-2015,Community Services
Child and Youth Care (PT),35.2,124,,,2014-2015,Community Services
Disability Studies (PT),57,161,0.60%,,2014-2015,Community Services
Early Child Education,723.4,752,80.70%,15,2014-2015,Community Services
Early Child Education (PT),66.1,105,1.00%,,2014-2015,Community Services
Midwifery,89.2,84,72.60%,,2014-2015,Community Services
Midwifery (PT),30.9,45,44.40%,,2014-2015,Community Services
Nurse Practitioner (FT) (2-year Program),1.1,3,,,2014-2015,Community Services
Nursing (4-year Program),701.6,733,94.30%,8,2014-2015,Community Services
Nursing (Cent/GB years 3 & 4),327,662,98.60%,3,2014-2015,Community Services
Nursing Post (FT) (2-Year Program),89.1,123,46.30%,,2014-2015,Community Services
Nursing Post (PT) (2-year Program),233.1,367,19.60%,,2014-2015,Community Services
Nutrition and Food,389.1,434,55.10%,9,2014-2015,Community Services
Occupational and Public Health (2-year Program),207.9,189,84.70%,3,2014-2015,Community Services
Occupational and Public Health (4-year Program),515.3,550,70.90%,3,2014-2015,Community Services
Social Work,694,760,78.20%,5,2014-2015,Community Services
Social Work (PT),128.9,198,29.30%,,2014-2015,Community Services
Urban and Regional Planning (2-year program),45.1,45,93.30%,1,2014-2015,Community Services
Urban and Regional Planning (4-year program),367.6,396,85.10%,5,2014-2015,Community Services
Engineering and Architectural Science,"4,172.10","4,590",66.60%,311,2014-2015,Engineering and Architectural Science
Aerospace Engineering,444.1,480,62.10%,45,2014-2015,Engineering and Architectural Science
Architectural Science,413.5,453,69.50%,21,2014-2015,Engineering and Architectural Science
Biomedical Engineering,302.4,336,64.00%,34,2014-2015,Engineering and Architectural Science
Chemical Engineering,367.7,427,65.80%,23,2014-2015,Engineering and Architectural Science
Civil Engineering,675.6,715,68.70%,41,2014-2015,Engineering and Architectural Science
Computer Engineering,289.1,324,70.10%,17,2014-2015,Engineering and Architectural Science
Electrical Engineering,658.2,734,66.10%,48,2014-2015,Engineering and Architectural Science
Engineering - undeclared,59.5,104,86.50%,5,2014-2015,Engineering and Architectural Science
Industrial Engineering,238.9,267,65.20%,28,2014-2015,Engineering and Architectural Science
Mechanical Engineering,723.1,750,64.10%,49,2014-2015,Engineering and Architectural Science
Science,"2,166.70","2,371",71.10%,71,2014-2015,Science
Biology,611.2,659,64.00%,10,2014-2015,Science
Biomedical Science,245.5,259,84.90%,9,2014-2015,Science
Chemistry,206.9,217,76.50%,2,2014-2015,Science
Computer Science,648,717,74.50%,19,2014-2015,Science
Computer Science (PT),12.2,22,4.50%,,2014-2015,Science
Comtemporary Science - undeclared,86.1,106,73.60%,3,2014-2015,Science
Financial Mathematics,64,66,74.20%,7,2014-2015,Science
Mathematics,124.8,135,62.20%,12,2014-2015,Science
Medical Physics,167.9,190,69.50%,9,2014-2015,Science
Arts,"3,376.50","3,860",75.00%,49,2013-2014,Arts
Arts and Contemporary Studies,476.6,536,81.50%,3,2013-2014,Arts
Criminal Justice,458.5,485,88.00%,3,2013-2014,Arts
English,228.4,246,92.70%,,2013-2014,Arts
Environment & Urban Sustainability,140.2,150,93.30%,1,2013-2014,Arts
Geographical Analysis,257.9,291,56.40%,5,2013-2014,Arts
History,110.6,124,88.70%,,2013-2014,Arts
International Economics,311.8,356,59.30%,25,2013-2014,Arts
Justice Studies (PT),5.4,11,,,2013-2014,Arts
Philosophy,30.1,35,85.70%,,2013-2014,Arts
Politics and Governance,311.1,345,83.20%,7,2013-2014,Arts
Psychology,493.7,544,80.90%,2,2013-2014,Arts
Public Administration (PT),115.1,238,4.60%,,2013-2014,Arts
Social Science - undeclared,68,78,93.60%,1,2013-2014,Arts
Sociology,369.1,421,79.80%,2,2013-2014,Arts
Ted Rogers School of Management,"9,006.00","10,078",68.90%,258,2013-2014,Ted Rogers School of Management
Accounting and Finance,283.7,299,93.00%,13,2013-2014,Ted Rogers School of Management
Business Management,"5,657.40","6,009",80.90%,152,2013-2014,Ted Rogers School of Management
Business Management (PT),232.3,518,0.20%,4,2013-2014,Ted Rogers School of Management
Business Technology Management (2-year program),26.7,34,32.40%,1,2013-2014,Ted Rogers School of Management
Business Technology Management (4-year program),"1,427.90","1,514",58.60%,23,2013-2014,Ted Rogers School of Management
Business Technology Management (PT) (2-year program),9.5,18,,1,2013-2014,Ted Rogers School of Management
Business Technology Management (PT) (4-year program),165.7,275,11.60%,2,2013-2014,Ted Rogers School of Management
Health Information Management (PT),15.6,48,,,2013-2014,Ted Rogers School of Management
Health Services Management (PT),49.1,111,0.90%,,2013-2014,Ted Rogers School of Management
Hospitality and Tourism Management,668.3,739,71.70%,51,2013-2014,Ted Rogers School of Management
Retail Management,458.3,490,69.60%,11,2013-2014,Ted Rogers School of Management
Retail Management (PT),11.6,23,17.40%,,2013-2014,Ted Rogers School of Management
Communication and Design,"4,241.80","4,403",82.00%,79,2013-2014,Communication and Design
Creative Industries,175.7,198,86.90%,5,2013-2014,Communication and Design
Fashion,604.9,629,82.80%,10,2013-2014,Communication and Design
Graphic Communication Management,526.8,574,55.90%,7,2013-2014,Communication and Design
Image Arts,703.6,743,91.10%,20,2013-2014,Communication and Design
Interior Design,395.2,412,79.90%,16,2013-2014,Communication and Design
Journalism (4-Year Program),590.3,560,84.50%,7,2013-2014,Communication and Design
New Media,44.8,55,74.50%,1,2013-2014,Communication and Design
Professional Communication,58.4,63,95.20%,2,2013-2014,Communication and Design
Radio and Television Arts,691.3,699,83.30%,9,2013-2014,Communication and Design
Theatre - Acting,94.5,99,92.90%,1,2013-2014,Communication and Design
Theatre - Dance,121.9,126,92.90%,1,2013-2014,Communication and Design
Theatre - Technical Production,234.3,245,92.70%,,2013-2014,Communication and Design
Community Services,"4,978.80","6,179",60.20%,43,2013-2014,Community Services
Child and Youth Care (FT),385.3,516,56.60%,6,2013-2014,Community Services
Child and Youth Care (PT),46.8,118,1.70%,,2013-2014,Community Services
Disability Studies (PT),60.1,166,1.20%,,2013-2014,Community Services
Early Child Education,744.1,764,78.30%,11,2013-2014,Community Services
Early Child Education (PT),71.2,118,4.20%,,2013-2014,Community Services
Midwifery,85.2,86,74.40%,,2013-2014,Community Services
Midwifery (PT),27.9,37,35.10%,,2013-2014,Community Services
Nurse Practitioner (FT) (2-year Program),1.7,4,,,2013-2014,Community Services
Nursing (4-year Program),683,722,60.80%,8,2013-2014,Community Services
Nursing (Cent/GB years 3 & 4),319.3,625,84.60%,3,2013-2014,Community Services
Nursing Post (FT) (2-Year Program),111.3,142,52.10%,1,2013-2014,Community Services
Nursing Post (PT) (2-year Program),240.9,461,14.10%,,2013-2014,Community Services
Nutrition and Food,374.1,408,59.10%,5,2013-2014,Community Services
Occupational and Public Health (2-year Program),145,172,50.60%,1,2013-2014,Community Services
Occupational and Public Health (4-year Program),465.9,505,65.70%,1,2013-2014,Community Services
Social Work,685.3,745,72.80%,3,2013-2014,Community Services
Social Work (PT),129.6,161,46.00%,,2013-2014,Community Services
Urban and Regional Planning (2-year program),46,48,87.50%,1,2013-2014,Community Services
Urban and Regional Planning (4-year program),356.2,381,84.30%,3,2013-2014,Community Services
Engineering and Architectural Science,"3,867.90","4,259",65.60%,297,2013-2014,Engineering and Architectural Science
Aerospace Engineering,421.8,467,58.20%,40,2013-2014,Engineering and Architectural Science
Architectural Science,414.3,440,74.30%,18,2013-2014,Engineering and Architectural Science
Biomedical Engineering,283.3,315,61.90%,40,2013-2014,Engineering and Architectural Science
Chemical Engineering,348.6,379,69.70%,25,2013-2014,Engineering and Architectural Science
Civil Engineering,628,668,71.00%,34,2013-2014,Engineering and Architectural Science
Computer Engineering,249.1,282,68.80%,22,2013-2014,Engineering and Architectural Science
Electrical Engineering,606,682,63.50%,42,2013-2014,Engineering and Architectural Science
Engineering - undeclared,62,114,81.60%,8,2013-2014,Engineering and Architectural Science
Industrial Engineering,198.5,218,60.10%,27,2013-2014,Engineering and Architectural Science
Mechanical Engineering,656.3,694,59.50%,41,2013-2014,Engineering and Architectural Science
Science,"1,898.40","2,096",68.80%,55,2013-2014,Science
Biology,599.6,656,61.10%,10,2013-2014,Science
Biomedical Science,125.4,142,89.40%,5,2013-2014,Science
Chemistry,183.9,196,66.30%,2,2013-2014,Science
Computer Science,567.4,629,77.10%,18,2013-2014,Science
Computer Science (PT),11.8,20,,,2013-2014,Science
Comtemporary Science - undeclared,93.8,108,68.50%,2,2013-2014,Science
Financial Mathematics,30.8,36,75.00%,2,2013-2014,Science
Mathematics,119.3,125,67.20%,11,2013-2014,Science
Medical Physics,166.3,184,62.50%,5,2013-2014,Science
Arts,"3,064.00","3,600",72.80%,42,2012-2013,Arts
Arts and Contemporary Studies,496.1,557,82.80%,3,2012-2013,Arts
Criminal Justice,425.7,466,81.30%,3,2012-2013,Arts
English,163.3,175,90.90%,1,2012-2013,Arts
Environment & Urban Sustainability,66.5,73,93.20%,,2012-2013,Arts
Geographical Analysis,260.7,302,59.90%,4,2012-2013,Arts
History,62.5,72,95.80%,,2012-2013,Arts
International Economics,280.4,330,56.40%,24,2012-2013,Arts
Justice Studies (PT),8.5,15,13.30%,,2012-2013,Arts
Politics and Governance,296.5,333,83.50%,5,2012-2013,Arts
Psychology,497,550,79.30%,,2012-2013,Arts
Public Administration (PT),123.2,245,3.70%,,2012-2013,Arts
Social Science - undeclared,43.6,81,88.90%,,2012-2013,Arts
Sociology,340,401,80.00%,2,2012-2013,Arts
Ted Rogers School of Management,"8,324.50","9,577",67.50%,216,2012-2013,TRSM
Business Management,"5,487.30","5,903",81.70%,132,2012-2013,TRSM
Business Management (PT),238,543,0.20%,2,2012-2013,TRSM
Business Technology Management (2-year program),39.7,46,56.50%,1,2012-2013,TRSM
Business Technology Management (4-year program),"1,280.40","1,394",57.20%,22,2012-2013,TRSM
Business Technology Management (PT) (2-year program),11.6,26,3.80%,,2012-2013,TRSM
Business Technology Management (PT) (4-year program),153.7,291,7.90%,1,2012-2013,TRSM
Health Information Management (PT),14.9,45,,,2012-2013,TRSM
Health Services Management (PT),48.2,125,1.60%,,2012-2013,TRSM
Hospitality and Tourism Management,609.7,717,66.50%,48,2012-2013,TRSM
Retail Management,432,465,68.20%,10,2012-2013,TRSM
Retail Management (PT),8.8,22,4.50%,,2012-2013,TRSM
Communication and Design,"4,018.80","4,020",85.20%,69,2012-2013,Communication and Design
Fashion,581.7,609,82.40%,7,2012-2013,Communication and Design
Graphic Communication Management,490.2,532,78.80%,11,2012-2013,Communication and Design
Image Arts,791.1,783,90.00%,18,2012-2013,Communication and Design
Interior Design,386.9,408,70.10%,13,2012-2013,Communication and Design
Journalism (4-Year Program),632.5,552,94.90%,9,2012-2013,Communication and Design
Radio and Television Arts,673.3,670,84.20%,6,2012-2013,Communication and Design
Theatre - Acting,91.1,92,93.50%,1,2012-2013,Communication and Design
Theatre - Dance,122.3,123,93.50%,1,2012-2013,Communication and Design
Theatre - Technical Production,249.8,251,90.00%,3,2012-2013,Communication and Design
Community Services,"4,858.30","6,149",61.40%,34,2012-2013,Community Services
Child and Youth Care (FT),349.7,461,56.00%,4,2012-2013,Community Services
Child and Youth Care (PT),48.8,134,,,2012-2013,Community Services
Disability Studies (PT),67.1,191,1.00%,,2012-2013,Community Services
Early Child Education,714.2,753,77.80%,9,2012-2013,Community Services
Early Child Education (PT),84.2,138,5.10%,,2012-2013,Community Services
Midwifery,87.1,89,75.30%,,2012-2013,Community Services
Midwifery (PT),25.3,40,27.50%,,2012-2013,Community Services
Nurse Practitioner (FT) (2-year Program),3.4,11,,,2012-2013,Community Services
Nursing (4-year Program),657.6,678,81.70%,7,2012-2013,Community Services
Nursing (Cent/GB years 3 & 4),311.5,627,82.60%,3,2012-2013,Community Services
Nursing Post (FT) (2-Year Program),149.2,173,63.00%,,2012-2013,Community Services
Nursing Post (PT) (2-year Program),262.1,494,15.80%,,2012-2013,Community Services
Nutrition and Food,357.1,392,58.20%,3,2012-2013,Community Services
Occupational and Public Health (2-year Program),129.2,162,45.70%,1,2012-2013,Community Services
Occupational and Public Health (4-year Program),407.3,453,64.20%,2,2012-2013,Community Services
Social Work,695.2,754,74.90%,2,2012-2013,Community Services
Social Work (PT),109.1,177,32.80%,,2012-2013,Community Services
Urban and Regional Planning (2-year program),41.7,43,90.70%,,2012-2013,Community Services
Urban and Regional Planning (4-year program),358.6,379,86.50%,3,2012-2013,Community Services
Engineering and Architectural Science,"3,603.90","4,038",66.30%,281,2012-2013,Engineering and Architectural Science
Aerospace Engineering,392,431,63.30%,36,2012-2013,Engineering and Architectural Science
Architectural Science,397.5,434,71.20%,19,2012-2013,Engineering and Architectural Science
Biomedical Engineering,263.8,305,54.80%,38,2012-2013,Engineering and Architectural Science
Chemical Engineering,319.5,373,66.50%,26,2012-2013,Engineering and Architectural Science
Civil Engineering,581.4,616,71.80%,39,2012-2013,Engineering and Architectural Science
Computer Engineering,235.2,281,66.90%,22,2012-2013,Engineering and Architectural Science
Electrical Engineering,585.9,656,66.60%,37,2012-2013,Engineering and Architectural Science
Engineering - undeclared,58.1,104,83.70%,1,2012-2013,Engineering and Architectural Science
Industrial Engineering,173.1,199,57.80%,27,2012-2013,Engineering and Architectural Science
Mechanical Engineering,597.4,639,64.60%,36,2012-2013,Engineering and Architectural Science
Science,"1,596.20","1,818",67.80%,35,2012-2013,Science
Biology,573.9,645,64.70%,7,2012-2013,Science
Chemistry,165.3,189,61.40%,3,2012-2013,Science
Computer Science,520,580,74.10%,14,2012-2013,Science
Computer Science (PT),2.2,4,,,2012-2013,Science
Comtemporary Science - undeclared,91.7,123,65.00%,,2012-2013,Science
Mathematics,95.7,109,69.70%,7,2012-2013,Science
Medical Physics,147.4,168,67.30%,4,2012-2013,Science
Arts,"2,773.30","3,265",72.80%,34,2011-2012,Arts
Arts and Contemporary Studies,524.8,609,80.50%,2,2011-2012,Arts
Criminal Justice,400.3,432,84.00%,5,2011-2012,Arts
English,88.1,93,95.70%,,2011-2012,Arts
Geographical Analysis,274.3,308,69.20%,4,2011-2012,Arts
International Economics,260.4,303,60.40%,17,2011-2012,Arts
Justice Studies (PT),10,19,5.30%,,2011-2012,Arts
Politics and Governance,253.1,296,80.70%,4,2011-2012,Arts
Psychology,469.3,517,78.90%,1,2011-2012,Arts
Public Administration (PT),126.5,233,3.90%,,2011-2012,Arts
Social Science - undeclared,64.9,114,86.80%,,2011-2012,Arts
Sociology,301.7,341,82.70%,1,2011-2012,Arts
Ted Rogers School of Management,"8,009.90","9,248",65.10%,215,2011-2012,TRSM
Business Management,"5,238.30","5,636",79.90%,128,2011-2012,TRSM
Business Management (PT),241.4,557,0.50%,7,2011-2012,TRSM
Business Technology Management (2-year program),38,44,59.10%,,2011-2012,TRSM
Business Technology Management (4-year program),"1,211.40","1,341",51.20%,25,2011-2012,TRSM
Business Technology Management (PT) (2-year program),12.5,24,4.20%,,2011-2012,TRSM
Business Technology Management (PT) (4-year program),168.5,297,10.40%,,2011-2012,TRSM
Health Information Management (PT),13,34,,,2011-2012,TRSM
Health Services Management (PT),46.8,118,1.70%,,2011-2012,TRSM
Hospitality and Tourism Management,603,710,65.20%,44,2011-2012,TRSM
Retail Management,425.1,464,66.40%,11,2011-2012,TRSM
Retail Management (PT),11.8,23,8.70%,,2011-2012,TRSM
Communication and Design,"3,776.40","3,901",82.80%,73,2011-2012,Communication and Design
Fashion,547.5,583,84.60%,9,2011-2012,Communication and Design
Graphic Communication Management,449.7,472,80.30%,7,2011-2012,Communication and Design
Image Arts,756.4,791,85.00%,16,2011-2012,Communication and Design
Interior Design,361.1,392,69.10%,14,2011-2012,Communication and Design
Journalism (4-Year Program),589,556,87.20%,7,2011-2012,Communication and Design
Radio and Television Arts,630.5,650,78.90%,11,2011-2012,Communication and Design
Theatre - Acting,84.4,89,87.60%,2,2011-2012,Communication and Design
Theatre - Dance,120.3,128,91.40%,3,2011-2012,Communication and Design
Theatre - Technical Production,237.6,240,92.90%,4,2011-2012,Communication and Design
Community Services,"4,790.50","6,183",59.60%,33,2011-2012,Community Services
Child and Youth Care (FT),330.6,421,59.60%,2,2011-2012,Community Services
Child and Youth Care (PT),56.8,157,0.60%,,2011-2012,Community Services
Disability Studies (PT),71.3,195,,,2011-2012,Community Services
Early Child Education,722,753,77.70%,10,2011-2012,Community Services
Early Child Education (PT),93.9,151,6.60%,1,2011-2012,Community Services
Midwifery,71.1,76,72.40%,,2011-2012,Community Services
Midwifery (PT),28.4,44,34.10%,,2011-2012,Community Services
Nurse Practitioner (FT) (2-year Program),3.7,15,,,2011-2012,Community Services
Nursing (4-year Program),625.8,658,77.20%,8,2011-2012,Community Services
Nursing (Cent/GB years 3 & 4),325.7,645,84.00%,1,2011-2012,Community Services
Nursing Post (FT) (2-Year Program),158.1,198,56.10%,,2011-2012,Community Services
Nursing Post (PT) (2-year Program),255.8,582,8.90%,,2011-2012,Community Services
Nutrition and Food,369.1,409,58.40%,3,2011-2012,Community Services
Occupational and Public Health (2-year Program),124.8,156,39.70%,2,2011-2012,Community Services
Occupational and Public Health (4-year Program),383.1,421,65.80%,2,2011-2012,Community Services
Social Work,674.5,747,76.80%,3,2011-2012,Community Services
Social Work (PT),118.5,152,42.10%,,2011-2012,Community Services
Urban and Regional Planning (2-year program),47.2,49,89.80%,,2011-2012,Community Services
Urban and Regional Planning (4-year program),330,354,82.80%,1,2011-2012,Community Services
Engineering and Architectural Science,"3,378.90","3,763",67.50%,250,2011-2012,Engineering and Architectural Science
Aerospace Engineering,383.1,410,66.10%,36,2011-2012,Engineering and Architectural Science
Architectural Science,428.3,477,68.80%,14,2011-2012,Engineering and Architectural Science
Biomedical Engineering,241.3,270,64.80%,21,2011-2012,Engineering and Architectural Science
Chemical Engineering,266.5,294,69.40%,20,2011-2012,Engineering and Architectural Science
Civil Engineering,569.3,595,76.60%,35,2011-2012,Engineering and Architectural Science
Computer Engineering,206.1,245,65.70%,20,2011-2012,Engineering and Architectural Science
Electrical Engineering,524.4,588,67.30%,41,2011-2012,Engineering and Architectural Science
Engineering - undeclared,61.1,106,83.00%,2,2011-2012,Engineering and Architectural Science
Industrial Engineering,146.2,169,54.40%,20,2011-2012,Engineering and Architectural Science
Mechanical Engineering,552.4,609,60.80%,41,2011-2012,Engineering and Architectural Science
Science,"1,431.70","1,641",63.00%,47,2011-2012,Science
Biology,532.8,607,58.30%,10,2011-2012,Science
Chemistry,154.4,178,52.80%,5,2011-2012,Science
Computer Science,459.3,510,72.50%,17,2011-2012,Science
Computer Science (PT),3.2,6,16.70%,,2011-2012,Science
Comtemporary Science - undeclared,80.5,106,54.70%,2,2011-2012,Science
Mathematics,77.3,89,66.30%,6,2011-2012,Science
Medical Physics,124.2,145,67.60%,7,2011-2012,Science
Arts,"2,572.40","2,998",73.2,32,2010-2011,Arts
Arts and Contemporary Studies,537.7,601,83.9,3,2010-2011,Arts
Criminal Justice,363.6,387,86.8,3,2010-2011,Arts
Geographical Analysis,261.1,287,66.9,4,2010-2011,Arts
International Economics,217.7,253,66,14,2010-2011,Arts
Justice Studies (PT),15.2,28,17.9,0,2010-2011,Arts
Politics and Governance,247.4,276,80.4,3,2010-2011,Arts
Psychology,460.2,514,80.4,3,2010-2011,Arts
Public Administration (PT),124.5,244,4.1,0,2010-2011,Arts
Social Science - undeclared,77.4,104,90.4,0,2010-2011,Arts
Sociology,267.6,304,82.9,2,2010-2011,Arts
Business,"7,572.90","8,592",68.8,210,2010-2011,TRSM
Administration and Information Management (PT),1.7,4,0,0,2010-2011,TRSM
Business Management,"4,936.50","5,285",77.8,137,2010-2011,TRSM
Business Management (PT),264.1,595,0.7,3,2010-2011,TRSM
Hospitality and Tourism Management,607.1,686,69.5,34,2010-2011,TRSM
Business Technology Management (4-year program),"1,155.60","1,233",79,27,2010-2011,TRSM
Business Technology Management (PT) (4-year program),181.8,323,14.2,1,2010-2011,TRSM
Business Technology Management (2-year program),8.1,8,37.5,0,2010-2011,TRSM
Business Technology Management (PT) (2-year program),7.8,12,25,0,2010-2011,TRSM
Retail Management,398,422,68.7,8,2010-2011,TRSM
Retail Management (PT),12.1,24,4.2,0,2010-2011,TRSM
Communication and Design,"3,710.00","3,775",83.4,67,2010-2011,Communication and Design
Fashion,541.4,571,86.3,7,2010-2011,Communication and Design
Graphic Communication Management,436.7,460,77.8,9,2010-2011,Communication and Design
Image Arts,701.9,721,86.8,12,2010-2011,Communication and Design
Interior Design,365.6,395,69.6,15,2010-2011,Communication and Design
Journalism (4-Year Program),589.8,546,81.1,8,2010-2011,Communication and Design
Radio and Television Arts,634.5,634,86.3,9,2010-2011,Communication and Design
Theatre - Acting,88.4,94,85.1,1,2010-2011,Communication and Design
Theatre - Dance,125.5,127,92.1,3,2010-2011,Communication and Design
Theatre - Technical Production,226.2,227,92.1,3,2010-2011,Communication and Design
Community Services,"4,817.80","6,299",51.2,36,2010-2011,Community Services
Child and Youth Care (FT),301.9,400,27.5,1,2010-2011,Community Services
Child and Youth Care (PT),72.2,179,1.1,0,2010-2011,Community Services
Disability Studies (PT),82.1,214,1.4,0,2010-2011,Community Services
Early Child Education,691.4,712,75.1,10,2010-2011,Community Services
Early Child Education (PT),91.1,150,5.3,3,2010-2011,Community Services
Health Information Management (PT),14.7,48,0,0,2010-2011,Community Services
Health Services Management (PT),44.9,109,0.9,1,2010-2011,Community Services
Midwifery,82.3,82,69.5,0,2010-2011,Community Services
Midwifery (PT),22.9,40,27.5,0,2010-2011,Community Services
Nursing (4-year Program),635.6,649,66.9,5,2010-2011,Community Services
Nursing (Cent/GB years 3 & 4),329.3,656,85.5,0,2010-2011,Community Services
Nursing Post (FT) (2-Year Program),172.4,206,42.2,1,2010-2011,Community Services
Nursing Post (PT) (2-year Program),295.6,619,12.9,1,2010-2011,Community Services
Nurse Practitioner (FT) (2-year Program),2.8,14,0,0,2010-2011,Community Services
Nutrition and Food,366.6,407,57.2,3,2010-2011,Community Services
Occupational and Public Health (4-year Program),362.3,382,74.3,2,2010-2011,Community Services
Occupational and Public Health (2-year Program),118.6,147,49.7,1,2010-2011,Community Services
Social Work,633.7,708,47.3,2,2010-2011,Community Services
Social Work (PT),130.6,178,43.8,0,2010-2011,Community Services
Urban and Regional Planning (4-year program),319.4,352,82.4,5,2010-2011,Community Services
Urban and Regional Planning (2-year program),47.4,47,93.6,1,2010-2011,Community Services
Engineering and Applied Science,"4,564.00","4,499",72.7,276,2010-2011,Engineering and Applied Science
Aerospace Engineering,362.2,385,74.8,34,2010-2011,Engineering and Applied Science
Applied Chemistry and Biology,0.5,1,0,0,2010-2011,Engineering and Applied Science
Architectural Science,454.7,499,70.5,20,2010-2011,Engineering and Applied Science
Biology,492,529,67.7,13,2010-2011,Engineering and Applied Science
Biomedical Engineering,194.7,212,76.9,14,2010-2011,Engineering and Applied Science
Chemical Engineering,246.8,299,64.2,15,2010-2011,Engineering and Applied Science
Chemistry,161.4,169,69.8,4,2010-2011,Engineering and Applied Science
Civil Engineering,537.2,542,81.2,37,2010-2011,Engineering and Applied Science
Computer Engineering,196.8,232,72,16,2010-2011,Engineering and Applied Science
Computer Science,435,475,78.5,16,2010-2011,Engineering and Applied Science
Computer Science (PT),2.2,7,0,0,2010-2011,Engineering and Applied Science
Comtemporary Science - undeclared,82.8,108,76.9,1,2010-2011,Engineering and Applied Science
Electrical Engineering,468.5,518,70.1,36,2010-2011,Engineering and Applied Science
Engineering - undeclared,52,83,92.8,4,2010-2011,Engineering and Applied Science
Industrial Engineering,136.8,160,60,16,2010-2011,Engineering and Applied Science
Mathematics,56.7,57,75.4,6,2010-2011,Engineering and Applied Science
Mechanical Engineering,561.1,586,72.2,40,2010-2011,Engineering and Applied Science
Medical Physics,122.6,137,70.1,4,2010-2011,Engineering and Applied Science
Arts,"2,408.80","2,828",72,34,2009-2010,Arts
Arts and Contemporary Studies,504.3,563,82.8,6,2009-2010,Arts
Criminal Justice,352.8,398,81.4,1,2009-2010,Arts
Diploma in Arts,0.6,1,0,0,2009-2010,Arts
Geographical Analysis,226.5,250,62.4,4,2009-2010,Arts
International Economics,209.7,239,70.7,12,2009-2010,Arts
Justice Studies (PT),19.6,34,17.6,0,2009-2010,Arts
Politics and Governance,232.8,265,79.6,2,2009-2010,Arts
Psychology,427.6,462,85.3,5,2009-2010,Arts
Public Administration (PT),127.7,257,4.7,0,2009-2010,Arts
Social Science - undeclared,61.8,81,90.1,1,2009-2010,Arts
Sociology,245.5,278,80.6,3,2009-2010,Arts
Business,"7,182.40","8,167",69,219,2009-2010,TRSM
Administration and Information Management (PT),4.3,5,20,0,2009-2010,TRSM
Business Management,"4,636.80","4,921",80.3,131,2009-2010,TRSM
Business Management (PT),334.4,696,0.3,5,2009-2010,TRSM
Hospitality and Tourism Management,585.2,647,74.2,42,2009-2010,TRSM
Information Technology Management (4-year program),"1,044.70","1,115",79.2,29,2009-2010,TRSM
Information Technology Management (PT) (4-year program),196.3,353,16.7,2,2009-2010,TRSM
Information Technology Management (2-year program),14.6,19,57.9,0,2009-2010,TRSM
Information Technology Management (PT) (2-year program),8.1,16,18.8,0,2009-2010,TRSM
Retail Management,340.1,363,65.8,10,2009-2010,TRSM
Retail Management (PT),17.9,32,12.5,0,2009-2010,TRSM
Communication and Design,"3,456.30","3,649",82.2,73,2009-2010,Communication and Design
Fashion,559.3,571,90.4,8,2009-2010,Communication and Design
Graphic Communication Management,400.7,417,77.9,9,2009-2010,Communication and Design
Image Arts,638.1,691,80.9,10,2009-2010,Communication and Design
Interior Design,324.1,370,64.1,18,2009-2010,Communication and Design
Journalism (4-Year Program),516.1,554,81.8,9,2009-2010,Communication and Design
Radio and Television Arts,593.5,615,82.4,12,2009-2010,Communication and Design
Theatre - Acting,87.1,89,95.5,1,2009-2010,Communication and Design
Theatre - Dance,125.9,129,90.7,3,2009-2010,Communication and Design
Theatre - Technical Production,211.5,213,93.9,3,2009-2010,Communication and Design
Community Services,"4,841.70","6,172",55,41,2009-2010,Community Services
Child and Youth Care (FT),414.3,342,83.9,1,2009-2010,Community Services
Child and Youth Care (PT),94.7,209,6.2,0,2009-2010,Community Services
Disability Studies (PT),71.3,190,1.6,1,2009-2010,Community Services
Early Child Education,648.3,695,75.7,12,2009-2010,Community Services
Early Child Education (PT),82.2,134,1.5,2,2009-2010,Community Services
Health Information Management (PT),14.7,45,0,0,2009-2010,Community Services
Health Services Management (PT),41.3,105,1,0,2009-2010,Community Services
Midwifery,56.5,68,14.7,1,2009-2010,Community Services
Midwifery (PT),34.8,52,19.2,0,2009-2010,Community Services
Nursing (4-year Program),626.6,650,65.4,3,2009-2010,Community Services
Nursing (Cent/GB years 3 & 4),358.7,649,86.4,1,2009-2010,Community Services
Nursing Post (FT) (2-Year Program),148.6,86,34.4,0,2009-2010,Community Services
Nursing Post (PT) (2-year Program),318,718,9.5,0,2009-2010,Community Services
Nurse Practitioner (FT) (2-year Program),9.9,8,0,0,2009-2010,Community Services
Nurse Practitioner (PT) (2-year Program),4.6,0,0,0,2009-2010,Community Services
Nutrition and Food,373.3,403,66,7,2009-2010,Community Services
Occupational and Public Health (4-year Program),334.9,360,69.2,2,2009-2010,Community Services
Occupational and Public Health (2-year Program),127.5,155,48.4,2,2009-2010,Community Services
Social Work,639.1,698,67.8,3,2009-2010,Community Services
Social Work (PT),99.9,137,37.2,0,2009-2010,Community Services
Urban and Regional Planning (4-year program),299.4,324,83,5,2009-2010,Community Services
Urban and Regional Planning (2-year program),42.8,44,93.2,1,2009-2010,Community Services
Engineering and Applied Science,"4,346.10","4,758",73.5,269,2009-2010,Engineering and Applied Science
Aerospace Engineering,335.5,365,76.2,31,2009-2010,Engineering and Applied Science
Applied Chemistry and Biology,4.4,9,11.1,0,2009-2010,Engineering and Applied Science
Architectural Science,489,564,65.2,27,2009-2010,Engineering and Applied Science
Biology,488.8,495,73.3,11,2009-2010,Engineering and Applied Science
Biomedical Engineering,150.3,150,84.7,6,2009-2010,Engineering and Applied Science
Chemical Engineering,247.1,274,71.5,13,2009-2010,Engineering and Applied Science
Chemistry,158.2,161,83.2,3,2009-2010,Engineering and Applied Science
Civil Engineering,484.7,506,76.7,32,2009-2010,Engineering and Applied Science
Computer Engineering,187,214,78.5,14,2009-2010,Engineering and Applied Science
Computer Science,399.5,419,79.2,13,2009-2010,Engineering and Applied Science
Computer Science (PT),2,4,0,0,2009-2010,Engineering and Applied Science
Comtemporary Science - undeclared,84.3,107,64,1,2009-2010,Engineering and Applied Science
Electrical Engineering,460.2,510,75.1,41,2009-2010,Engineering and Applied Science
Engineering - undeclared,47.3,80,78.8,1,2009-2010,Engineering and Applied Science
Industrial Engineering,135,150,67.3,15,2009-2010,Engineering and Applied Science
Mathematics,32.5,31,77.4,4,2009-2010,Engineering and Applied Science
Mechanical Engineering,515.8,591,67.3,51,2009-2010,Engineering and Applied Science
Medical Physics,124.5,128,71.1,5,2009-2010,Engineering and Applied Science
Arts,null,"2,517",74.1,33,2008-2009,Arts
Arts and Contemporary Studies,null,501,86.4,6,2008-2009,Arts
Criminal Justice,null,350,88.6,2,2008-2009,Arts
Diploma in Arts,null,3,66.7,,2008-2009,Arts
Geographical Analysis,null,234,72.2,3,2008-2009,Arts
International Economics,null,216,60.6,11,2008-2009,Arts
Justice Studies (PT),null,46,17.4,,2008-2009,Arts
Politics and Governance,null,231,87,2,2008-2009,Arts
Psychology,null,356,87.9,3,2008-2009,Arts
Public Administration (PT),null,253,4,1,2008-2009,Arts
Social Science - undeclared,null,86,90.7,1,2008-2009,Arts
Sociology,null,241,87.1,4,2008-2009,Arts
Business,null,"7,728",66.8,241,2008-2009,TRSM
Administration and Information Management (PT),null,8,0,,2008-2009,TRSM
Business Management,null,"4,251",80.5,131,2008-2009,TRSM
Business Management (PT),null,"1,039",18.7,13,2008-2009,TRSM
Hospitality and Tourism Management,null,627,76.9,47,2008-2009,TRSM
Information Technology Management (4-year program),null,"1,054",76.6,35,2008-2009,TRSM
Information Technology Management (PT) (4-year program),null,357,11.5,3,2008-2009,TRSM
Information Technology Management (2-year program),null,17,64.7,,2008-2009,TRSM
Information Technology Management (PT) (2-year program),null,15,13.3,,2008-2009,TRSM
Retail Management,null,319,59.2,10,2008-2009,TRSM
Retail Management (PT),null,41,22,2,2008-2009,TRSM
Communication and Design,null,"3,648",86.4,72,2008-2009,Communication and Design
Fashion,null,576,86.8,8,2008-2009,Communication and Design
Graphic Communication Management,null,424,78.3,13,2008-2009,Communication and Design
Image Arts,null,663,82.2,11,2008-2009,Communication and Design
Interior Design,null,379,82.1,14,2008-2009,Communication and Design
Journalism (4-Year Program),null,551,91.5,11,2008-2009,Communication and Design
Journalism (2-Year Program),null,3,66.7,,2008-2009,Communication and Design
Radio and Television Arts,null,625,89.1,10,2008-2009,Communication and Design
Theatre - Acting,null,92,91.3,,2008-2009,Communication and Design
Theatre - Dance,null,123,95.1,3,2008-2009,Communication and Design
Theatre - Technical Production,null,212,94.3,2,2008-2009,Communication and Design
Community Services,null,"5,989",56.4,41,2008-2009,Community Services
Child and Youth Care (FT),null,289,86.5,2,2008-2009,Community Services
Child and Youth Care (PT),null,203,4.9,,2008-2009,Community Services
Disability Studies (PT),null,184,1.6,1,2008-2009,Community Services
Early Child Education,null,710,76.1,8,2008-2009,Community Services
Early Child Education (PT),null,145,6.9,,2008-2009,Community Services
Health Information Management (PT),null,50,0,,2008-2009,Community Services
Health Services Management (PT),null,102,0,,2008-2009,Community Services
Midwifery,null,58,31,,2008-2009,Community Services
Midwifery (PT),null,58,22.4,,2008-2009,Community Services
Nursing (4-year Program),null,662,68,3,2008-2009,Community Services
Nursing (Cent/GB years 3 & 4),null,596,89.4,2,2008-2009,Community Services
Nursing Post (FT) (2-Year Program),null,173,38.7,2,2008-2009,Community Services
Nursing Post (PT) (2-year Program),null,704,12.2,1,2008-2009,Community Services
Nurse Practitioner (FT) (2-year Program),null,12,0,,2008-2009,Community Services
Nurse Practitioner (PT) (2-year Program),null,12,0,,2008-2009,Community Services
Nutrition and Food,null,407,65.8,10,2008-2009,Community Services
Occupational and Public Health (4-year Program),null,312,73.7,2,2008-2009,Community Services
Occupational and Public Health (2-year Program),null,151,53,2,2008-2009,Community Services
Social Work,null,674,69.7,4,2008-2009,Community Services
Social Work (PT),null,140,35.7,,2008-2009,Community Services
Urban and Regional Planning (4-year program),null,300,84.3,4,2008-2009,Community Services
Urban and Regional Planning (2-year program),null,47,97.9,,2008-2009,Community Services
Engineering and Applied Science,null,"4,593",71.6,316,2008-2009,Engineering and Applied Science
Aerospace Engineering,null,370,76.2,38,2008-2009,Engineering and Applied Science
Applied Chemistry and Biology,null,34,52.9,4,2008-2009,Engineering and Applied Science
Architectural Science,null,627,77.7,30,2008-2009,Engineering and Applied Science
Biology,null,467,71.1,21,2008-2009,Engineering and Applied Science
Biomedical Engineering,null,68,85.3,7,2008-2009,Engineering and Applied Science
Chemical Engineering,null,278,62.9,17,2008-2009,Engineering and Applied Science
Chemistry,null,143,79,4,2008-2009,Engineering and Applied Science
Civil Engineering,null,416,72.6,40,2008-2009,Engineering and Applied Science
Computer Engineering,null,226,61.5,17,2008-2009,Engineering and Applied Science
Computer Science,null,422,77.3,19,2008-2009,Engineering and Applied Science
Computer Science (PT),null,9,11.1,,2008-2009,Engineering and Applied Science
Comtemporary Science - undeclared,null,107,78.5,3,2008-2009,Engineering and Applied Science
Electrical Engineering,null,522,61.1,36,2008-2009,Engineering and Applied Science
Engineering - undeclared,null,64,78.1,6,2008-2009,Engineering and Applied Science
Industrial Engineering,null,136,67.6,13,2008-2009,Engineering and Applied Science
Mathematics,null,16,75,3,2008-2009,Engineering and Applied Science
Mechanical Engineering,null,573,72.3,54,2008-2009,Engineering and Applied Science
Medical Physics,null,115,73.9,4,2008-2009,Engineering and Applied Science
Arts,"1,846.20","2,204",69,39,2007-2008,Arts
Arts and Contemporary Studies,432.8,483,78.9,6,2007-2008,Arts
Criminal Justice,271.6,293,93.9,2,2007-2008,Arts
Diploma in Arts,7.2,10,20,1,2007-2008,Arts
Geographical Analysis,183.9,206,63.6,4,2007-2008,Arts
International Economics,166.3,185,65.4,13,2007-2008,Arts
Justice Studies (PT),39.9,80,13.8,,2007-2008,Arts
Politics and Governance,163.4,174,89.7,1,2007-2008,Arts
Psychology,212.2,237,87.8,5,2007-2008,Arts
Public Administration (PT),143.9,284,6.3,1,2007-2008,Arts
Social Science - undeclared,54.9,64,85.9,2,2007-2008,Arts
Sociology,170.1,188,86.2,4,2007-2008,Arts
Business,"6,412.70","7,342",64.7,242,2007-2008,TRSM
Administration and Information Management (PT),5,12,,,2007-2008,TRSM
Business Management,"3,746.00","3,828",81.7,139,2007-2008,TRSM
Business Management (PT),652,"1,153",18.6,13,2007-2008,TRSM
Hospitality and Tourism Management,534.9,575,75.1,43,2007-2008,TRSM
Information Technology Management (4-year program),989.1,"1,080",69.7,35,2007-2008,TRSM
Information Technology Management (PT) (4-year program),177.1,349,6.6,4,2007-2008,TRSM
Information Technology Management (2-year program),8.4,9,77.8,,2007-2008,TRSM
Information Technology Management (PT) (2-year program),5.7,12,,,2007-2008,TRSM
Retail Management,277.7,298,64.1,8,2007-2008,TRSM
Retail Management (PT),16.8,26,11.5,,2007-2008,TRSM
Communication and Design,"3,472.40","3,668",83.9,66,2007-2008,Communication and Design
Fashion,560.4,603,72.3,7,2007-2008,Communication and Design
Graphic Communication Management,423.3,412,87.9,13,2007-2008,Communication and Design
Image Arts,639.2,675,83,13,2007-2008,Communication and Design
Interior Design,321.4,360,78.9,12,2007-2008,Communication and Design
Journalism (4-Year Program),523.4,539,88.1,9,2007-2008,Communication and Design
Journalism (2-Year Program),20.2,27,59.3,1,2007-2008,Communication and Design
Radio and Television Arts,599.3,635,88,9,2007-2008,Communication and Design
Theatre - Acting,75.4,82,92.7,,2007-2008,Communication and Design
Theatre - Dance,110.9,119,90.8,2,2007-2008,Communication and Design
Theatre - Technical Production,199.1,216,92.6,,2007-2008,Communication and Design
Community Services,"4,618.00","5,909",55.5,37,2007-2008,Community Services
Child and Youth Care (FT),247,215,92.6,,2007-2008,Community Services
Child and Youth Care (PT),105.9,230,6.1,,2007-2008,Community Services
Disability Studies (PT),62.4,175,0.6,1,2007-2008,Community Services
Early Child Education,682.3,691,81.8,5,2007-2008,Community Services
Early Child Education (PT),95.6,151,7.3,1,2007-2008,Community Services
Health Information Management (PT),16.3,50,,,2007-2008,Community Services
Health Services Management (PT),40.1,114,0.9,,2007-2008,Community Services
Midwifery,32.5,42,31,,2007-2008,Community Services
Midwifery (PT),39.7,56,25,,2007-2008,Community Services
Nursing (4-year Program),649.8,668,68.1,3,2007-2008,Community Services
Nursing (Cent/GB years 3 & 4),352.2,603,88.4,2,2007-2008,Community Services
Nursing Post (FT) (2-Year Program),156.2,173,42.8,2,2007-2008,Community Services
Nursing Post (PT) (2-year Program),337.3,728,10.9,1,2007-2008,Community Services
Nurse Practitioner (FT) (2-year Program),2.8,11,,,2007-2008,Community Services
Nurse Practitioner (PT) (2-year Program),2.3,22,,,2007-2008,Community Services
Nutrition and Food,345.5,369,56.4,7,2007-2008,Community Services
Occupational and Public Health (4-year Program),288.2,312,71.5,3,2007-2008,Community Services
Occupational and Public Health (2-year Program),119.7,144,47.2,,2007-2008,Community Services
Social Work,641.7,686,69.2,4,2007-2008,Community Services
Social Work (PT),72,111,33.3,,2007-2008,Community Services
Urban and Regional Planning (4-year program),283.9,310,85.8,8,2007-2008,Community Services
Urban and Regional Planning (2-year program),44.3,48,91.7,,2007-2008,Community Services
Engineering and Applied Science,"3,810.20","4,341",74.4,327,2007-2008,Engineering and Applied Science
Aerospace Engineering,340.7,373,74.3,38,2007-2008,Engineering and Applied Science
Applied Chemistry and Biology,75,95,67.4,7,2007-2008,Engineering and Applied Science
Architectural Science,565.7,609,83.4,34,2007-2008,Engineering and Applied Science
Biology,311.9,349,82.2,17,2007-2008,Engineering and Applied Science
Chemical Engineering,235.4,292,69.2,23,2007-2008,Engineering and Applied Science
Chemistry,120.7,124,83.1,4,2007-2008,Engineering and Applied Science
Civil Engineering,356.4,386,77.5,34,2007-2008,Engineering and Applied Science
Computer Engineering,185,220,75.9,23,2007-2008,Engineering and Applied Science
Computer Science,380.6,435,72.2,32,2007-2008,Engineering and Applied Science
Computer Science (PT),7.9,14,14.3,1,2007-2008,Engineering and Applied Science
Comtemporary Science - undeclared,68.9,78,70.5,1,2007-2008,Engineering and Applied Science
Electrical Engineering,444.5,535,65.9,43,2007-2008,Engineering and Applied Science
Industrial Engineering,145.1,165,73.3,18,2007-2008,Engineering and Applied Science
Mechanical Engineering,496.9,578,71.5,48,2007-2008,Engineering and Applied Science
Medical Physics,75.6,90,73.3,4,2007-2008,Engineering and Applied Science
Arts,1657.3,"1,917",72.4,49,2006-2007,Arts
Arts and Contemporary Studies,468.6,504,88.3,10,2006-2007,Arts
Criminal Justice,163.6,174,94.3,1,2006-2007,Arts
Diploma in Arts,64.1,64,85.9,8,2006-2007,Arts
Geographical Analysis,192.4,204,69.6,5,2006-2007,Arts
International Economics,163.6,172,68,14,2006-2007,Arts
Justice Studies (PT),42.4,75,17.3,,2006-2007,Arts
Politics and Governance,125,132,92.4,,2006-2007,Arts
Psychology,128.1,141,95,4,2006-2007,Arts
Public Administration (PT),115.7,223,4,1,2006-2007,Arts
Social Science - undeclared,61,74,73,2,2006-2007,Arts
Sociology,132.8,154,86.4,4,2006-2007,Arts
Business,"6,451.60","7,223",68,230,2006-2007,TRSM
Administration and Information Management,0.6,,,,2006-2007,TRSM
Administration and Information Management (PT),8.5,23,,,2006-2007,TRSM
Business Management,"3,656.70","3,709",83.6,121,2006-2007,TRSM
Business Management (PT),569,"1,001",19,7,2006-2007,TRSM
Hospitality and Tourism Management,514.8,550,76.4,40,2006-2007,TRSM
Information Technology Management (4-year program),"1,154.30","1,194",77.5,48,2006-2007,TRSM
Information Technology Management (PT) (4-year program),196.2,371,10,5,2006-2007,TRSM
Information Technology Management (2-year program),12.8,14,85.7,1,2006-2007,TRSM
Information Technology Management (PT) (2-year program),7.1,14,7.1,,2006-2007,TRSM
Retail Management,319.1,325,68.9,8,2006-2007,TRSM
Retail Management (PT),12.6,22,13.6,,2006-2007,TRSM
Communication and Design,"3,582.90","3,755",87,71,2006-2007,Communication and Design
Fashion,596.8,640,72.8,12,2006-2007,Communication and Design
Graphic Communication Management,422,416,87.7,11,2006-2007,Communication and Design
Image Arts,701,690,91.4,17,2006-2007,Communication and Design
Interior Design,306.9,340,85.6,10,2006-2007,Communication and Design
Journalism (4-Year Program),514.8,518,90.7,8,2006-2007,Communication and Design
Journalism (2-Year Program),73.5,85,78.8,1,2006-2007,Communication and Design
Radio and Television Arts (4-year Program),563.2,628,92.4,10,2006-2007,Communication and Design
Radio and Television Arts (2-year Program),0.1,,,,2006-2007,Communication and Design
Theatre Acting,83.8,94,89.4,,2006-2007,Communication and Design
Theatre Dance,118.3,125,91.2,,2006-2007,Communication and Design
Theatre Technical Production,202.6,219,91.3,2,2006-2007,Communication and Design
Community Services,"4,443.20","5,846",55,42,2006-2007,Community Services
Child and Youth Care (FT),100,109,91.7,,2006-2007,Community Services
Child and Youth Care (PT),109.2,234,6,,2006-2007,Community Services
Disability Studies (PT),62.6,157,0,,2006-2007,Community Services
Early Child Education,657,666,86,8,2006-2007,Community Services
Early Child Education (PT),116.5,156,3.8,,2006-2007,Community Services
Health Information Management (PT),14.2,47,,,2006-2007,Community Services
Health Services Management (PT),43,111,1.8,,2006-2007,Community Services
Midwifery,16.2,23,21.7,1,2006-2007,Community Services
Midwifery (PT),40.9,73,20.5,,2006-2007,Community Services
Nursing (4-year Program),665.2,694,67.9,6,2006-2007,Community Services
Nursing (Cent/GB years 3 & 4),284.6,567,89.2,4,2006-2007,Community Services
Critical Care Nursing (PT),1,2,0,,2006-2007,Community Services
Nursing Post (FT) (2-Year Program),85.5,116,17.2,,2006-2007,Community Services
Nursing Post (PT) (2-year Program),365.1,810,9.5,1,2006-2007,Community Services
Nurse Practitioner (FT) (2-year Program),1.8,9,,,2006-2007,Community Services
Nurse Practitioner (PT) (2-year Program),2.5,19,,,2006-2007,Community Services
Nutrition and Food,340.3,369,59.1,6,2006-2007,Community Services
Occupational and Public Health (4-year Program),269.4,273,82.1,5,2006-2007,Community Services
Occupational and Public Health (2-year Program),121.3,147,49.7,,2006-2007,Community Services
Social Work,689.1,733,69.4,4,2006-2007,Community Services
Social Work (PT),77.7,126,34.9,,2006-2007,Community Services
Urban and Regional Planning (4-year program),325.5,354,86.7,7,2006-2007,Community Services
Urban and Regional Planning (2-year program),54.5,51,98,,2006-2007,Community Services
Engineering and Applied Science,"3,731.40","4,185",76.3,285,2006-2007,Engineering and Applied Science
Aerospace Engineering,363.6,390,76.9,34,2006-2007,Engineering and Applied Science
Applied Chemistry and Biology,115.5,140,63.6,8,2006-2007,Engineering and Applied Science
Architectural Science,579.7,618,86.2,29,2006-2007,Engineering and Applied Science
Biology,204.3,232,92.7,9,2006-2007,Engineering and Applied Science
Chemical Engineering,211.5,256,62.1,18,2006-2007,Engineering and Applied Science
Chemistry,81.1,84,82.1,4,2006-2007,Engineering and Applied Science
Civil Engineering,333.1,359,75.5,33,2006-2007,Engineering and Applied Science
Computer Engineering,189,214,74.3,20,2006-2007,Engineering and Applied Science
Computer Science,414.6,473,70,28,2006-2007,Engineering and Applied Science
Computer Science (PT),9.5,18,,,2006-2007,Engineering and Applied Science
Comtemporary Science - undeclared,68,74,85.1,2,2006-2007,Engineering and Applied Science
Electrical Engineering,493.8,555,77.8,46,2006-2007,Engineering and Applied Science
Industrial Engineering,144.5,174,68.4,14,2006-2007,Engineering and Applied Science
Mechanical Engineering,479,549,75.4,38,2006-2007,Engineering and Applied Science
Medical Physics,44.2,49,81.6,2,2006-2007,Engineering and Applied Science
Arts,"1,405.90",1692,71.1,48,2005-2006,Arts
Arts and Contemporary Studies,411.2,453,90.5,7,2005-2006,Arts
Criminal Justice,90.7,98,94.9,1,2005-2006,Arts
Diploma in Arts,132.7,140,94.3,11,2005-2006,Arts
Geographical Analysis,185.2,202,68.8,10,2005-2006,Arts
International Economics,148.8,161,74.5,11,2005-2006,Arts
Justice Studies (PT),44.2,89,13.5,,2005-2006,Arts
Politics and Governance,78.8,84,94,1,2005-2006,Arts
Public Administration (PT),125.5,256,5.9,1,2005-2006,Arts
Social Science - undeclared,98.3,110,96.4,3,2005-2006,Arts
Sociology,90.5,99,98,3,2005-2006,Arts
Business,"6,226.00","7,068",69.8,239,2005-2006,TRSM
Administration and Information Management,0.5,3,,,2005-2006,TRSM
Administration and Information Management (PT),13.9,34,,,2005-2006,TRSM
Business Management,"3,105.40","3,482",86.9,112,2005-2006,TRSM
Business Management (PT),740.5,885,13.8,9,2005-2006,TRSM
Hospitality and Tourism Management,521.8,545,76.3,57,2005-2006,TRSM
Information Technology Management (4-year program),1264.9,1326,80,52,2005-2006,TRSM
Information Technology Management (PT) (4-year program),211.9,395,8.4,2,2005-2006,TRSM
Information Technology Management (2-year program),11.4,11,100,,2005-2006,TRSM
Information Technology Management (PT) (2-year program),9.4,20,5,,2005-2006,TRSM
Retail Management,336.8,345,75.7,7,2005-2006,TRSM
Retail Management (PT),9.5,22,9.1,,2005-2006,TRSM
Communication and Design,"3,676.80","3,795",88.4,93,2005-2006,Communication and Design
Fashion,618,652,77.9,18,2005-2006,Communication and Design
Graphic Communication Management,421,426,85.9,13,2005-2006,Communication and Design
Image Arts,713.8,699,92.3,25,2005-2006,Communication and Design
Interior Design,317.6,339,90.9,11,2005-2006,Communication and Design
Journalism (4-Year Program),517.7,513,90.3,6,2005-2006,Communication and Design
Journalism (2-Year Program),120.3,129,89.9,4,2005-2006,Communication and Design
Radio and Television Arts (4-year Program),551.4,595,91.8,10,2005-2006,Communication and Design
Theatre Acting,88.2,95,91.6,,2005-2006,Communication and Design
Theatre Dance,119.5,129,93.8,3,2005-2006,Communication and Design
Theatre Technical Production,209.4,218,89.9,3,2005-2006,Communication and Design
Community Services,"4,152.00","5,479",52.3,52,2005-2006,Community Services
Child and Youth Care (PT),110.9,207,6.8,,2005-2006,Community Services
Disability Studies (PT),58.3,152,,1,2005-2006,Community Services
Early Child Education,555.9,604,84.8,6,2005-2006,Community Services
Early Child Education (PT),154.3,210,7.6,,2005-2006,Community Services
Food and Nutrition,339.9,368,60.9,12,2005-2006,Community Services
Health Information Management (PT),12.1,42,,,2005-2006,Community Services
Health Services Management (PT),44.4,104,,,2005-2006,Community Services
Midwifery,8.3,10,,,2005-2006,Community Services
Midwifery (PT),56.9,87,21.8,,2005-2006,Community Services
Nursing (4-year Program),619.8,664,63.1,6,2005-2006,Community Services
Nursing (Cent/GB years 3 & 4),275.2,491,85.5,3,2005-2006,Community Services
Critical Care Nursing (PT),1.5,8,,,2005-2006,Community Services
Nursing Post (FT) (2-Year Program),42.6,57,40.4,,2005-2006,Community Services
Nursing Post (PT) (2-year Program),385.5,805,6.1,,2005-2006,Community Services
Nurse Practitioner (FT) (2-year Program),0.8,7,,,2005-2006,Community Services
Nurse Practitioner (PT) (2-year Program),6.4,19,,,2005-2006,Community Services
Occupational and Public Health (4-year Program),229,240,82.1,6,2005-2006,Community Services
Occupational and Public Health (2-year Program),123.6,144,51.4,,2005-2006,Community Services
Social Work,650.2,749,67,6,2005-2006,Community Services
Social Work (PT),98.9,109,40.4,,2005-2006,Community Services
Urban and Regional Planning (4-year program),319.9,348,85.6,12,2005-2006,Community Services
Urban and Regional Planning (2-year program),57.7,54,98.1,,2005-2006,Community Services
Engineering and Applied Science,"3,806.50","4,248",77.9,293,2005-2006,Engineering and Applied Science
Aerospace Engineering,389,425,77.2,35,2005-2006,Engineering and Applied Science
Applied Chemistry and Biology,177.2,197,62.9,15,2005-2006,Engineering and Applied Science
Architectural Science,583,610,90.7,20,2005-2006,Engineering and Applied Science
Biology,99.7,103,98.1,3,2005-2006,Engineering and Applied Science
Chemical Engineering,203.6,255,64.3,22,2005-2006,Engineering and Applied Science
Chemistry,36.6,43,81.4,2,2005-2006,Engineering and Applied Science
Civil Engineering,300.1,328,78.7,30,2005-2006,Engineering and Applied Science
Computer Engineering,203.7,227,79.3,20,2005-2006,Engineering and Applied Science
Computer Science,565.3,631,71.6,34,2005-2006,Engineering and Applied Science
Computer Science (PT),15.1,34,,,2005-2006,Engineering and Applied Science
Comtemporary Science - undeclared,57,66,87.9,1,2005-2006,Engineering and Applied Science
Electrical Engineering,545,612,82.8,59,2005-2006,Engineering and Applied Science
Industrial Engineering,159.7,188,71.3,18,2005-2006,Engineering and Applied Science
Mechanical Engineering,475.1,529,78.8,34,2005-2006,Engineering and Applied Science
Arts,990.3,"1,196",68.9,49,2004-2005,Engineering and Applied Science
Arts and Contemporary Studies,360.9,395,93.7,8,2004-2005,Engineering and Applied Science
Diploma in Arts,130,141,85.1,20,2004-2005,Engineering and Applied Science
Geographical Analysis,193,214,67.8,5,2004-2005,Engineering and Applied Science
International Economics,145.9,151,84.8,14,2004-2005,Engineering and Applied Science
Justice Studies (PT),39.1,78,1.3,,2004-2005,Engineering and Applied Science
Public Administration (PT),121.4,217,27.6,2,2004-2005,Engineering and Applied Science
Business,"5,788.50","6,553",60.7,205,2004-2005,TRSM
Administration and Information Management,0.7,1,100,,2004-2005,TRSM
Administration and Information Management (PT),24.7,51,,,2004-2005,TRSM
Business Management,"2,921.90","3,060",74.8,90,2004-2005,TRSM
Business Management (PT),366.8,694,1.6,4,2004-2005,TRSM
Hospitality and Tourism Management,474.9,520,74.4,60,2004-2005,TRSM
Information Technology Management (4-year program),"1,385.10","1,437",66.9,40,2004-2005,TRSM
Information Technology Management (PT) (4-year program),232.3,385,4.2,3,2004-2005,TRSM
Information Technology Management (2-year program),17,21,42.9,1,2004-2005,TRSM
Information Technology Management (PT) (2-year program),10.4,23,,,2004-2005,TRSM
Retail Management,344,340,89.4,7,2004-2005,TRSM
Retail Management (PT),10.7,21,,,2004-2005,TRSM
Communication and Design,"3,524.50","3,592",90,78,2004-2005,Communication and Design
Fashion,594.7,617,91.7,18,2004-2005,Communication and Design
Graphic Communication Management,392,413,67.3,7,2004-2005,Communication and Design
Image Arts,651.3,666,94.1,24,2004-2005,Communication and Design
Interior Design,294.8,311,89.7,12,2004-2005,Communication and Design
Journalism (4-Year Program),466.9,474,91.1,5,2004-2005,Communication and Design
Journalism (2-Year Program),117.6,123,98.4,,2004-2005,Communication and Design
Radio and Television Arts (4-year Program),539.3,530,97.7,5,2004-2005,Communication and Design
Radio and Television Arts (2-year Program),53.5,34,97.1,,2004-2005,Communication and Design
Theatre Acting,102.5,109,89.9,,2004-2005,Communication and Design
Theatre Dance,122.1,126,96.8,4,2004-2005,Communication and Design
Theatre Technical Production,189.8,189,84.7,3,2004-2005,Communication and Design
Community Services,"4,028.30","4,906",56.3,55,2004-2005,Community Services
Child and Youth Care (PT),110.2,205,0.5,,2004-2005,Community Services
Disability Studies (PT),66.5,145,0.7,2,2004-2005,Community Services
Early Child Education,485.1,485,94.6,6,2004-2005,Community Services
Early Child Education (PT),116,182,3.8,,2004-2005,Community Services
Food and Nutrition,326.5,360,70,14,2004-2005,Community Services
Health Information Management (PT),10.4,35,,,2004-2005,Community Services
Health Services Management (PT),45.8,104,,,2004-2005,Community Services
Midwifery (PT),55.9,81,34.6,,2004-2005,Community Services
Nursing (4-year Program),587.6,634,82.5,7,2004-2005,Community Services
Nursing (Cent/GB years 3 & 4),354,338,86.1,2,2004-2005,Community Services
Critical Care Nursing (PT),1.1,5,,,2004-2005,Community Services
Nursing Post (FT) (2-Year Program),48.3,63,57.1,,2004-2005,Community Services
Nursing Post (PT) (2-year Program),454.3,725,3,,2004-2005,Community Services
Nurse Practitioner (FT) (2-year Program),7.8,6,,,2004-2005,Community Services
Nurse Practitioner (PT) (2-year Program),14.7,11,,,2004-2005,Community Services
Occupational and Public Health (4-year Program),209.2,216,74.5,6,2004-2005,Community Services
Occupational and Public Health (2-year Program),117.5,137,63.5,1,2004-2005,Community Services
Social Work,620.7,704,81.7,4,2004-2005,Community Services
Social Work (PT),56.6,103,,,2004-2005,Community Services
Urban and Regional Planning (4-year program),318.8,347,87.3,13,2004-2005,Community Services
Urban and Regional Planning (2-year program),21.4,20,90,,2004-2005,Community Services
Engineering and Applied Science,"3,804.90","4,105",73,265,2004-2005,Engineering and Applied Science
Aerospace Engineering,404.2,422,81,29,2004-2005,Engineering and Applied Science
Applied Chemistry and Biology,235.7,264,62.5,18,2004-2005,Engineering and Applied Science
Architectural Science,591.2,608,93.6,22,2004-2005,Engineering and Applied Science
Chemical Engineering,198.6,218,74.8,19,2004-2005,Engineering and Applied Science
Civil Engineering,291.5,316,71.2,24,2004-2005,Engineering and Applied Science
Computer Engineering,199.8,224,77.7,22,2004-2005,Engineering and Applied Science
Computer Science,664.7,690,53.9,40,2004-2005,Engineering and Applied Science
Computer Science (PT),18.4,29,13.8,,2004-2005,Engineering and Applied Science
Electrical Engineering,592.8,667,73.8,56,2004-2005,Engineering and Applied Science
Industrial Engineering,154.3,174,70.7,13,2004-2005,Engineering and Applied Science
Mechanical Engineering,454,493,74.4,22,2004-2005,Engineering and Applied Science
Arts,805.3,"1,004",67.6,44,2003-2004,Arts
Geographic Analysis,187.5,207,89.4,2,2003-2004,Arts
Contemporary Studies (NEW),196.5,209,92.8,3,2003-2004,Arts
Diploma in Arts,133.5,142,84.5,21,2003-2004,Arts
International Economics,135.9,148,81.8,18,2003-2004,Arts
Justice Studies (PT),36.5,76,2.6,,2003-2004,Arts
Public Administration (PT),115.4,222,25.7,,2003-2004,Arts
Business,"5,313.50","6,311",63.6,169,2003-2004,TRSM
Administration and Information Management (FT),13,19,42.1,,2003-2004,TRSM
Administration and Information Management (PT),28.4,56,1.8,,2003-2004,TRSM
Business Management (FT),"2,462.60","2,771",77.4,71,2003-2004,TRSM
Business Management (PT),293.7,616,1.6,,2003-2004,TRSM
Hospitality and Tourism Management,421,474,81.9,46,2003-2004,TRSM
Information Technology Management (FT),"1,501.80","1,620",69.6,36,2003-2004,TRSM
Information Technology Management (PT),252.7,400,2.8,2,2003-2004,TRSM
Retail Management,333.7,340,94.4,14,2003-2004,TRSM
Retail Management (PT),6.7,15,6.7,,2003-2004,TRSM
Communication and Design,"3,248.20","3,385",91.2,67,2003-2004,TRSM
Fashion,524.1,552,91.1,13,2003-2004,TRSM
Graphic Communication Management,349.2,379,70.4,10,2003-2004,Graphic Communication Management
Image Arts,619.7,636,93.9,25,2003-2004,Graphic Communication Management
Interior Design,285.2,310,90.3,8,2003-2004,Graphic Communication Management
Journalism (4-Year Program),432.1,453,94.5,3,2003-2004,Graphic Communication Management
Journalism (2-Year Program),114.8,123,100,,2003-2004,Graphic Communication Management
Radio and Television Arts (4-Year Program),437.3,445,99.1,5,2003-2004,Graphic Communication Management
Radio and Television Arts (2-Year Program),83.2,67,100,,2003-2004,Graphic Communication Management
Theatre Acting,112.1,123,91.1,,2003-2004,Graphic Communication Management
Theatre Dance,110.9,121,92.6,2,2003-2004,Graphic Communication Management
Theatre Technical Production,179.9,176,89.2,1,2003-2004,Graphic Communication Management
Community Services,"3,436.30","4,332",55.2,46,2003-2004,Community Services
Child and Youth Care (PT),99.6,183,1.6,,2003-2004,Community Services
Critical Care Nursing (PT),0.6,4,,,2003-2004,Community Services
Disability Studies (PT),51.5,125,,2,2003-2004,Community Services
Early Child Education (FT),433.1,447,89.7,4,2003-2004,Community Services
Early Child Education (PT),92.5,159,2.5,,2003-2004,Community Services
Food and Nutrition,294.7,337,79.8,12,2003-2004,Community Services
Health Information Management (PT),5.7,24,,,2003-2004,Community Services
Health Services Management (PT),38.7,91,1.1,,2003-2004,Community Services
Midwifery (PT),64.1,77,36.4,,2003-2004,Community Services
Nursing (4-Year Program),526,582,80.8,4,2003-2004,Community Services
Nursing (Cent/GB years 3 & 4),144,143,93,1,2003-2004,Community Services
Nursing Post (FT) (2-Year Program),62.3,62,56.5,,2003-2004,Community Services
Nursing Post (PT) (2-Year Program),412.6,717,0.4,,2003-2004,Community Services
Nurse Practitioner (FT) (2-Year Program),8.7,12,16.7,,2003-2004,Community Services
Nurse Practitioner (PT) (2-Year Program),9.4,15,,,2003-2004,Community Services
Occupational and Public Health (4-Year Program),166.9,182,72,8,2003-2004,Community Services
Occupational and Public Health (2-Year Program),107.9,124,61.3,2,2003-2004,Community Services
Social Work (FT),584.1,646,83.3,4,2003-2004,Community Services
Social Work (PT),45.4,83,2.4,,2003-2004,Community Services
Urban and Regional Planning,288.6,319,92.8,9,2003-2004,Community Services
Engineering and Applied Science,"3,743.40","4,136",72.2,222,2003-2004,Engineering and Applied Science
Aerospace Engineering,401,432,79.4,20,2003-2004,Engineering and Applied Science
Applied Chemistry and Biology,208.9,252,66.7,14,2003-2004,Engineering and Applied Science
Computer Science (FT),792.8,822,50.6,40,2003-2004,Engineering and Applied Science
Computer Science (PT),16.8,30,10,,2003-2004,Engineering and Applied Science
Architectural Science,595.9,612,91.8,22,2003-2004,Engineering and Applied Science
Chemical Engineering,166.6,195,77.9,16,2003-2004,Engineering and Applied Science
Civil Engineering,253.8,287,76.3,28,2003-2004,Engineering and Applied Science
Computer Engineering,150.6,172,87.2,13,2003-2004,Engineering and Applied Science
Electrical Engineering,614.6,699,80.4,46,2003-2004,Engineering and Applied Science
Industrial Engineering,143.1,171,61.4,10,2003-2004,Engineering and Applied Science
Mechanical Engineering,399.3,464,66.4,13,2003-2004,Engineering and Applied Science
Arts,533.2,715,61.7,29,2002-2003,Arts
Geographic Analysis,171,190,87.9,1,2002-2003,Arts
Diploma in Arts,138.7,142,91.5,16,2002-2003,Arts
International Economics,97.4,112,84.8,12,2002-2003,Arts
Justice Studies (PT),36.4,63,14.3,,2002-2003,Arts
Public Administration (PT),89.8,208,19.2,,2002-2003,Arts
Business,"4,765.60","5,650",64,122,2002-2003,TRSM
Administration and Information Management (FT),80.8,102,72.5,1,2002-2003,TRSM
Administration and Information Management (PT),42.7,71,,,2002-2003,TRSM
Business Management (FT),"2,076.30","2,355",74.7,44,2002-2003,TRSM
Business Management (PT),213.4,494,1.8,1,2002-2003,TRSM
Hospitality and Tourism Management,378.8,449,75.7,40,2002-2003,TRSM
Information Technology Management (FT),"1,409.40","1,472",73.9,20,2002-2003,TRSM
Information Technology Management (PT),243.7,369,12.5,2,2002-2003,TRSM
Retail Management,316.8,330,90.3,14,2002-2003,TRSM
Retail Management (PT),4,8,,,2002-2003,TRSM
Communication and Design,"2,975.20","3,165",89.2,67,2002-2003,Communication and Design
Fashion,476.3,498,88.2,10,2002-2003,Communication and Design
Graphic Communication Management,320,348,70.7,9,2002-2003,Communication and Design
Image Arts,566.5,586,93.9,22,2002-2003,Communication and Design
Interior Design,262.5,285,85.6,10,2002-2003,Communication and Design
Journalism (4-Year Program),395.5,454,94.1,5,2002-2003,Communication and Design
Journalism (2-Year Program),107.4,122,80.4,2,2002-2003,Communication and Design
Radio and Television Arts (4-Year Program),384.2,401,88.3,4,2002-2003,Communication and Design
Radio and Television Arts (2-Year Program),75,60,98.3,1,2002-2003,Communication and Design
Theatre Acting,110,120,90.8,,2002-2003,Communication and Design
Theatre Dance,113.6,123,90.2,2,2002-2003,Communication and Design
Theatre Technical Production,164.4,168,75,2,2002-2003,Communication and Design
Community Services,"2,709.90","3,550",54.9,41,2002-2003,Community Services
Child and Youth Care (PT),88,149,2.7,,2002-2003,Community Services
Disability Studies (PT),45.6,105,,1,2002-2003,Community Services
Early Child Education (FT),380.2,373,91.7,3,2002-2003,Community Services
Early Child Education (PT),68,129,1.6,,2002-2003,Community Services
Food and Nutrition,282.8,322,72.4,12,2002-2003,Community Services
Health Services Management (PT),41,103,,,2002-2003,Community Services
Nursing (4-Year Program),473.6,519,82.3,3,2002-2003,Community Services
Nursing Post (FT) (2-Year Program),81,90,63.3,,2002-2003,Community Services
Nursing Post (PT) (2-Year Program),235,586,1,,2002-2003,Community Services
Occupational and Public Health (4-Year Program),141.4,158,69.6,8,2002-2003,Community Services
Occupational and Public Health (2-Year Program),88.6,104,45.2,1,2002-2003,Community Services
Social Work (FT),505.8,569,85.1,3,2002-2003,Community Services
Social Work (PT),39,71,1.4,,2002-2003,Community Services
Urban and Regional Planning,239.9,272,86.8,10,2002-2003,Community Services
Engineering and Applied Science,"3,501.20","3,891",72.1,179,2002-2003,Engineering and Applied Science
Aerospace Engineering,365.7,393,77.4,15,2002-2003,Engineering and Applied Science
Applied Chemistry and Biology,182.6,216,76.9,11,2002-2003,Engineering and Applied Science
Applied Computer Science (FT),783.5,837,55.7,33,2002-2003,Engineering and Applied Science
Applied Computer Science (PT),13.5,27,11.1,,2002-2003,Engineering and Applied Science
Architectural Science,551,583,89.9,29,2002-2003,Engineering and Applied Science
Chemical Engineering,148.2,173,64.7,15,2002-2003,Engineering and Applied Science
Civil Engineering,214.2,242,65.3,18,2002-2003,Engineering and Applied Science
Computer Engineering,85.9,102,89.2,8,2002-2003,Engineering and Applied Science
Electrical Engineering,677.2,744,81.7,33,2002-2003,Engineering and Applied Science
Industrial Engineering,126.6,164,59.8,11,2002-2003,Engineering and Applied Science
Mechanical Engineering,352.8,410,67.3,6,2002-2003,Engineering and Applied Science
Arts,516.9,694,60.1,28,2001-2002,Arts
Applied Geography,191.3,207,83.1,2,2001-2002,Arts
Diploma in Arts,126.5,134,83.6,21,2001-2002,Arts
International Economics,70.9,84,76.2,5,2001-2002,Arts
Justice Studies (PT),30,61,6.6,,2001-2002,Arts
Public Administration (PT),98.3,208,31.3,,2001-2002,Arts
Business,"4,363.60","5,145",64.7,101,2001-2002,TRSM
Administration and Information Management (FT),249.2,291,53.6,1,2001-2002,TRSM
Administration and Information Management (PT),59.4,107,1.9,,2001-2002,TRSM
Business Management (FT),"1,942.60","2,215",74.3,36,2001-2002,TRSM
Business Management (PT),189.3,426,1.9,,2001-2002,TRSM
Hospitality and Tourism Management,393,444,83.1,34,2001-2002,TRSM
Information Technology Management (FT),"1,071.20","1,080",76.8,16,2001-2002,TRSM
Information Technology Management (PT),183.8,290,15.9,2,2001-2002,TRSM
Retail Management,274.8,292,93.2,12,2001-2002,TRSM
Communication and Design,"2,870.40","3,019",90.2,60,2001-2002,Communication and Design
Fashion,475.8,501,82.8,9,2001-2002,Communication and Design
Graphic Communication Management,300.6,318,82.4,7,2001-2002,Communication and Design
Image Arts,511.4,540,93.1,17,2001-2002,Communication and Design
Interior Design,250.5,273,91.9,13,2001-2002,Communication and Design
Journalism (4-Year Program),418.6,448,92,6,2001-2002,Communication and Design
Journalism (2-Year Program),108.4,117,99.1,2,2001-2002,Communication and Design
Radio and Television Arts (4-Year Program),387.2,399,97,3,2001-2002,Communication and Design
Radio and Television Arts (2-Year Program),76.8,61,98.4,1,2001-2002,Communication and Design
Theatre Acting,87.9,98,83.7,1,2001-2002,Communication and Design
Theatre Dance,82,89,89.9,,2001-2002,Communication and Design
Theatre Technical Production,171.2,175,88,1,2001-2002,Communication and Design
Community Services,"2,505.50","3,292",54.4,25,2001-2002,Community Services
Child and Youth Care (PT),72.6,122,6.6,,2001-2002,Community Services
Disability Studies (PT),32.9,117,1.7,,2001-2002,Community Services
Early Child Education (FT),358.2,365,92.6,1,2001-2002,Community Services
Early Child Education (PT),55.2,92,0,,2001-2002,Community Services
Food and Nutrition,272.7,313,68.4,7,2001-2002,Community Services
Health Services Management (PT),33.9,84,1.2,,2001-2002,Community Services
Nursing (4-Year Program),450,484,71.1,2,2001-2002,Community Services
Nursing Post (FT) (2-Year Program),99.8,111,61.3,,2001-2002,Community Services
Nursing Post (PT) (2-Year Program),164.2,503,1.6,,2001-2002,Community Services
Occupational and Public Health (4-Year Program),69.2,81,38.3,1,2001-2002,Community Services
Occupational and Public Health (2-Year Program),145.1,164,70.7,6,2001-2002,Community Services
Social Work (FT),508.9,557,83.5,2,2001-2002,Community Services
Social Work (PT),42.9,75,5.3,,2001-2002,Community Services
Urban and Regional Planning,199.9,224,85.7,6,2001-2002,Community Services
Engineering and Applied Science,"3,344.90","3,727",72.2,149,2001-2002,Engineering and Applied Science
Aerospace Engineering,344.4,374,74.3,19,2001-2002,Engineering and Applied Science
Applied Chemistry and Biology,170.5,199,74.9,5,2001-2002,Engineering and Applied Science
Applied Computer Science (FT),726.7,773,56.4,21,2001-2002,Engineering and Applied Science
Applied Computer Science (PT),10.3,21,0,,2001-2002,Engineering and Applied Science
Architectural Science,544.3,574,89.7,29,2001-2002,Engineering and Applied Science
Chemical Engineering,148.6,173,76.3,13,2001-2002,Engineering and Applied Science
Civil Engineering,196.5,224,70.5,14,2001-2002,Engineering and Applied Science
Electrical Engineering,705.7,789,77.6,32,2001-2002,Engineering and Applied Science
Industrial Engineering,144.2,175,68,6,2001-2002,Engineering and Applied Science
Mechanical Engineering,353.8,425,68.7,10,2001-2002,Engineering and Applied Science
Arts,444.4,585,63.4,12,2000-2001,Arts
Applied Geography,193.4,209,89.5,2,2000-2001,Arts
Diploma in Arts,122.1,128,89.8,9,2000-2001,Arts
International Economics,35.3,37,70.3,1,2000-2001,Arts
Justice Studies (PT),28,53,7.5,,2000-2001,Arts
Public Administration (PT),65.5,158,24.7,,2000-2001,Arts
Business,"4,048.30","4,926",62.8,76,2000-2001,TRSM
Administration and Information Management (FT),439.8,501,82.6,5,2000-2001,TRSM
Administration and Information Management (PT),87.1,152,5.3,,2000-2001,TRSM
Business Management (FT),"1,939.00","2,226",74.2,34,2000-2001,TRSM
Business Management (PT),189.2,436,1.6,,2000-2001,TRSM
Hospitality and Tourism Management,371.6,449,65.7,21,2000-2001,TRSM
Information Technology Management (FT),696.4,718,67.4,13,2000-2001,TRSM
Information Technology Management (PT),105.6,213,11.3,1,2000-2001,TRSM
Retail Management,219.5,231,91.8,2,2000-2001,TRSM
Communication and Design,"2,833.20","2,940",90.1,44,2000-2001,Communication and Design
Fashion,466.9,483,87,7,2000-2001,Communication and Design
Graphic Communication Management,293.2,303,82.5,5,2000-2001,Communication and Design
Image Arts,513.2,541,90.4,8,2000-2001,Communication and Design
Interior Design,236.6,263,82.1,11,2000-2001,Communication and Design
Journalism (4-Year Program),403.7,427,92.5,5,2000-2001,Communication and Design
Journalism (2-Year Program),105.4,113,99.1,,2000-2001,Communication and Design
Radio and Television Arts (4-Year Program),398,403,95.8,4,2000-2001,Communication and Design
Radio and Television Arts (2-Year Program),78.1,62,98.4,1,2000-2001,Communication and Design
Theatre Acting,88.3,94,90.4,2,2000-2001,Communication and Design
Theatre Dance,82.1,82,97.6,,2000-2001,Communication and Design
Theatre Technical Production,167.7,169,91.7,1,2000-2001,Communication and Design
Community Services,"2,452.10","3,197",57.8,21,2000-2001,Community Services
Child and Youth Care (PT),49.7,100,7,,2000-2001,Community Services
Disability Studies (PT),20.4,85,2.4,,2000-2001,Community Services
Early Child Education (FT),357.2,363,92,,2000-2001,Community Services
Early Child Education (PT),48.5,88,0,,2000-2001,Community Services
Food and Nutrition,283,320,73.4,9,2000-2001,Community Services
Health Services Management (PT),38.3,99,0,,2000-2001,Community Services
Nursing (4-Year Program),417.7,460,77.4,1,2000-2001,Community Services
Nursing Post (FT) (2-Year Program),127.9,142,70.4,1,2000-2001,Community Services
Nursing Post (PT) (2-Year Program),154,465,0.9,,2000-2001,Community Services
Occupational and Public Health (4-Year Program),150.9,165,75.2,5,2000-2001,Community Services
Occupational and Public Health (2-Year Program),56.7,65,63.1,,2000-2001,Community Services
Social Work (FT),494.8,530,85.7,2,2000-2001,Community Services
Social Work (PT),62.9,104,3.8,,2000-2001,Community Services
Urban and Regional Planning,190,211,89.1,3,2000-2001,Community Services
Engineering and Applied Science,"3,209.00","3,563",72.3,117,2000-2001,Engineering and Applied Science
Aerospace Engineering,328.3,353,75.1,18,2000-2001,Engineering and Applied Science
Applied Chemistry and Biology,166.4,187,73.3,4,2000-2001,Engineering and Applied Science
Applied Computer Science (FT),684.7,714,67.1,13,2000-2001,Engineering and Applied Science
Applied Computer Science (PT),5.5,15,0,,2000-2001,Engineering and Applied Science
Architectural Science,532.9,560,90.2,23,2000-2001,Engineering and Applied Science
Chemical Engineering,143.2,176,60.8,8,2000-2001,Engineering and Applied Science
Civil Engineering,209.8,253,63.6,16,2000-2001,Engineering and Applied Science
Electrical Engineering,634.7,687,79,22,2000-2001,Engineering and Applied Science
Industrial Engineering,138.4,181,62.4,5,2000-2001,Engineering and Applied Science
Mechanical Engineering,364.9,437,61.1,8,2000-2001,Engineering and Applied Science